,agent,task,seed,frame,episode_reward,hour
0,DrQ-v2,finger_turn_hard,1,0,0.0,1.7476081848144445e-06
1,DrQ-v2,finger_turn_hard,1,20000,0.0,0.048136324352688255
2,DrQ-v2,finger_turn_hard,1,40000,100.5,0.10273006717363993
3,DrQ-v2,finger_turn_hard,1,60000,0.0,0.15850567943520016
4,DrQ-v2,finger_turn_hard,1,80000,100.0,0.21090771238009134
5,DrQ-v2,finger_turn_hard,1,100000,97.7,0.2661735749906964
6,DrQ-v2,finger_turn_hard,1,120000,198.1,0.3213602931631936
7,DrQ-v2,finger_turn_hard,1,140000,100.0,0.37628254996405713
8,DrQ-v2,finger_turn_hard,1,160000,0.0,0.43167046897941164
9,DrQ-v2,finger_turn_hard,1,180000,0.3,0.48566571056842806
10,DrQ-v2,finger_turn_hard,1,200000,100.4,0.5408571497599285
11,DrQ-v2,finger_turn_hard,1,220000,94.5,0.5959802896446652
12,DrQ-v2,finger_turn_hard,1,240000,100.3,0.6492370781633588
13,DrQ-v2,finger_turn_hard,1,260000,0.7,0.7052250040239758
14,DrQ-v2,finger_turn_hard,1,280000,199.0,0.7594857435093986
15,DrQ-v2,finger_turn_hard,1,300000,296.7,0.8130125367641449
16,DrQ-v2,finger_turn_hard,1,320000,100.2,0.8691508799791337
17,DrQ-v2,finger_turn_hard,1,340000,98.9,0.9229451160298453
18,DrQ-v2,finger_turn_hard,1,360000,0.0,0.9776288515329361
19,DrQ-v2,finger_turn_hard,1,380000,0.0,1.0330237362119887
20,DrQ-v2,finger_turn_hard,1,400000,100.2,1.0870538246631622
21,DrQ-v2,finger_turn_hard,1,420000,0.0,1.142062429388364
22,DrQ-v2,finger_turn_hard,1,440000,100.0,1.196547299557262
23,DrQ-v2,finger_turn_hard,1,460000,290.3,1.2510715971390407
24,DrQ-v2,finger_turn_hard,1,480000,100.0,1.306962443060345
25,DrQ-v2,finger_turn_hard,1,500000,193.0,1.3613524058792326
26,DrQ-v2,finger_turn_hard,1,520000,2.1,1.416992058356603
27,DrQ-v2,finger_turn_hard,1,540000,100.2,1.4712623479631213
28,DrQ-v2,finger_turn_hard,1,560000,1.9,1.5245633023977279
29,DrQ-v2,finger_turn_hard,1,580000,106.2,1.5810726484987472
30,DrQ-v2,finger_turn_hard,1,600000,96.3,1.6354611263010237
31,DrQ-v2,finger_turn_hard,1,620000,0.0,1.6900399848487642
32,DrQ-v2,finger_turn_hard,1,640000,0.0,1.7457344496912426
33,DrQ-v2,finger_turn_hard,1,660000,192.9,1.7992324559556114
34,DrQ-v2,finger_turn_hard,1,680000,96.0,1.8541637924644683
35,DrQ-v2,finger_turn_hard,1,700000,201.9,1.9089907750818464
36,DrQ-v2,finger_turn_hard,1,720000,194.4,1.9625442911518944
37,DrQ-v2,finger_turn_hard,1,740000,104.3,2.0181253914038337
38,DrQ-v2,finger_turn_hard,1,760000,191.0,2.0719205761618085
39,DrQ-v2,finger_turn_hard,1,780000,92.9,2.1280069651206333
40,DrQ-v2,finger_turn_hard,1,800000,179.4,2.182669161823061
41,DrQ-v2,finger_turn_hard,1,820000,403.0,2.2381387810574633
42,DrQ-v2,finger_turn_hard,1,840000,200.0,2.2930441662338046
43,DrQ-v2,finger_turn_hard,1,860000,93.2,2.347901450859176
44,DrQ-v2,finger_turn_hard,1,880000,99.7,2.4033321538236407
45,DrQ-v2,finger_turn_hard,1,900000,312.0,2.456934346821573
46,DrQ-v2,finger_turn_hard,1,920000,66.8,2.51195084379779
47,DrQ-v2,finger_turn_hard,1,940000,99.2,2.5669511367877322
48,DrQ-v2,finger_turn_hard,1,960000,186.9,2.6204054166873303
49,DrQ-v2,finger_turn_hard,1,980000,292.8,2.676291778617435
50,DrQ-v2,finger_turn_hard,1,1000000,295.9,2.729980832338333
51,DrQ-v2,finger_turn_hard,1,1020000,0.0,2.784431430631214
52,DrQ-v2,finger_turn_hard,1,1040000,111.6,2.8394152710172866
53,DrQ-v2,finger_turn_hard,1,1060000,96.5,2.893360911276605
54,DrQ-v2,finger_turn_hard,1,1080000,311.7,2.9473327937391063
55,DrQ-v2,finger_turn_hard,1,1100000,295.5,3.002757691939672
56,DrQ-v2,finger_turn_hard,1,1120000,97.4,3.0561921038892534
57,DrQ-v2,finger_turn_hard,1,1140000,100.0,3.112911332713233
58,DrQ-v2,finger_turn_hard,1,1160000,81.6,3.166628477242258
59,DrQ-v2,finger_turn_hard,1,1180000,298.9,3.2197041432725055
60,DrQ-v2,finger_turn_hard,1,1200000,289.4,3.272264152897729
61,DrQ-v2,finger_turn_hard,1,1220000,497.5,3.3252246346738596
62,DrQ-v2,finger_turn_hard,1,1240000,295.2,3.3770188279946645
63,DrQ-v2,finger_turn_hard,1,1260000,329.3,3.428487564192878
64,DrQ-v2,finger_turn_hard,1,1280000,248.4,3.479836501545376
65,DrQ-v2,finger_turn_hard,1,1300000,101.2,3.5307683153947194
66,DrQ-v2,finger_turn_hard,1,1320000,144.3,3.582943288816346
67,DrQ-v2,finger_turn_hard,1,1340000,286.4,3.6395551084147555
68,DrQ-v2,finger_turn_hard,1,1360000,275.8,3.695839542812771
69,DrQ-v2,finger_turn_hard,1,1380000,392.6,3.751878419518471
70,DrQ-v2,finger_turn_hard,1,1400000,264.7,3.80760528796249
71,DrQ-v2,finger_turn_hard,1,1420000,478.3,3.863519221213129
72,DrQ-v2,finger_turn_hard,1,1440000,451.4,3.9204418959882523
73,DrQ-v2,finger_turn_hard,1,1460000,647.8,3.976165780756209
74,DrQ-v2,finger_turn_hard,1,1480000,581.8,4.032391210065947
75,DrQ-v2,finger_turn_hard,1,1500000,448.3,4.088787559469541
76,DrQ-v2,finger_turn_hard,1,1520000,477.3,4.145335075590346
77,DrQ-v2,finger_turn_hard,1,1540000,647.7,4.20216251677937
78,DrQ-v2,finger_turn_hard,1,1560000,669.3,4.258572531541189
79,DrQ-v2,finger_turn_hard,1,1580000,458.8,4.314437129431301
80,DrQ-v2,finger_turn_hard,1,1600000,554.8,4.371233477989832
81,DrQ-v2,finger_turn_hard,1,1620000,410.3,4.427174621423085
82,DrQ-v2,finger_turn_hard,1,1640000,470.2,4.48286332640383
83,DrQ-v2,finger_turn_hard,1,1660000,645.5,4.538583754499753
84,DrQ-v2,finger_turn_hard,1,1680000,411.4,4.595274292230606
85,DrQ-v2,finger_turn_hard,1,1700000,639.7,4.651329871614774
86,DrQ-v2,finger_turn_hard,1,1720000,559.2,4.706992980771594
87,DrQ-v2,finger_turn_hard,1,1740000,744.5,4.763360908693738
88,DrQ-v2,finger_turn_hard,1,1760000,285.4,4.820010575917032
89,DrQ-v2,finger_turn_hard,1,1780000,463.7,4.876254361404313
90,DrQ-v2,finger_turn_hard,1,1800000,649.7,4.932535448736615
91,DrQ-v2,finger_turn_hard,1,1820000,824.5,4.988694631126192
92,DrQ-v2,finger_turn_hard,1,1840000,629.4,5.045017882320616
93,DrQ-v2,finger_turn_hard,1,1860000,701.5,5.100826356079844
94,DrQ-v2,finger_turn_hard,1,1880000,643.6,5.157243551678127
95,DrQ-v2,finger_turn_hard,1,1900000,900.7,5.213247655100292
96,DrQ-v2,finger_turn_hard,1,1920000,914.1,5.269502045181063
97,DrQ-v2,finger_turn_hard,1,1940000,823.3,5.3256840229034434
98,DrQ-v2,finger_turn_hard,1,1960000,941.6,5.381329615381029
99,DrQ-v2,finger_turn_hard,1,1980000,666.6,5.437870155639119
100,DrQ-v2,finger_turn_hard,1,2000000,741.0,5.493886247277259
101,DrQ-v2,finger_turn_hard,1,2020000,845.0,5.550473663409551
102,DrQ-v2,finger_turn_hard,1,2040000,779.3,5.606972185571989
103,DrQ-v2,finger_turn_hard,1,2060000,874.8,5.663543412221802
104,DrQ-v2,finger_turn_hard,1,2080000,735.0,5.719166330297789
105,DrQ-v2,finger_turn_hard,1,2100000,864.9,5.7756142885817425
106,DrQ-v2,finger_turn_hard,1,2120000,723.9,5.832356586721208
107,DrQ-v2,finger_turn_hard,1,2140000,836.6,5.88859260280927
108,DrQ-v2,finger_turn_hard,1,2160000,955.3,5.9450101745790915
109,DrQ-v2,finger_turn_hard,1,2180000,960.5,6.001052345898416
110,DrQ-v2,finger_turn_hard,1,2200000,656.3,6.0567001493109585
111,DrQ-v2,finger_turn_hard,1,2220000,863.0,6.112693639861213
112,DrQ-v2,finger_turn_hard,1,2240000,955.7,6.169131552113427
113,DrQ-v2,finger_turn_hard,1,2260000,965.0,6.225706009070079
114,DrQ-v2,finger_turn_hard,1,2280000,841.3,6.281778691146108
115,DrQ-v2,finger_turn_hard,1,2300000,865.8,6.338326149185499
116,DrQ-v2,finger_turn_hard,1,2320000,830.9,6.394941029813555
117,DrQ-v2,finger_turn_hard,1,2340000,756.6,6.451257822977172
118,DrQ-v2,finger_turn_hard,1,2360000,943.7,6.507176047232416
119,DrQ-v2,finger_turn_hard,1,2380000,859.0,6.563748201727867
120,DrQ-v2,finger_turn_hard,1,2400000,852.8,6.6202610889408335
121,DrQ-v2,finger_turn_hard,1,2420000,896.2,6.6763526802592805
122,DrQ-v2,finger_turn_hard,1,2440000,813.2,6.732779215772947
123,DrQ-v2,finger_turn_hard,1,2460000,947.9,6.789225695331892
124,DrQ-v2,finger_turn_hard,1,2480000,835.1,6.845140506691403
125,DrQ-v2,finger_turn_hard,1,2500000,812.8,6.901833106809192
126,DrQ-v2,finger_turn_hard,1,2520000,949.3,6.957656717830234
127,DrQ-v2,finger_turn_hard,1,2540000,830.8,7.014004669454363
128,DrQ-v2,finger_turn_hard,1,2560000,835.5,7.070189399653011
129,DrQ-v2,finger_turn_hard,1,2580000,846.0,7.12684161497487
130,DrQ-v2,finger_turn_hard,1,2600000,935.7,7.182748176323043
131,DrQ-v2,finger_turn_hard,1,2620000,855.7,7.238176184826427
132,DrQ-v2,finger_turn_hard,1,2640000,923.8,7.294900066985024
133,DrQ-v2,finger_turn_hard,1,2660000,954.9,7.350027123822106
134,DrQ-v2,finger_turn_hard,1,2680000,811.2,7.4058972773949305
135,DrQ-v2,finger_turn_hard,1,2700000,903.4,7.46182269818253
136,DrQ-v2,finger_turn_hard,1,2720000,957.0,7.518301335242058
137,DrQ-v2,finger_turn_hard,1,2740000,871.3,7.574471363955073
138,DrQ-v2,finger_turn_hard,1,2760000,973.5,7.63067168103324
139,DrQ-v2,finger_turn_hard,1,2780000,853.1,7.686692436138789
140,DrQ-v2,finger_turn_hard,1,2800000,845.8,7.743132705489795
141,DrQ-v2,finger_turn_hard,1,2820000,943.7,7.798716878096263
142,DrQ-v2,finger_turn_hard,1,2840000,871.3,7.854719135827489
143,DrQ-v2,finger_turn_hard,1,2860000,947.7,7.91122967766391
144,DrQ-v2,finger_turn_hard,1,2880000,972.7,7.96755160841677
145,DrQ-v2,finger_turn_hard,1,2900000,861.7,8.023568825390603
146,DrQ-v2,finger_turn_hard,1,2920000,968.9,8.079247074657017
147,DrQ-v2,finger_turn_hard,1,2940000,970.4,8.135692645112673
148,DrQ-v2,finger_turn_hard,1,2960000,974.6,8.192090848154493
149,DrQ-v2,finger_turn_hard,1,2980000,958.9,8.248158671988381
0,DrQ-v2,finger_turn_hard,2,0,0.0,1.509189605712889e-06
1,DrQ-v2,finger_turn_hard,2,20000,0.0,0.045701852838198345
2,DrQ-v2,finger_turn_hard,2,40000,0.0,0.09752399120065901
3,DrQ-v2,finger_turn_hard,2,60000,92.0,0.15006494263807932
4,DrQ-v2,finger_turn_hard,2,80000,0.5,0.20241930895381505
5,DrQ-v2,finger_turn_hard,2,100000,100.0,0.2547025818294949
6,DrQ-v2,finger_turn_hard,2,120000,0.0,0.3067801583475537
7,DrQ-v2,finger_turn_hard,2,140000,0.0,0.3593655542532603
8,DrQ-v2,finger_turn_hard,2,160000,100.4,0.4120700995789634
9,DrQ-v2,finger_turn_hard,2,180000,99.0,0.4646572238869137
10,DrQ-v2,finger_turn_hard,2,200000,0.0,0.5177173545625475
11,DrQ-v2,finger_turn_hard,2,220000,100.0,0.5694714823696349
12,DrQ-v2,finger_turn_hard,2,240000,98.9,0.6214072807629903
13,DrQ-v2,finger_turn_hard,2,260000,0.0,0.6735744410090976
14,DrQ-v2,finger_turn_hard,2,280000,196.3,0.7256526936425103
15,DrQ-v2,finger_turn_hard,2,300000,0.0,0.7780348201592763
16,DrQ-v2,finger_turn_hard,2,320000,0.9,0.8301448139217166
17,DrQ-v2,finger_turn_hard,2,340000,289.3,0.882327848871549
18,DrQ-v2,finger_turn_hard,2,360000,100.0,0.935136406885253
19,DrQ-v2,finger_turn_hard,2,380000,6.8,0.9870698141389423
20,DrQ-v2,finger_turn_hard,2,400000,197.5,1.0390983633862603
21,DrQ-v2,finger_turn_hard,2,420000,198.1,1.0912069959110684
22,DrQ-v2,finger_turn_hard,2,440000,1.2,1.1435847126113043
23,DrQ-v2,finger_turn_hard,2,460000,100.0,1.1954204473892849
24,DrQ-v2,finger_turn_hard,2,480000,200.0,1.2469658056232664
25,DrQ-v2,finger_turn_hard,2,500000,0.0,1.2984918045335345
26,DrQ-v2,finger_turn_hard,2,520000,100.1,1.3498739967081281
27,DrQ-v2,finger_turn_hard,2,540000,0.9,1.4011199486255645
28,DrQ-v2,finger_turn_hard,2,560000,100.0,1.4519825149244732
29,DrQ-v2,finger_turn_hard,2,580000,0.0,1.5034106616841423
30,DrQ-v2,finger_turn_hard,2,600000,100.0,1.5548295364114972
31,DrQ-v2,finger_turn_hard,2,620000,100.0,1.6064890574084387
32,DrQ-v2,finger_turn_hard,2,640000,100.0,1.6585495063993665
33,DrQ-v2,finger_turn_hard,2,660000,100.0,1.710741472641627
34,DrQ-v2,finger_turn_hard,2,680000,300.0,1.7637534104453192
35,DrQ-v2,finger_turn_hard,2,700000,99.7,1.8162114097012414
36,DrQ-v2,finger_turn_hard,2,720000,193.9,1.8698289456632402
37,DrQ-v2,finger_turn_hard,2,740000,0.0,1.9228646906879212
38,DrQ-v2,finger_turn_hard,2,760000,94.7,1.9750628907150691
39,DrQ-v2,finger_turn_hard,2,780000,195.5,2.0277060861719978
40,DrQ-v2,finger_turn_hard,2,800000,299.8,2.0793965315818785
41,DrQ-v2,finger_turn_hard,2,820000,358.4,2.1321991021765605
42,DrQ-v2,finger_turn_hard,2,840000,297.5,2.1851359941562016
43,DrQ-v2,finger_turn_hard,2,860000,93.9,2.2378395030233595
44,DrQ-v2,finger_turn_hard,2,880000,200.4,2.290861760046747
45,DrQ-v2,finger_turn_hard,2,900000,189.3,2.3437024801307254
46,DrQ-v2,finger_turn_hard,2,920000,114.8,2.39572281188435
47,DrQ-v2,finger_turn_hard,2,940000,275.4,2.447774940133095
48,DrQ-v2,finger_turn_hard,2,960000,100.0,2.4998913526535036
49,DrQ-v2,finger_turn_hard,2,980000,187.9,2.55227863477336
50,DrQ-v2,finger_turn_hard,2,1000000,200.9,2.605394487248527
51,DrQ-v2,finger_turn_hard,2,1020000,101.4,2.657536720832189
52,DrQ-v2,finger_turn_hard,2,1040000,159.6,2.7107521079646215
53,DrQ-v2,finger_turn_hard,2,1060000,383.2,2.7631497960620455
54,DrQ-v2,finger_turn_hard,2,1080000,200.0,2.81523784187105
55,DrQ-v2,finger_turn_hard,2,1100000,193.6,2.8683169417911105
56,DrQ-v2,finger_turn_hard,2,1120000,185.4,2.9209338567654286
57,DrQ-v2,finger_turn_hard,2,1140000,297.9,2.9727399174372353
58,DrQ-v2,finger_turn_hard,2,1160000,2.5,3.024756349126498
59,DrQ-v2,finger_turn_hard,2,1180000,384.7,3.07816715810034
60,DrQ-v2,finger_turn_hard,2,1200000,100.1,3.1305186498165134
61,DrQ-v2,finger_turn_hard,2,1220000,165.1,3.1829246631595822
62,DrQ-v2,finger_turn_hard,2,1240000,0.2,3.234859326614274
63,DrQ-v2,finger_turn_hard,2,1260000,101.3,3.286559460759163
64,DrQ-v2,finger_turn_hard,2,1280000,500.9,3.3389085086849
65,DrQ-v2,finger_turn_hard,2,1300000,191.6,3.392490231527222
66,DrQ-v2,finger_turn_hard,2,1320000,195.7,3.4441714751058154
67,DrQ-v2,finger_turn_hard,2,1340000,98.8,3.4969360943635306
68,DrQ-v2,finger_turn_hard,2,1360000,395.3,3.5484907373454835
69,DrQ-v2,finger_turn_hard,2,1380000,279.4,3.599135646290249
70,DrQ-v2,finger_turn_hard,2,1400000,201.2,3.6508375546005034
71,DrQ-v2,finger_turn_hard,2,1420000,300.1,3.7016530750857455
72,DrQ-v2,finger_turn_hard,2,1440000,263.8,3.7527632862329483
73,DrQ-v2,finger_turn_hard,2,1460000,183.7,3.80430821551217
74,DrQ-v2,finger_turn_hard,2,1480000,393.1,3.8575267821550363
75,DrQ-v2,finger_turn_hard,2,1500000,188.9,3.911041936410798
76,DrQ-v2,finger_turn_hard,2,1520000,0.0,3.9643746825059254
77,DrQ-v2,finger_turn_hard,2,1540000,100.0,4.017028092344603
78,DrQ-v2,finger_turn_hard,2,1560000,238.5,4.069754431843758
79,DrQ-v2,finger_turn_hard,2,1580000,98.9,4.123457681470447
80,DrQ-v2,finger_turn_hard,2,1600000,391.9,4.1769510330094235
81,DrQ-v2,finger_turn_hard,2,1620000,414.4,4.2307729753520755
82,DrQ-v2,finger_turn_hard,2,1640000,325.2,4.284052965309884
83,DrQ-v2,finger_turn_hard,2,1660000,494.6,4.337579298814138
84,DrQ-v2,finger_turn_hard,2,1680000,71.8,4.391266783210967
85,DrQ-v2,finger_turn_hard,2,1700000,439.4,4.444185060395134
86,DrQ-v2,finger_turn_hard,2,1720000,341.5,4.497672497431437
87,DrQ-v2,finger_turn_hard,2,1740000,386.3,4.551436527570089
88,DrQ-v2,finger_turn_hard,2,1760000,252.1,4.604406740400527
89,DrQ-v2,finger_turn_hard,2,1780000,285.7,4.658469956450992
90,DrQ-v2,finger_turn_hard,2,1800000,689.9,4.711577278441853
91,DrQ-v2,finger_turn_hard,2,1820000,561.6,4.764572942588065
92,DrQ-v2,finger_turn_hard,2,1840000,468.2,4.817932839923435
93,DrQ-v2,finger_turn_hard,2,1860000,588.2,4.870950118237071
94,DrQ-v2,finger_turn_hard,2,1880000,96.5,4.924781952699026
95,DrQ-v2,finger_turn_hard,2,1900000,193.1,4.979116976128684
96,DrQ-v2,finger_turn_hard,2,1920000,249.3,5.032359084950553
97,DrQ-v2,finger_turn_hard,2,1940000,412.4,5.085482302043173
98,DrQ-v2,finger_turn_hard,2,1960000,467.8,5.138701336251366
99,DrQ-v2,finger_turn_hard,2,1980000,557.7,5.192222167187267
100,DrQ-v2,finger_turn_hard,2,2000000,581.6,5.245850120915307
101,DrQ-v2,finger_turn_hard,2,2020000,769.5,5.2997866633203286
102,DrQ-v2,finger_turn_hard,2,2040000,477.0,5.353456812633408
103,DrQ-v2,finger_turn_hard,2,2060000,427.2,5.407194953163466
104,DrQ-v2,finger_turn_hard,2,2080000,289.1,5.461029074854321
105,DrQ-v2,finger_turn_hard,2,2100000,694.5,5.515135887861252
106,DrQ-v2,finger_turn_hard,2,2120000,457.3,5.568171956936517
107,DrQ-v2,finger_turn_hard,2,2140000,712.5,5.622663485540284
108,DrQ-v2,finger_turn_hard,2,2160000,663.0,5.676145871414079
109,DrQ-v2,finger_turn_hard,2,2180000,687.6,5.730772880514462
110,DrQ-v2,finger_turn_hard,2,2200000,756.2,5.783724850482411
111,DrQ-v2,finger_turn_hard,2,2220000,573.6,5.837823772695328
112,DrQ-v2,finger_turn_hard,2,2240000,736.4,5.891388822529051
113,DrQ-v2,finger_turn_hard,2,2260000,746.8,5.942766200900078
114,DrQ-v2,finger_turn_hard,2,2280000,506.4,5.993721742696233
115,DrQ-v2,finger_turn_hard,2,2300000,643.9,6.043897202014923
116,DrQ-v2,finger_turn_hard,2,2320000,760.3,6.0938092478116355
117,DrQ-v2,finger_turn_hard,2,2340000,824.2,6.145975321133933
118,DrQ-v2,finger_turn_hard,2,2360000,804.1,6.198409416145748
119,DrQ-v2,finger_turn_hard,2,2380000,586.3,6.251362058321636
120,DrQ-v2,finger_turn_hard,2,2400000,542.6,6.304468880097072
121,DrQ-v2,finger_turn_hard,2,2420000,364.6,6.357664826379881
122,DrQ-v2,finger_turn_hard,2,2440000,747.1,6.4108819952276015
123,DrQ-v2,finger_turn_hard,2,2460000,926.1,6.464680295586586
124,DrQ-v2,finger_turn_hard,2,2480000,845.0,6.5176775108443366
125,DrQ-v2,finger_turn_hard,2,2500000,656.4,6.570648363365067
126,DrQ-v2,finger_turn_hard,2,2520000,843.1,6.623361018432512
127,DrQ-v2,finger_turn_hard,2,2540000,667.1,6.6761384433507915
128,DrQ-v2,finger_turn_hard,2,2560000,747.2,6.728812810116344
129,DrQ-v2,finger_turn_hard,2,2580000,675.3,6.781455074548722
130,DrQ-v2,finger_turn_hard,2,2600000,754.2,6.8335503530502315
131,DrQ-v2,finger_turn_hard,2,2620000,841.1,6.886385850773918
132,DrQ-v2,finger_turn_hard,2,2640000,836.3,6.939166873561011
133,DrQ-v2,finger_turn_hard,2,2660000,830.1,6.991884733173582
134,DrQ-v2,finger_turn_hard,2,2680000,872.6,7.044566620323392
135,DrQ-v2,finger_turn_hard,2,2700000,754.7,7.097257178160881
136,DrQ-v2,finger_turn_hard,2,2720000,947.5,7.150069617960189
137,DrQ-v2,finger_turn_hard,2,2740000,732.5,7.2032264880339305
138,DrQ-v2,finger_turn_hard,2,2760000,841.6,7.255848197208511
139,DrQ-v2,finger_turn_hard,2,2780000,686.8,7.308162591192457
140,DrQ-v2,finger_turn_hard,2,2800000,850.4,7.360477576785617
141,DrQ-v2,finger_turn_hard,2,2820000,958.0,7.413153898517291
142,DrQ-v2,finger_turn_hard,2,2840000,747.4,7.465650630460844
143,DrQ-v2,finger_turn_hard,2,2860000,745.7,7.51777012930976
144,DrQ-v2,finger_turn_hard,2,2880000,640.8,7.570336983733707
145,DrQ-v2,finger_turn_hard,2,2900000,823.9,7.6228436710437135
146,DrQ-v2,finger_turn_hard,2,2920000,682.5,7.675559388995169
147,DrQ-v2,finger_turn_hard,2,2940000,937.6,7.728306536210908
148,DrQ-v2,finger_turn_hard,2,2960000,950.7,7.78097376551893
149,DrQ-v2,finger_turn_hard,2,2980000,870.5,7.833779755234717
0,DrQ-v2,finger_turn_hard,3,0,0.0,1.558992597791861e-06
1,DrQ-v2,finger_turn_hard,3,20000,99.5,0.04554464101791382
2,DrQ-v2,finger_turn_hard,3,40000,100.0,0.09792388121287028
3,DrQ-v2,finger_turn_hard,3,60000,0.8,0.15004626274108887
4,DrQ-v2,finger_turn_hard,3,80000,97.8,0.20232875453101265
5,DrQ-v2,finger_turn_hard,3,100000,100.0,0.2549575591087341
6,DrQ-v2,finger_turn_hard,3,120000,0.0,0.30705653104517194
7,DrQ-v2,finger_turn_hard,3,140000,100.0,0.3593850247065226
8,DrQ-v2,finger_turn_hard,3,160000,100.2,0.4115766406059265
9,DrQ-v2,finger_turn_hard,3,180000,103.1,0.4635358868704902
10,DrQ-v2,finger_turn_hard,3,200000,98.9,0.515801161924998
11,DrQ-v2,finger_turn_hard,3,220000,99.1,0.5676409492227766
12,DrQ-v2,finger_turn_hard,3,240000,199.4,0.6197640750143263
13,DrQ-v2,finger_turn_hard,3,260000,1.2,0.6720896365245184
14,DrQ-v2,finger_turn_hard,3,280000,96.4,0.7244047867589527
15,DrQ-v2,finger_turn_hard,3,300000,0.8,0.7762281276782355
16,DrQ-v2,finger_turn_hard,3,320000,0.2,0.8284254417816798
17,DrQ-v2,finger_turn_hard,3,340000,93.1,0.8800976709524791
18,DrQ-v2,finger_turn_hard,3,360000,285.4,0.9323510120974646
19,DrQ-v2,finger_turn_hard,3,380000,0.5,0.9844033949242698
20,DrQ-v2,finger_turn_hard,3,400000,1.8,1.0364789507786434
21,DrQ-v2,finger_turn_hard,3,420000,199.6,1.088156559003724
22,DrQ-v2,finger_turn_hard,3,440000,0.7,1.1397649006048838
23,DrQ-v2,finger_turn_hard,3,460000,199.3,1.193304403954082
24,DrQ-v2,finger_turn_hard,3,480000,209.0,1.2459985350237952
25,DrQ-v2,finger_turn_hard,3,500000,201.4,1.2979270139667722
26,DrQ-v2,finger_turn_hard,3,520000,101.7,1.3500925007131364
27,DrQ-v2,finger_turn_hard,3,540000,98.9,1.4020136861006418
28,DrQ-v2,finger_turn_hard,3,560000,299.2,1.4540354276365703
29,DrQ-v2,finger_turn_hard,3,580000,293.0,1.5064021022452248
30,DrQ-v2,finger_turn_hard,3,600000,269.3,1.5587162470817566
31,DrQ-v2,finger_turn_hard,3,620000,295.3,1.6106758911742105
32,DrQ-v2,finger_turn_hard,3,640000,97.4,1.6627095424466662
33,DrQ-v2,finger_turn_hard,3,660000,97.7,1.715669381287363
34,DrQ-v2,finger_turn_hard,3,680000,116.2,1.7676410235961277
35,DrQ-v2,finger_turn_hard,3,700000,173.1,1.8196216255426407
36,DrQ-v2,finger_turn_hard,3,720000,225.6,1.8713006411658393
37,DrQ-v2,finger_turn_hard,3,740000,290.3,1.9228579777479171
38,DrQ-v2,finger_turn_hard,3,760000,2.2,1.9750109509627025
39,DrQ-v2,finger_turn_hard,3,780000,100.9,2.0269321582052444
40,DrQ-v2,finger_turn_hard,3,800000,198.7,2.079456775718265
41,DrQ-v2,finger_turn_hard,3,820000,351.6,2.1313009136915206
42,DrQ-v2,finger_turn_hard,3,840000,377.4,2.1834637117385864
43,DrQ-v2,finger_turn_hard,3,860000,384.7,2.2357008124722375
44,DrQ-v2,finger_turn_hard,3,880000,163.6,2.287915698621008
45,DrQ-v2,finger_turn_hard,3,900000,111.2,2.3402357512050207
46,DrQ-v2,finger_turn_hard,3,920000,198.4,2.39212557984723
47,DrQ-v2,finger_turn_hard,3,940000,291.6,2.444371393455399
48,DrQ-v2,finger_turn_hard,3,960000,322.5,2.4975325479772357
49,DrQ-v2,finger_turn_hard,3,980000,29.1,2.549800492525101
50,DrQ-v2,finger_turn_hard,3,1000000,184.6,2.60229399588373
51,DrQ-v2,finger_turn_hard,3,1020000,454.6,2.6548971601327263
52,DrQ-v2,finger_turn_hard,3,1040000,394.8,2.7069488138622715
53,DrQ-v2,finger_turn_hard,3,1060000,293.3,2.7596513436900243
54,DrQ-v2,finger_turn_hard,3,1080000,614.1,2.8121305543846553
55,DrQ-v2,finger_turn_hard,3,1100000,196.6,2.8637891795900132
56,DrQ-v2,finger_turn_hard,3,1120000,462.0,2.9155804665221114
57,DrQ-v2,finger_turn_hard,3,1140000,577.5,2.9693258441819084
58,DrQ-v2,finger_turn_hard,3,1160000,205.4,3.0209270800484553
59,DrQ-v2,finger_turn_hard,3,1180000,414.5,3.073151398433579
60,DrQ-v2,finger_turn_hard,3,1200000,606.6,3.1251018623511
61,DrQ-v2,finger_turn_hard,3,1220000,400.0,3.177175964448187
62,DrQ-v2,finger_turn_hard,3,1240000,343.4,3.229668703277906
63,DrQ-v2,finger_turn_hard,3,1260000,573.1,3.2820741356743706
64,DrQ-v2,finger_turn_hard,3,1280000,652.8,3.333878899746471
65,DrQ-v2,finger_turn_hard,3,1300000,922.5,3.3858993972010083
66,DrQ-v2,finger_turn_hard,3,1320000,545.2,3.4380750319692823
67,DrQ-v2,finger_turn_hard,3,1340000,474.7,3.490352737108867
68,DrQ-v2,finger_turn_hard,3,1360000,617.1,3.5428027991453805
69,DrQ-v2,finger_turn_hard,3,1380000,557.4,3.595213518871201
70,DrQ-v2,finger_turn_hard,3,1400000,565.5,3.6484768654240503
71,DrQ-v2,finger_turn_hard,3,1420000,480.5,3.7045756400956042
72,DrQ-v2,finger_turn_hard,3,1440000,545.4,3.759465098314815
73,DrQ-v2,finger_turn_hard,3,1460000,868.4,3.813869998918639
74,DrQ-v2,finger_turn_hard,3,1480000,770.4,3.866248369746738
75,DrQ-v2,finger_turn_hard,3,1500000,450.3,3.9179679156012006
76,DrQ-v2,finger_turn_hard,3,1520000,783.2,3.9699038477076423
77,DrQ-v2,finger_turn_hard,3,1540000,764.3,4.021934816439947
78,DrQ-v2,finger_turn_hard,3,1560000,559.8,4.0739425987005236
79,DrQ-v2,finger_turn_hard,3,1580000,767.2,4.125766509837574
80,DrQ-v2,finger_turn_hard,3,1600000,550.8,4.178843784266048
81,DrQ-v2,finger_turn_hard,3,1620000,651.7,4.233153689834807
82,DrQ-v2,finger_turn_hard,3,1640000,755.3,4.292255709966024
83,DrQ-v2,finger_turn_hard,3,1660000,827.8,4.358417197929488
84,DrQ-v2,finger_turn_hard,3,1680000,528.3,4.444523142642445
85,DrQ-v2,finger_turn_hard,3,1700000,831.6,4.496302863028315
86,DrQ-v2,finger_turn_hard,3,1720000,746.4,4.548659700022803
87,DrQ-v2,finger_turn_hard,3,1740000,667.1,4.600271232591735
88,DrQ-v2,finger_turn_hard,3,1760000,768.5,4.652058957682716
89,DrQ-v2,finger_turn_hard,3,1780000,657.0,4.705272901919153
90,DrQ-v2,finger_turn_hard,3,1800000,742.9,4.758243506352107
91,DrQ-v2,finger_turn_hard,3,1820000,571.5,4.8143759039375515
92,DrQ-v2,finger_turn_hard,3,1840000,841.7,4.891121335360739
93,DrQ-v2,finger_turn_hard,3,1860000,877.3,5.029739471011692
94,DrQ-v2,finger_turn_hard,3,1880000,749.2,5.080969633724956
95,DrQ-v2,finger_turn_hard,3,1900000,832.9,5.132719505694177
96,DrQ-v2,finger_turn_hard,3,1920000,566.3,5.185148093700409
97,DrQ-v2,finger_turn_hard,3,1940000,668.5,5.241410267750422
98,DrQ-v2,finger_turn_hard,3,1960000,923.8,5.372963889042537
99,DrQ-v2,finger_turn_hard,3,1980000,961.6,5.582085935076078
100,DrQ-v2,finger_turn_hard,3,2000000,801.8,5.634533790747325
101,DrQ-v2,finger_turn_hard,3,2020000,857.5,5.685555150906245
102,DrQ-v2,finger_turn_hard,3,2040000,670.4,5.736962026092741
103,DrQ-v2,finger_turn_hard,3,2060000,848.7,5.788640821509891
104,DrQ-v2,finger_turn_hard,3,2080000,942.9,5.8413306303156745
105,DrQ-v2,finger_turn_hard,3,2100000,762.2,5.892485438717737
106,DrQ-v2,finger_turn_hard,3,2120000,944.3,5.943956558439467
107,DrQ-v2,finger_turn_hard,3,2140000,911.4,5.995311073594623
108,DrQ-v2,finger_turn_hard,3,2160000,746.7,6.046572346091271
109,DrQ-v2,finger_turn_hard,3,2180000,867.6,6.098636516928674
110,DrQ-v2,finger_turn_hard,3,2200000,862.0,6.150503682692846
111,DrQ-v2,finger_turn_hard,3,2220000,772.0,6.202105583349864
112,DrQ-v2,finger_turn_hard,3,2240000,863.8,6.253878410988384
113,DrQ-v2,finger_turn_hard,3,2260000,802.7,6.305897374153136
114,DrQ-v2,finger_turn_hard,3,2280000,945.8,6.357551023430294
115,DrQ-v2,finger_turn_hard,3,2300000,873.1,6.409268183509509
116,DrQ-v2,finger_turn_hard,3,2320000,814.3,6.460905810925696
117,DrQ-v2,finger_turn_hard,3,2340000,977.8,6.514137612448799
118,DrQ-v2,finger_turn_hard,3,2360000,823.5,6.566357038617134
119,DrQ-v2,finger_turn_hard,3,2380000,864.1,6.617969478898578
120,DrQ-v2,finger_turn_hard,3,2400000,865.5,6.669722419844733
121,DrQ-v2,finger_turn_hard,3,2420000,968.6,6.72179210404555
122,DrQ-v2,finger_turn_hard,3,2440000,901.0,6.773408940103319
123,DrQ-v2,finger_turn_hard,3,2460000,958.0,6.8246132041348355
124,DrQ-v2,finger_turn_hard,3,2480000,961.6,6.876339204708735
125,DrQ-v2,finger_turn_hard,3,2500000,970.6,6.92798690100511
126,DrQ-v2,finger_turn_hard,3,2520000,964.7,6.979992427097425
127,DrQ-v2,finger_turn_hard,3,2540000,864.7,7.0319406636556
128,DrQ-v2,finger_turn_hard,3,2560000,963.7,7.083833001852035
129,DrQ-v2,finger_turn_hard,3,2580000,829.3,7.1360705931981405
130,DrQ-v2,finger_turn_hard,3,2600000,968.8,7.18770859738191
131,DrQ-v2,finger_turn_hard,3,2620000,861.4,7.23965222146776
132,DrQ-v2,finger_turn_hard,3,2640000,855.3,7.291844916807281
133,DrQ-v2,finger_turn_hard,3,2660000,927.9,7.343578026890755
134,DrQ-v2,finger_turn_hard,3,2680000,863.3,7.395754677057266
135,DrQ-v2,finger_turn_hard,3,2700000,754.7,7.447267368568314
136,DrQ-v2,finger_turn_hard,3,2720000,853.3,7.500577635566393
137,DrQ-v2,finger_turn_hard,3,2740000,853.1,7.553291281925308
138,DrQ-v2,finger_turn_hard,3,2760000,941.8,7.606258653932148
139,DrQ-v2,finger_turn_hard,3,2780000,950.8,7.6631587482161
140,DrQ-v2,finger_turn_hard,3,2800000,955.6,7.732871220707893
141,DrQ-v2,finger_turn_hard,3,2820000,833.7,8.109673891796007
142,DrQ-v2,finger_turn_hard,3,2840000,760.9,8.163757623698976
143,DrQ-v2,finger_turn_hard,3,2860000,777.5,8.215149466991425
144,DrQ-v2,finger_turn_hard,3,2880000,972.8,8.268183267977502
145,DrQ-v2,finger_turn_hard,3,2900000,952.8,8.321695568627781
146,DrQ-v2,finger_turn_hard,3,2920000,840.4,8.376303756104575
147,DrQ-v2,finger_turn_hard,3,2940000,963.0,8.428155018024974
148,DrQ-v2,finger_turn_hard,3,2960000,820.4,8.480291166504225
149,DrQ-v2,finger_turn_hard,3,2980000,959.2,8.531723827785916
0,DrQ-v2,finger_turn_hard,4,0,11.2,1.9550985760158887e-06
1,DrQ-v2,finger_turn_hard,4,20000,0.0,0.04872565772798326
2,DrQ-v2,finger_turn_hard,4,40000,10.9,0.1042024067375395
3,DrQ-v2,finger_turn_hard,4,60000,0.7,0.1596837686167823
4,DrQ-v2,finger_turn_hard,4,80000,0.7,0.21530298206541273
5,DrQ-v2,finger_turn_hard,4,100000,100.0,0.27116305523448525
6,DrQ-v2,finger_turn_hard,4,120000,98.3,0.32677513937155406
7,DrQ-v2,finger_turn_hard,4,140000,0.0,0.3825349240832859
8,DrQ-v2,finger_turn_hard,4,160000,2.3,0.43852360526720685
9,DrQ-v2,finger_turn_hard,4,180000,98.0,0.49432709097862243
10,DrQ-v2,finger_turn_hard,4,200000,0.0,0.5503306627273559
11,DrQ-v2,finger_turn_hard,4,220000,98.7,0.6063445942931706
12,DrQ-v2,finger_turn_hard,4,240000,0.0,0.6620953076415592
13,DrQ-v2,finger_turn_hard,4,260000,0.5,0.7180302454365625
14,DrQ-v2,finger_turn_hard,4,280000,198.8,0.7739429153336419
15,DrQ-v2,finger_turn_hard,4,300000,100.5,0.8299310786856545
16,DrQ-v2,finger_turn_hard,4,320000,202.0,0.8858709851238462
17,DrQ-v2,finger_turn_hard,4,340000,98.5,0.9420717157257927
18,DrQ-v2,finger_turn_hard,4,360000,198.5,0.9984867369466358
19,DrQ-v2,finger_turn_hard,4,380000,129.0,1.0544621183474858
20,DrQ-v2,finger_turn_hard,4,400000,291.2,1.1105077488554849
21,DrQ-v2,finger_turn_hard,4,420000,100.5,1.1664886628919178
22,DrQ-v2,finger_turn_hard,4,440000,189.1,1.222910986940066
23,DrQ-v2,finger_turn_hard,4,460000,292.7,1.279342821041743
24,DrQ-v2,finger_turn_hard,4,480000,525.3,1.335457487901052
25,DrQ-v2,finger_turn_hard,4,500000,189.7,1.3915705913967555
26,DrQ-v2,finger_turn_hard,4,520000,395.2,1.4473746075232823
27,DrQ-v2,finger_turn_hard,4,540000,175.2,1.5039808632267846
28,DrQ-v2,finger_turn_hard,4,560000,99.7,1.560447070532375
29,DrQ-v2,finger_turn_hard,4,580000,140.6,1.616718230115043
30,DrQ-v2,finger_turn_hard,4,600000,186.6,1.67298169904285
31,DrQ-v2,finger_turn_hard,4,620000,481.4,1.7288426942295498
32,DrQ-v2,finger_turn_hard,4,640000,196.7,1.7850376990106371
33,DrQ-v2,finger_turn_hard,4,660000,193.9,1.8411922159459855
34,DrQ-v2,finger_turn_hard,4,680000,104.1,1.897474413646592
35,DrQ-v2,finger_turn_hard,4,700000,282.8,1.9530019298526975
36,DrQ-v2,finger_turn_hard,4,720000,393.1,2.0095062560505337
37,DrQ-v2,finger_turn_hard,4,740000,286.4,2.066241986486647
38,DrQ-v2,finger_turn_hard,4,760000,472.0,2.122305329574479
39,DrQ-v2,finger_turn_hard,4,780000,196.7,2.178726147678163
40,DrQ-v2,finger_turn_hard,4,800000,100.9,2.2347620532247756
41,DrQ-v2,finger_turn_hard,4,820000,231.0,2.290801096757253
42,DrQ-v2,finger_turn_hard,4,840000,294.3,2.3469804924726487
43,DrQ-v2,finger_turn_hard,4,860000,579.8,2.403142730527454
44,DrQ-v2,finger_turn_hard,4,880000,174.4,2.4591045061747234
45,DrQ-v2,finger_turn_hard,4,900000,93.0,2.5155817790826163
46,DrQ-v2,finger_turn_hard,4,920000,585.9,2.5715007274680666
47,DrQ-v2,finger_turn_hard,4,940000,464.4,2.6273526089058983
48,DrQ-v2,finger_turn_hard,4,960000,684.4,2.6829578636752234
49,DrQ-v2,finger_turn_hard,4,980000,641.2,2.739406392706765
50,DrQ-v2,finger_turn_hard,4,1000000,394.4,2.7951439655489385
51,DrQ-v2,finger_turn_hard,4,1020000,544.8,2.851118116511239
52,DrQ-v2,finger_turn_hard,4,1040000,483.3,2.9074115274349843
53,DrQ-v2,finger_turn_hard,4,1060000,285.4,2.9635070604748197
54,DrQ-v2,finger_turn_hard,4,1080000,94.4,3.019631154272291
55,DrQ-v2,finger_turn_hard,4,1100000,559.9,3.075656487610605
56,DrQ-v2,finger_turn_hard,4,1120000,201.9,3.131671835846371
57,DrQ-v2,finger_turn_hard,4,1140000,278.7,3.187826092640559
58,DrQ-v2,finger_turn_hard,4,1160000,660.6,3.2439347908894223
59,DrQ-v2,finger_turn_hard,4,1180000,476.6,3.2998342745833926
60,DrQ-v2,finger_turn_hard,4,1200000,571.4,3.3558243819740086
61,DrQ-v2,finger_turn_hard,4,1220000,535.9,3.4129881534973774
62,DrQ-v2,finger_turn_hard,4,1240000,744.0,3.4688970067765976
63,DrQ-v2,finger_turn_hard,4,1260000,520.1,3.524600507815679
64,DrQ-v2,finger_turn_hard,4,1280000,663.4,3.580880865587129
65,DrQ-v2,finger_turn_hard,4,1300000,558.2,3.636861858699057
66,DrQ-v2,finger_turn_hard,4,1320000,484.2,3.6924710453218883
67,DrQ-v2,finger_turn_hard,4,1340000,571.9,3.7479477143287654
68,DrQ-v2,finger_turn_hard,4,1360000,431.7,3.8037181809213423
69,DrQ-v2,finger_turn_hard,4,1380000,869.8,3.859811609387398
70,DrQ-v2,finger_turn_hard,4,1400000,586.9,3.9155784328778585
71,DrQ-v2,finger_turn_hard,4,1420000,931.9,3.9713754911555186
72,DrQ-v2,finger_turn_hard,4,1440000,474.7,4.026887350347306
73,DrQ-v2,finger_turn_hard,4,1460000,791.2,4.0828404558367195
74,DrQ-v2,finger_turn_hard,4,1480000,661.0,4.138923758599494
75,DrQ-v2,finger_turn_hard,4,1500000,895.6,4.195038870506816
76,DrQ-v2,finger_turn_hard,4,1520000,666.5,4.250821901162466
77,DrQ-v2,finger_turn_hard,4,1540000,710.5,4.307206963631842
78,DrQ-v2,finger_turn_hard,4,1560000,791.3,4.363411498864492
79,DrQ-v2,finger_turn_hard,4,1580000,749.3,4.419399697449472
80,DrQ-v2,finger_turn_hard,4,1600000,778.6,4.475577337079578
81,DrQ-v2,finger_turn_hard,4,1620000,856.0,4.531650911039777
82,DrQ-v2,finger_turn_hard,4,1640000,849.6,4.587094348933961
83,DrQ-v2,finger_turn_hard,4,1660000,558.5,4.643939979407523
84,DrQ-v2,finger_turn_hard,4,1680000,842.0,4.700440522299872
85,DrQ-v2,finger_turn_hard,4,1700000,961.9,4.756689372791184
86,DrQ-v2,finger_turn_hard,4,1720000,753.1,4.813161504997147
87,DrQ-v2,finger_turn_hard,4,1740000,730.2,4.86969191133976
88,DrQ-v2,finger_turn_hard,4,1760000,771.3,4.925672370062934
89,DrQ-v2,finger_turn_hard,4,1780000,844.3,4.981621665755908
90,DrQ-v2,finger_turn_hard,4,1800000,758.9,5.037595369286007
91,DrQ-v2,finger_turn_hard,4,1820000,767.9,5.094046315749487
92,DrQ-v2,finger_turn_hard,4,1840000,937.4,5.150471345384916
93,DrQ-v2,finger_turn_hard,4,1860000,864.3,5.206549053258367
94,DrQ-v2,finger_turn_hard,4,1880000,970.5,5.262229547103247
95,DrQ-v2,finger_turn_hard,4,1900000,934.7,5.3185563340452
96,DrQ-v2,finger_turn_hard,4,1920000,971.3,5.374887189269067
97,DrQ-v2,finger_turn_hard,4,1940000,950.3,5.432220132549603
98,DrQ-v2,finger_turn_hard,4,1960000,765.9,5.488513955871264
99,DrQ-v2,finger_turn_hard,4,1980000,857.7,5.545023790796598
100,DrQ-v2,finger_turn_hard,4,2000000,864.1,5.6010070804092615
101,DrQ-v2,finger_turn_hard,4,2020000,870.5,5.656945258842574
102,DrQ-v2,finger_turn_hard,4,2040000,971.3,5.7131339051326115
103,DrQ-v2,finger_turn_hard,4,2060000,973.7,5.769109675089518
104,DrQ-v2,finger_turn_hard,4,2080000,954.3,5.825381148722435
105,DrQ-v2,finger_turn_hard,4,2100000,948.5,5.8808082127571115
106,DrQ-v2,finger_turn_hard,4,2120000,805.4,5.936561324795088
107,DrQ-v2,finger_turn_hard,4,2140000,867.7,5.992569252782398
108,DrQ-v2,finger_turn_hard,4,2160000,947.6,6.04889461391502
109,DrQ-v2,finger_turn_hard,4,2180000,925.4,6.104885413315561
110,DrQ-v2,finger_turn_hard,4,2200000,762.6,6.161280418369505
111,DrQ-v2,finger_turn_hard,4,2220000,953.2,6.217164903746711
112,DrQ-v2,finger_turn_hard,4,2240000,857.2,6.272906591031287
113,DrQ-v2,finger_turn_hard,4,2260000,974.3,6.329036090837585
114,DrQ-v2,finger_turn_hard,4,2280000,933.8,6.3845894443326525
115,DrQ-v2,finger_turn_hard,4,2300000,977.8,6.4404042222102476
116,DrQ-v2,finger_turn_hard,4,2320000,841.7,6.496161392860944
117,DrQ-v2,finger_turn_hard,4,2340000,843.1,6.551922368076113
118,DrQ-v2,finger_turn_hard,4,2360000,845.4,6.608177584740851
119,DrQ-v2,finger_turn_hard,4,2380000,862.0,6.664076615108384
120,DrQ-v2,finger_turn_hard,4,2400000,957.1,6.720022365517086
121,DrQ-v2,finger_turn_hard,4,2420000,856.5,6.7761382650666775
122,DrQ-v2,finger_turn_hard,4,2440000,845.9,6.8318133784665
123,DrQ-v2,finger_turn_hard,4,2460000,955.8,6.887857367926173
124,DrQ-v2,finger_turn_hard,4,2480000,960.7,6.944275724026892
125,DrQ-v2,finger_turn_hard,4,2500000,870.1,6.999955057170656
126,DrQ-v2,finger_turn_hard,4,2520000,865.2,7.055924835999806
127,DrQ-v2,finger_turn_hard,4,2540000,777.0,7.111381584008535
128,DrQ-v2,finger_turn_hard,4,2560000,963.2,7.166708123750157
129,DrQ-v2,finger_turn_hard,4,2580000,870.8,7.22269239226977
130,DrQ-v2,finger_turn_hard,4,2600000,865.8,7.278592014710108
131,DrQ-v2,finger_turn_hard,4,2620000,676.9,7.334499587615331
132,DrQ-v2,finger_turn_hard,4,2640000,973.2,7.390327373610602
133,DrQ-v2,finger_turn_hard,4,2660000,953.1,7.446487279799248
134,DrQ-v2,finger_turn_hard,4,2680000,861.7,7.502378198438222
135,DrQ-v2,finger_turn_hard,4,2700000,955.7,7.558392999503347
136,DrQ-v2,finger_turn_hard,4,2720000,957.3,7.614133014546501
137,DrQ-v2,finger_turn_hard,4,2740000,959.4,7.669986230598556
138,DrQ-v2,finger_turn_hard,4,2760000,854.1,7.725624953839514
139,DrQ-v2,finger_turn_hard,4,2780000,959.1,7.781507040924495
140,DrQ-v2,finger_turn_hard,4,2800000,863.2,7.837894501884778
141,DrQ-v2,finger_turn_hard,4,2820000,879.9,7.893538498878479
142,DrQ-v2,finger_turn_hard,4,2840000,948.4,7.949082433713807
143,DrQ-v2,finger_turn_hard,4,2860000,953.4,8.004521662460434
144,DrQ-v2,finger_turn_hard,4,2880000,963.9,8.060095151993963
145,DrQ-v2,finger_turn_hard,4,2900000,967.3,8.115438063409593
146,DrQ-v2,finger_turn_hard,4,2920000,952.2,8.170786960985925
147,DrQ-v2,finger_turn_hard,4,2940000,876.2,8.226246672934955
148,DrQ-v2,finger_turn_hard,4,2960000,860.4,8.281896989941597
149,DrQ-v2,finger_turn_hard,4,2980000,965.2,8.335809803472625
0,DrQ-v2,finger_turn_hard,5,0,100.0,1.8533070882161389e-06
1,DrQ-v2,finger_turn_hard,5,20000,0.3,0.04310929086473253
2,DrQ-v2,finger_turn_hard,5,40000,0.0,0.09261990666389465
3,DrQ-v2,finger_turn_hard,5,60000,0.0,0.14147994809680514
4,DrQ-v2,finger_turn_hard,5,80000,0.0,0.19140589442518022
5,DrQ-v2,finger_turn_hard,5,100000,0.0,0.24057484666506448
6,DrQ-v2,finger_turn_hard,5,120000,0.8,0.2898613041639328
7,DrQ-v2,finger_turn_hard,5,140000,0.3,0.3398163995477888
8,DrQ-v2,finger_turn_hard,5,160000,100.0,0.3896462610695097
9,DrQ-v2,finger_turn_hard,5,180000,0.0,0.4391785799132453
10,DrQ-v2,finger_turn_hard,5,200000,0.7,0.4882234779993693
11,DrQ-v2,finger_turn_hard,5,220000,0.0,0.5377227468623056
12,DrQ-v2,finger_turn_hard,5,240000,100.4,0.5865700113773346
13,DrQ-v2,finger_turn_hard,5,260000,199.8,0.6366400490204494
14,DrQ-v2,finger_turn_hard,5,280000,0.0,0.685480606953303
15,DrQ-v2,finger_turn_hard,5,300000,100.4,0.7351776455508338
16,DrQ-v2,finger_turn_hard,5,320000,0.7,0.7846517252259785
17,DrQ-v2,finger_turn_hard,5,340000,0.0,0.8347523959477744
18,DrQ-v2,finger_turn_hard,5,360000,1.0,0.8846878875626458
19,DrQ-v2,finger_turn_hard,5,380000,100.0,0.9344735156165229
20,DrQ-v2,finger_turn_hard,5,400000,0.0,0.9839473132954702
21,DrQ-v2,finger_turn_hard,5,420000,300.9,1.035160559879409
22,DrQ-v2,finger_turn_hard,5,440000,98.6,1.085629847711987
23,DrQ-v2,finger_turn_hard,5,460000,100.7,1.1362241554922528
24,DrQ-v2,finger_turn_hard,5,480000,98.5,1.1872183791134092
25,DrQ-v2,finger_turn_hard,5,500000,99.2,1.2382462329334682
26,DrQ-v2,finger_turn_hard,5,520000,178.7,1.2888520404365327
27,DrQ-v2,finger_turn_hard,5,540000,1.0,1.3398149950636757
28,DrQ-v2,finger_turn_hard,5,560000,266.0,1.3907111704349517
29,DrQ-v2,finger_turn_hard,5,580000,0.2,1.4419012568394345
30,DrQ-v2,finger_turn_hard,5,600000,197.5,1.4922682090600332
31,DrQ-v2,finger_turn_hard,5,620000,106.7,1.5425672274165683
32,DrQ-v2,finger_turn_hard,5,640000,200.7,1.5932912992768817
33,DrQ-v2,finger_turn_hard,5,660000,100.0,1.6441652869515948
34,DrQ-v2,finger_turn_hard,5,680000,200.0,1.6948222104708355
35,DrQ-v2,finger_turn_hard,5,700000,100.0,1.745641286306911
36,DrQ-v2,finger_turn_hard,5,720000,100.0,1.796310253739357
37,DrQ-v2,finger_turn_hard,5,740000,94.6,1.8471161408556833
38,DrQ-v2,finger_turn_hard,5,760000,0.0,1.8975854765044318
39,DrQ-v2,finger_turn_hard,5,780000,0.0,1.9477523463302189
40,DrQ-v2,finger_turn_hard,5,800000,100.0,1.9981990854607687
41,DrQ-v2,finger_turn_hard,5,820000,100.0,2.049204217063056
42,DrQ-v2,finger_turn_hard,5,840000,179.9,2.100118184288343
43,DrQ-v2,finger_turn_hard,5,860000,393.8,2.1511305412318973
44,DrQ-v2,finger_turn_hard,5,880000,300.0,2.202038070427047
45,DrQ-v2,finger_turn_hard,5,900000,0.0,2.251932518614663
46,DrQ-v2,finger_turn_hard,5,920000,0.0,2.301911861631605
47,DrQ-v2,finger_turn_hard,5,940000,0.0,2.3542956401904425
48,DrQ-v2,finger_turn_hard,5,960000,200.0,2.4062471573882633
49,DrQ-v2,finger_turn_hard,5,980000,0.0,2.4553580013248655
50,DrQ-v2,finger_turn_hard,5,1000000,0.4,2.5048471010393567
51,DrQ-v2,finger_turn_hard,5,1020000,0.4,2.5536303163237046
52,DrQ-v2,finger_turn_hard,5,1040000,0.7,2.6030091300937865
53,DrQ-v2,finger_turn_hard,5,1060000,0.0,2.652357509202427
54,DrQ-v2,finger_turn_hard,5,1080000,298.1,2.702135288251771
55,DrQ-v2,finger_turn_hard,5,1100000,185.7,2.751943689253596
56,DrQ-v2,finger_turn_hard,5,1120000,194.9,2.8011304899056753
57,DrQ-v2,finger_turn_hard,5,1140000,191.9,2.850376947058572
58,DrQ-v2,finger_turn_hard,5,1160000,188.9,2.9000584793753093
59,DrQ-v2,finger_turn_hard,5,1180000,186.0,2.949503198729621
60,DrQ-v2,finger_turn_hard,5,1200000,197.9,2.9990588465001844
61,DrQ-v2,finger_turn_hard,5,1220000,0.0,3.0485034626722336
62,DrQ-v2,finger_turn_hard,5,1240000,266.0,3.098024454845322
63,DrQ-v2,finger_turn_hard,5,1260000,495.5,3.1477856171793412
64,DrQ-v2,finger_turn_hard,5,1280000,334.2,3.1972402149438857
65,DrQ-v2,finger_turn_hard,5,1300000,189.5,3.24684738404221
66,DrQ-v2,finger_turn_hard,5,1320000,469.5,3.2965948788324986
67,DrQ-v2,finger_turn_hard,5,1340000,284.5,3.3456658928924137
68,DrQ-v2,finger_turn_hard,5,1360000,388.9,3.395535004072719
69,DrQ-v2,finger_turn_hard,5,1380000,259.6,3.445114882389704
70,DrQ-v2,finger_turn_hard,5,1400000,241.6,3.494630213247406
71,DrQ-v2,finger_turn_hard,5,1420000,366.7,3.5441239882177777
72,DrQ-v2,finger_turn_hard,5,1440000,415.2,3.595500188999705
73,DrQ-v2,finger_turn_hard,5,1460000,449.8,3.6491877458492916
74,DrQ-v2,finger_turn_hard,5,1480000,492.1,3.7035536755455865
75,DrQ-v2,finger_turn_hard,5,1500000,382.3,3.756672169301245
76,DrQ-v2,finger_turn_hard,5,1520000,370.4,3.8102316229873234
77,DrQ-v2,finger_turn_hard,5,1540000,222.0,3.8634508049488065
78,DrQ-v2,finger_turn_hard,5,1560000,311.7,3.9164229790369665
79,DrQ-v2,finger_turn_hard,5,1580000,590.4,3.9696531295114093
80,DrQ-v2,finger_turn_hard,5,1600000,199.5,4.0224712697002625
81,DrQ-v2,finger_turn_hard,5,1620000,389.9,4.075716252062056
82,DrQ-v2,finger_turn_hard,5,1640000,330.2,4.129233180483182
83,DrQ-v2,finger_turn_hard,5,1660000,295.4,4.184124238159921
84,DrQ-v2,finger_turn_hard,5,1680000,477.3,4.238990715079838
85,DrQ-v2,finger_turn_hard,5,1700000,388.5,4.293525911039777
86,DrQ-v2,finger_turn_hard,5,1720000,302.1,4.3482390741507215
87,DrQ-v2,finger_turn_hard,5,1740000,463.0,4.4024581142266594
88,DrQ-v2,finger_turn_hard,5,1760000,479.4,4.455694501466222
89,DrQ-v2,finger_turn_hard,5,1780000,390.4,4.509019140468704
90,DrQ-v2,finger_turn_hard,5,1800000,342.4,4.5627478451199
91,DrQ-v2,finger_turn_hard,5,1820000,697.3,4.6160187120570075
92,DrQ-v2,finger_turn_hard,5,1840000,465.4,4.670022593074375
93,DrQ-v2,finger_turn_hard,5,1860000,461.1,4.7249723385439975
94,DrQ-v2,finger_turn_hard,5,1880000,386.0,4.7797795832157135
95,DrQ-v2,finger_turn_hard,5,1900000,318.1,4.834792399803797
96,DrQ-v2,finger_turn_hard,5,1920000,379.6,4.889607679645221
97,DrQ-v2,finger_turn_hard,5,1940000,755.3,4.944512552552753
98,DrQ-v2,finger_turn_hard,5,1960000,373.8,4.998786894016796
99,DrQ-v2,finger_turn_hard,5,1980000,461.6,5.053510790069899
100,DrQ-v2,finger_turn_hard,5,2000000,646.9,5.108472773498958
101,DrQ-v2,finger_turn_hard,5,2020000,528.1,5.163352151181962
102,DrQ-v2,finger_turn_hard,5,2040000,853.6,5.217825047175088
103,DrQ-v2,finger_turn_hard,5,2060000,798.7,5.272278694311778
104,DrQ-v2,finger_turn_hard,5,2080000,778.1,5.327142241133585
105,DrQ-v2,finger_turn_hard,5,2100000,719.8,5.381509995394283
106,DrQ-v2,finger_turn_hard,5,2120000,758.6,5.435801684856415
107,DrQ-v2,finger_turn_hard,5,2140000,845.6,5.4908817970752715
108,DrQ-v2,finger_turn_hard,5,2160000,871.8,5.5457289466593
109,DrQ-v2,finger_turn_hard,5,2180000,672.5,5.600108234816127
110,DrQ-v2,finger_turn_hard,5,2200000,647.0,5.655272583829032
111,DrQ-v2,finger_turn_hard,5,2220000,715.3,5.710065503319105
112,DrQ-v2,finger_turn_hard,5,2240000,841.3,5.765065640542242
113,DrQ-v2,finger_turn_hard,5,2260000,843.4,5.820082466072506
114,DrQ-v2,finger_turn_hard,5,2280000,936.1,5.87501124560833
115,DrQ-v2,finger_turn_hard,5,2300000,928.4,5.929549092650413
116,DrQ-v2,finger_turn_hard,5,2320000,861.2,5.984562412831518
117,DrQ-v2,finger_turn_hard,5,2340000,791.3,6.040225081774923
118,DrQ-v2,finger_turn_hard,5,2360000,728.4,6.094971109231313
119,DrQ-v2,finger_turn_hard,5,2380000,836.7,6.149765769905514
120,DrQ-v2,finger_turn_hard,5,2400000,845.0,6.2044191536638476
121,DrQ-v2,finger_turn_hard,5,2420000,861.5,6.259117394420835
122,DrQ-v2,finger_turn_hard,5,2440000,925.0,6.314107259180811
123,DrQ-v2,finger_turn_hard,5,2460000,938.8,6.368930380211936
124,DrQ-v2,finger_turn_hard,5,2480000,922.5,6.423632868263456
125,DrQ-v2,finger_turn_hard,5,2500000,852.3,6.47843087097009
126,DrQ-v2,finger_turn_hard,5,2520000,952.9,6.533571124275525
127,DrQ-v2,finger_turn_hard,5,2540000,835.1,6.588919675151507
128,DrQ-v2,finger_turn_hard,5,2560000,831.4,6.643872097929319
129,DrQ-v2,finger_turn_hard,5,2580000,836.5,6.699528112212817
130,DrQ-v2,finger_turn_hard,5,2600000,861.5,6.755721203552352
131,DrQ-v2,finger_turn_hard,5,2620000,942.0,6.811537116567294
132,DrQ-v2,finger_turn_hard,5,2640000,859.6,6.867252806491322
133,DrQ-v2,finger_turn_hard,5,2660000,762.6,6.921765849259166
134,DrQ-v2,finger_turn_hard,5,2680000,966.7,6.97655788415008
135,DrQ-v2,finger_turn_hard,5,2700000,862.2,7.0316579131947625
136,DrQ-v2,finger_turn_hard,5,2720000,757.6,7.086240421467358
137,DrQ-v2,finger_turn_hard,5,2740000,943.0,7.140912139746878
138,DrQ-v2,finger_turn_hard,5,2760000,859.2,7.196156754228803
139,DrQ-v2,finger_turn_hard,5,2780000,942.6,7.2513516451252835
140,DrQ-v2,finger_turn_hard,5,2800000,862.3,7.3065598383877015
141,DrQ-v2,finger_turn_hard,5,2820000,932.3,7.3624744964970485
142,DrQ-v2,finger_turn_hard,5,2840000,952.2,7.418784687519073
143,DrQ-v2,finger_turn_hard,5,2860000,937.2,7.476085536744859
144,DrQ-v2,finger_turn_hard,5,2880000,940.5,7.540430498189396
145,DrQ-v2,finger_turn_hard,5,2900000,936.1,7.596933193008104
146,DrQ-v2,finger_turn_hard,5,2920000,852.3,7.651979273292754
147,DrQ-v2,finger_turn_hard,5,2940000,860.6,7.706397842698627
148,DrQ-v2,finger_turn_hard,5,2960000,756.4,7.761182274354828
149,DrQ-v2,finger_turn_hard,5,2980000,951.7,7.815928208761744
0,DrQ-v2,finger_turn_hard,6,0,400.0,1.8875466452704443e-06
1,DrQ-v2,finger_turn_hard,6,20000,0.0,0.048825203975041705
2,DrQ-v2,finger_turn_hard,6,40000,100.0,0.10523404002189636
3,DrQ-v2,finger_turn_hard,6,60000,0.0,0.16096452838844724
4,DrQ-v2,finger_turn_hard,6,80000,1.9,0.2158992099761963
5,DrQ-v2,finger_turn_hard,6,100000,0.0,0.27236579166518315
6,DrQ-v2,finger_turn_hard,6,120000,95.9,0.3284342648585638
7,DrQ-v2,finger_turn_hard,6,140000,289.4,0.3849713666571511
8,DrQ-v2,finger_turn_hard,6,160000,88.2,0.44137227058410644
9,DrQ-v2,finger_turn_hard,6,180000,1.4,0.49779638330141696
10,DrQ-v2,finger_turn_hard,6,200000,102.7,0.5543501229418648
11,DrQ-v2,finger_turn_hard,6,220000,5.8,0.6105838642517726
12,DrQ-v2,finger_turn_hard,6,240000,2.3,0.6669383788108825
13,DrQ-v2,finger_turn_hard,6,260000,0.5,0.7220661749442417
14,DrQ-v2,finger_turn_hard,6,280000,96.8,0.7783253582980898
15,DrQ-v2,finger_turn_hard,6,300000,197.8,0.8349094186226527
16,DrQ-v2,finger_turn_hard,6,320000,100.8,0.8889327991671033
17,DrQ-v2,finger_turn_hard,6,340000,1.8,0.9455002797312206
18,DrQ-v2,finger_turn_hard,6,360000,98.6,1.0016203597519133
19,DrQ-v2,finger_turn_hard,6,380000,96.3,1.0583205328385035
20,DrQ-v2,finger_turn_hard,6,400000,5.6,1.1150076301230325
21,DrQ-v2,finger_turn_hard,6,420000,200.5,1.171730466551251
22,DrQ-v2,finger_turn_hard,6,440000,3.9,1.2282268677155177
23,DrQ-v2,finger_turn_hard,6,460000,98.8,1.284630166027281
24,DrQ-v2,finger_turn_hard,6,480000,0.0,1.34116858098242
25,DrQ-v2,finger_turn_hard,6,500000,100.9,1.3974292722675536
26,DrQ-v2,finger_turn_hard,6,520000,293.7,1.4538837423589495
27,DrQ-v2,finger_turn_hard,6,540000,0.2,1.5098900252580643
28,DrQ-v2,finger_turn_hard,6,560000,397.5,1.5638141386376487
29,DrQ-v2,finger_turn_hard,6,580000,297.4,1.6204474124643538
30,DrQ-v2,finger_turn_hard,6,600000,101.1,1.6775743738147948
31,DrQ-v2,finger_turn_hard,6,620000,298.3,1.7340320457352532
32,DrQ-v2,finger_turn_hard,6,640000,116.1,1.790841836531957
33,DrQ-v2,finger_turn_hard,6,660000,100.5,1.8473081567552354
34,DrQ-v2,finger_turn_hard,6,680000,242.3,1.9039460666974386
35,DrQ-v2,finger_turn_hard,6,700000,156.2,1.9603945742050806
36,DrQ-v2,finger_turn_hard,6,720000,193.4,2.0169106691413456
37,DrQ-v2,finger_turn_hard,6,740000,98.0,2.0733187817864946
38,DrQ-v2,finger_turn_hard,6,760000,100.0,2.1297481095790864
39,DrQ-v2,finger_turn_hard,6,780000,487.0,2.186258905066384
40,DrQ-v2,finger_turn_hard,6,800000,487.8,2.2408605967627633
41,DrQ-v2,finger_turn_hard,6,820000,286.2,2.297031837105751
42,DrQ-v2,finger_turn_hard,6,840000,487.3,2.3523794513940812
43,DrQ-v2,finger_turn_hard,6,860000,460.1,2.4089366832706665
44,DrQ-v2,finger_turn_hard,6,880000,189.7,2.4655547842714522
45,DrQ-v2,finger_turn_hard,6,900000,520.8,2.521846861375703
46,DrQ-v2,finger_turn_hard,6,920000,285.4,2.5784632070196998
47,DrQ-v2,finger_turn_hard,6,940000,389.2,2.634305714699957
48,DrQ-v2,finger_turn_hard,6,960000,386.2,2.6903191613488726
49,DrQ-v2,finger_turn_hard,6,980000,536.3,2.7463705093993083
50,DrQ-v2,finger_turn_hard,6,1000000,567.9,2.802588368654251
51,DrQ-v2,finger_turn_hard,6,1020000,493.7,2.859316395057572
52,DrQ-v2,finger_turn_hard,6,1040000,564.6,2.9154295367002487
53,DrQ-v2,finger_turn_hard,6,1060000,578.6,2.970127053724395
54,DrQ-v2,finger_turn_hard,6,1080000,380.7,3.02633717265394
55,DrQ-v2,finger_turn_hard,6,1100000,673.4,3.082800957229402
56,DrQ-v2,finger_turn_hard,6,1120000,297.9,3.1387262771526974
57,DrQ-v2,finger_turn_hard,6,1140000,647.6,3.194610001842181
58,DrQ-v2,finger_turn_hard,6,1160000,528.4,3.2507869524425934
59,DrQ-v2,finger_turn_hard,6,1180000,861.7,3.3067884684271283
60,DrQ-v2,finger_turn_hard,6,1200000,681.7,3.3634968332449593
61,DrQ-v2,finger_turn_hard,6,1220000,559.6,3.4200580434004464
62,DrQ-v2,finger_turn_hard,6,1240000,569.8,3.476840119759242
63,DrQ-v2,finger_turn_hard,6,1260000,575.8,3.5333988972504935
64,DrQ-v2,finger_turn_hard,6,1280000,596.6,3.590283929374483
65,DrQ-v2,finger_turn_hard,6,1300000,579.8,3.6446477716498906
66,DrQ-v2,finger_turn_hard,6,1320000,771.6,3.700852421455913
67,DrQ-v2,finger_turn_hard,6,1340000,374.6,3.7575093771351713
68,DrQ-v2,finger_turn_hard,6,1360000,641.5,3.8140850472450256
69,DrQ-v2,finger_turn_hard,6,1380000,775.6,3.870577652586831
70,DrQ-v2,finger_turn_hard,6,1400000,376.7,3.9268403986427525
71,DrQ-v2,finger_turn_hard,6,1420000,580.2,3.9825799032714633
72,DrQ-v2,finger_turn_hard,6,1440000,942.6,4.0390743330452175
73,DrQ-v2,finger_turn_hard,6,1460000,664.8,4.095408428642485
74,DrQ-v2,finger_turn_hard,6,1480000,680.2,4.152174099352624
75,DrQ-v2,finger_turn_hard,6,1500000,866.1,4.208126043015056
76,DrQ-v2,finger_turn_hard,6,1520000,942.9,4.2648153480556275
77,DrQ-v2,finger_turn_hard,6,1540000,779.2,4.3185780323214
78,DrQ-v2,finger_turn_hard,6,1560000,857.9,4.3748495621151395
79,DrQ-v2,finger_turn_hard,6,1580000,729.7,4.4312714392609065
80,DrQ-v2,finger_turn_hard,6,1600000,767.4,4.48756213400099
81,DrQ-v2,finger_turn_hard,6,1620000,553.0,4.544187170267105
82,DrQ-v2,finger_turn_hard,6,1640000,958.0,4.60086140718725
83,DrQ-v2,finger_turn_hard,6,1660000,863.0,4.657107253670692
84,DrQ-v2,finger_turn_hard,6,1680000,840.4,4.713173819184303
85,DrQ-v2,finger_turn_hard,6,1700000,831.3,4.768857709169388
86,DrQ-v2,finger_turn_hard,6,1720000,750.8,4.82467527045144
87,DrQ-v2,finger_turn_hard,6,1740000,773.8,4.880944849120246
88,DrQ-v2,finger_turn_hard,6,1760000,851.2,4.937406373288896
89,DrQ-v2,finger_turn_hard,6,1780000,856.0,4.992561745180024
90,DrQ-v2,finger_turn_hard,6,1800000,871.7,5.04770491109954
91,DrQ-v2,finger_turn_hard,6,1820000,884.1,5.104339693387349
92,DrQ-v2,finger_turn_hard,6,1840000,840.3,5.16081958565447
93,DrQ-v2,finger_turn_hard,6,1860000,958.8,5.2169790609677635
94,DrQ-v2,finger_turn_hard,6,1880000,838.3,5.2734927078750395
95,DrQ-v2,finger_turn_hard,6,1900000,921.8,5.329604185753398
96,DrQ-v2,finger_turn_hard,6,1920000,942.6,5.385800679855876
97,DrQ-v2,finger_turn_hard,6,1940000,760.9,5.442281946142513
98,DrQ-v2,finger_turn_hard,6,1960000,816.4,5.498860487275653
99,DrQ-v2,finger_turn_hard,6,1980000,960.9,5.5554340828127335
100,DrQ-v2,finger_turn_hard,6,2000000,786.6,5.610628549257914
101,DrQ-v2,finger_turn_hard,6,2020000,720.0,5.666543209287855
102,DrQ-v2,finger_turn_hard,6,2040000,954.6,5.72077822678619
103,DrQ-v2,finger_turn_hard,6,2060000,812.8,5.777220334741805
104,DrQ-v2,finger_turn_hard,6,2080000,866.5,5.8337549321519
105,DrQ-v2,finger_turn_hard,6,2100000,764.9,5.890234551429748
106,DrQ-v2,finger_turn_hard,6,2120000,850.3,5.9462571418947645
107,DrQ-v2,finger_turn_hard,6,2140000,824.9,6.002913919223681
108,DrQ-v2,finger_turn_hard,6,2160000,857.9,6.059316906399197
109,DrQ-v2,finger_turn_hard,6,2180000,951.6,6.1154259400235285
110,DrQ-v2,finger_turn_hard,6,2200000,862.6,6.171869834264119
111,DrQ-v2,finger_turn_hard,6,2220000,869.8,6.2277096776167555
112,DrQ-v2,finger_turn_hard,6,2240000,843.1,6.284101625217332
113,DrQ-v2,finger_turn_hard,6,2260000,928.6,6.340554418298933
114,DrQ-v2,finger_turn_hard,6,2280000,952.1,6.394514274067349
115,DrQ-v2,finger_turn_hard,6,2300000,851.6,6.450333401693238
116,DrQ-v2,finger_turn_hard,6,2320000,758.2,6.5066741955280305
117,DrQ-v2,finger_turn_hard,6,2340000,875.3,6.5628377409776055
118,DrQ-v2,finger_turn_hard,6,2360000,954.8,6.619492614269257
119,DrQ-v2,finger_turn_hard,6,2380000,966.2,6.675616155862809
120,DrQ-v2,finger_turn_hard,6,2400000,932.9,6.732307332290545
121,DrQ-v2,finger_turn_hard,6,2420000,937.9,6.788586784005165
122,DrQ-v2,finger_turn_hard,6,2440000,820.5,6.845056632823415
123,DrQ-v2,finger_turn_hard,6,2460000,792.0,6.901152023673058
124,DrQ-v2,finger_turn_hard,6,2480000,841.4,6.956931379901039
125,DrQ-v2,finger_turn_hard,6,2500000,955.5,7.01299802687433
126,DrQ-v2,finger_turn_hard,6,2520000,865.8,7.067918541431427
127,DrQ-v2,finger_turn_hard,6,2540000,947.4,7.123874538673295
128,DrQ-v2,finger_turn_hard,6,2560000,946.7,7.18020659910308
129,DrQ-v2,finger_turn_hard,6,2580000,874.3,7.2353671003050275
130,DrQ-v2,finger_turn_hard,6,2600000,958.3,7.291575333277384
131,DrQ-v2,finger_turn_hard,6,2620000,852.3,7.3475653678841075
132,DrQ-v2,finger_turn_hard,6,2640000,684.9,7.403801969157325
133,DrQ-v2,finger_turn_hard,6,2660000,959.4,7.4605526633395085
134,DrQ-v2,finger_turn_hard,6,2680000,843.0,7.516778529882431
135,DrQ-v2,finger_turn_hard,6,2700000,867.5,7.572847419646052
136,DrQ-v2,finger_turn_hard,6,2720000,977.4,7.629176523751683
137,DrQ-v2,finger_turn_hard,6,2740000,960.4,7.685693438715405
138,DrQ-v2,finger_turn_hard,6,2760000,859.8,7.741880886687174
139,DrQ-v2,finger_turn_hard,6,2780000,970.1,7.7964388047324285
140,DrQ-v2,finger_turn_hard,6,2800000,775.0,7.852598682112164
141,DrQ-v2,finger_turn_hard,6,2820000,931.4,7.908863795598348
142,DrQ-v2,finger_turn_hard,6,2840000,643.1,7.964430191251966
143,DrQ-v2,finger_turn_hard,6,2860000,961.0,8.019939114054043
144,DrQ-v2,finger_turn_hard,6,2880000,872.2,8.075484264559217
145,DrQ-v2,finger_turn_hard,6,2900000,977.9,8.132065957917108
146,DrQ-v2,finger_turn_hard,6,2920000,847.5,8.187984135879411
147,DrQ-v2,finger_turn_hard,6,2940000,759.4,8.244316163990234
148,DrQ-v2,finger_turn_hard,6,2960000,958.7,8.300652864178021
149,DrQ-v2,finger_turn_hard,6,2980000,966.7,8.357266248398357
0,DrQ-v2,finger_turn_hard,7,0,0.0,2.055962880452472e-06
1,DrQ-v2,finger_turn_hard,7,20000,200.4,0.04792693376541138
2,DrQ-v2,finger_turn_hard,7,40000,200.0,0.10313980122407278
3,DrQ-v2,finger_turn_hard,7,60000,0.0,0.1582865028248893
4,DrQ-v2,finger_turn_hard,7,80000,0.0,0.21333571559853023
5,DrQ-v2,finger_turn_hard,7,100000,100.0,0.2680648846096463
6,DrQ-v2,finger_turn_hard,7,120000,0.0,0.3231072655651304
7,DrQ-v2,finger_turn_hard,7,140000,0.1,0.37805102513896094
8,DrQ-v2,finger_turn_hard,7,160000,99.6,0.4334223628044128
9,DrQ-v2,finger_turn_hard,7,180000,100.0,0.4885476478603151
10,DrQ-v2,finger_turn_hard,7,200000,100.0,0.5437161217795478
11,DrQ-v2,finger_turn_hard,7,220000,100.5,0.5987862087620629
12,DrQ-v2,finger_turn_hard,7,240000,0.0,0.6536580211586422
13,DrQ-v2,finger_turn_hard,7,260000,0.0,0.7088301928175822
14,DrQ-v2,finger_turn_hard,7,280000,0.0,0.7643960458040236
15,DrQ-v2,finger_turn_hard,7,300000,100.1,0.8195059233241611
16,DrQ-v2,finger_turn_hard,7,320000,0.0,0.8755570014980103
17,DrQ-v2,finger_turn_hard,7,340000,196.4,0.9306716926892599
18,DrQ-v2,finger_turn_hard,7,360000,199.1,0.9861810718642341
19,DrQ-v2,finger_turn_hard,7,380000,100.5,1.042151177989112
20,DrQ-v2,finger_turn_hard,7,400000,94.9,1.0977546761433283
21,DrQ-v2,finger_turn_hard,7,420000,100.1,1.153389266928037
22,DrQ-v2,finger_turn_hard,7,440000,200.0,1.2090029891994265
23,DrQ-v2,finger_turn_hard,7,460000,96.7,1.2643864070044624
24,DrQ-v2,finger_turn_hard,7,480000,0.0,1.3197409300671683
25,DrQ-v2,finger_turn_hard,7,500000,197.2,1.3751849397685794
26,DrQ-v2,finger_turn_hard,7,520000,0.0,1.430801421933704
27,DrQ-v2,finger_turn_hard,7,540000,199.3,1.48634653614627
28,DrQ-v2,finger_turn_hard,7,560000,198.7,1.541814544002215
29,DrQ-v2,finger_turn_hard,7,580000,0.0,1.5974221256044177
30,DrQ-v2,finger_turn_hard,7,600000,0.0,1.6531476203600566
31,DrQ-v2,finger_turn_hard,7,620000,98.5,1.7086479909552468
32,DrQ-v2,finger_turn_hard,7,640000,99.1,1.763994845085674
33,DrQ-v2,finger_turn_hard,7,660000,0.3,1.8195235724581613
34,DrQ-v2,finger_turn_hard,7,680000,296.8,1.8748108508851793
35,DrQ-v2,finger_turn_hard,7,700000,196.8,1.9302032814423242
36,DrQ-v2,finger_turn_hard,7,720000,191.8,1.9856425240304736
37,DrQ-v2,finger_turn_hard,7,740000,198.6,2.0412587500943076
38,DrQ-v2,finger_turn_hard,7,760000,101.2,2.096144100162718
39,DrQ-v2,finger_turn_hard,7,780000,100.3,2.1515040012200672
40,DrQ-v2,finger_turn_hard,7,800000,296.7,2.20748170653979
41,DrQ-v2,finger_turn_hard,7,820000,0.0,2.262499396469858
42,DrQ-v2,finger_turn_hard,7,840000,80.8,2.3178127196100022
43,DrQ-v2,finger_turn_hard,7,860000,96.6,2.373790846069654
44,DrQ-v2,finger_turn_hard,7,880000,0.0,2.429632480939229
45,DrQ-v2,finger_turn_hard,7,900000,100.5,2.485289373530282
46,DrQ-v2,finger_turn_hard,7,920000,96.3,2.540755422843827
47,DrQ-v2,finger_turn_hard,7,940000,301.0,2.5960966250631543
48,DrQ-v2,finger_turn_hard,7,960000,0.0,2.6515337016185123
49,DrQ-v2,finger_turn_hard,7,980000,200.7,2.70731372806761
50,DrQ-v2,finger_turn_hard,7,1000000,1.1,2.76274728152487
51,DrQ-v2,finger_turn_hard,7,1020000,291.0,2.818273345960511
52,DrQ-v2,finger_turn_hard,7,1040000,2.1,2.874199024306403
53,DrQ-v2,finger_turn_hard,7,1060000,98.7,2.9296081346935696
54,DrQ-v2,finger_turn_hard,7,1080000,0.0,2.984859229988522
55,DrQ-v2,finger_turn_hard,7,1100000,3.1,3.0403980516062843
56,DrQ-v2,finger_turn_hard,7,1120000,197.6,3.095715948210822
57,DrQ-v2,finger_turn_hard,7,1140000,0.0,3.151131973001692
58,DrQ-v2,finger_turn_hard,7,1160000,367.1,3.2063708114624023
59,DrQ-v2,finger_turn_hard,7,1180000,198.5,3.2617061758703656
60,DrQ-v2,finger_turn_hard,7,1200000,0.3,3.3168669979439844
61,DrQ-v2,finger_turn_hard,7,1220000,100.0,3.3718606434928047
62,DrQ-v2,finger_turn_hard,7,1240000,100.0,3.428349544207255
63,DrQ-v2,finger_turn_hard,7,1260000,299.3,3.4836868556340534
64,DrQ-v2,finger_turn_hard,7,1280000,94.7,3.5392270955112246
65,DrQ-v2,finger_turn_hard,7,1300000,394.4,3.594726260171996
66,DrQ-v2,finger_turn_hard,7,1320000,43.7,3.650039953390757
67,DrQ-v2,finger_turn_hard,7,1340000,188.1,3.705435049533844
68,DrQ-v2,finger_turn_hard,7,1360000,394.1,3.761227554811372
69,DrQ-v2,finger_turn_hard,7,1380000,95.7,3.8166338995430205
70,DrQ-v2,finger_turn_hard,7,1400000,0.0,3.871888466543621
71,DrQ-v2,finger_turn_hard,7,1420000,297.2,3.9272858423656887
72,DrQ-v2,finger_turn_hard,7,1440000,197.9,3.982718764212397
73,DrQ-v2,finger_turn_hard,7,1460000,192.4,4.038192258146075
74,DrQ-v2,finger_turn_hard,7,1480000,0.0,4.093632631831699
75,DrQ-v2,finger_turn_hard,7,1500000,281.0,4.149659222231971
76,DrQ-v2,finger_turn_hard,7,1520000,99.5,4.205322207344903
77,DrQ-v2,finger_turn_hard,7,1540000,196.8,4.261045772102144
78,DrQ-v2,finger_turn_hard,7,1560000,223.1,4.3164710754818385
79,DrQ-v2,finger_turn_hard,7,1580000,295.8,4.3726642736461425
80,DrQ-v2,finger_turn_hard,7,1600000,299.5,4.428214038345549
81,DrQ-v2,finger_turn_hard,7,1620000,451.6,4.483370271987385
82,DrQ-v2,finger_turn_hard,7,1640000,286.6,4.539069132804871
83,DrQ-v2,finger_turn_hard,7,1660000,176.6,4.594657396475474
84,DrQ-v2,finger_turn_hard,7,1680000,283.2,4.650065688093504
85,DrQ-v2,finger_turn_hard,7,1700000,98.1,4.706061164802975
86,DrQ-v2,finger_turn_hard,7,1720000,197.6,4.76167971611023
87,DrQ-v2,finger_turn_hard,7,1740000,98.7,4.817744785812166
88,DrQ-v2,finger_turn_hard,7,1760000,100.0,4.873956309424506
89,DrQ-v2,finger_turn_hard,7,1780000,282.3,4.929477046529452
90,DrQ-v2,finger_turn_hard,7,1800000,363.5,4.985159070160654
91,DrQ-v2,finger_turn_hard,7,1820000,296.7,5.040496386885643
92,DrQ-v2,finger_turn_hard,7,1840000,298.1,5.096429044604301
93,DrQ-v2,finger_turn_hard,7,1860000,377.2,5.1521681486898
94,DrQ-v2,finger_turn_hard,7,1880000,423.5,5.208091604974535
95,DrQ-v2,finger_turn_hard,7,1900000,417.5,5.2635281093915305
96,DrQ-v2,finger_turn_hard,7,1920000,445.9,5.320036673214701
97,DrQ-v2,finger_turn_hard,7,1940000,435.2,5.376550375488069
98,DrQ-v2,finger_turn_hard,7,1960000,385.5,5.43357498354382
99,DrQ-v2,finger_turn_hard,7,1980000,354.3,5.489830258025063
100,DrQ-v2,finger_turn_hard,7,2000000,195.8,5.545740540358755
101,DrQ-v2,finger_turn_hard,7,2020000,316.4,5.601581471098793
102,DrQ-v2,finger_turn_hard,7,2040000,198.5,5.657283912102382
103,DrQ-v2,finger_turn_hard,7,2060000,285.3,5.712780642840597
104,DrQ-v2,finger_turn_hard,7,2080000,487.1,5.768643940422269
105,DrQ-v2,finger_turn_hard,7,2100000,467.0,5.824086047742102
106,DrQ-v2,finger_turn_hard,7,2120000,583.1,5.879665885104074
107,DrQ-v2,finger_turn_hard,7,2140000,366.2,5.9351654395129945
108,DrQ-v2,finger_turn_hard,7,2160000,459.6,5.99086707731088
109,DrQ-v2,finger_turn_hard,7,2180000,232.4,6.047053478625085
110,DrQ-v2,finger_turn_hard,7,2200000,304.4,6.101919981506136
111,DrQ-v2,finger_turn_hard,7,2220000,372.0,6.157325901256666
112,DrQ-v2,finger_turn_hard,7,2240000,678.8,6.212809825142225
113,DrQ-v2,finger_turn_hard,7,2260000,743.1,6.26818491227097
114,DrQ-v2,finger_turn_hard,7,2280000,948.3,6.3240284314420485
115,DrQ-v2,finger_turn_hard,7,2300000,294.5,6.379501104950905
116,DrQ-v2,finger_turn_hard,7,2320000,679.8,6.434646068811417
117,DrQ-v2,finger_turn_hard,7,2340000,636.0,6.490386838714281
118,DrQ-v2,finger_turn_hard,7,2360000,579.4,6.545721788406372
119,DrQ-v2,finger_turn_hard,7,2380000,474.0,6.601306829783652
120,DrQ-v2,finger_turn_hard,7,2400000,541.3,6.656607606013616
121,DrQ-v2,finger_turn_hard,7,2420000,434.9,6.712223705781831
122,DrQ-v2,finger_turn_hard,7,2440000,717.6,6.767639303339852
123,DrQ-v2,finger_turn_hard,7,2460000,577.2,6.823154328200552
124,DrQ-v2,finger_turn_hard,7,2480000,666.8,6.8781965941853
125,DrQ-v2,finger_turn_hard,7,2500000,776.0,6.933113014300664
126,DrQ-v2,finger_turn_hard,7,2520000,590.5,6.9879988206095165
127,DrQ-v2,finger_turn_hard,7,2540000,578.1,7.043134040368928
128,DrQ-v2,finger_turn_hard,7,2560000,531.2,7.097662115295728
129,DrQ-v2,finger_turn_hard,7,2580000,646.0,7.152667903370327
130,DrQ-v2,finger_turn_hard,7,2600000,462.2,7.208123963210318
131,DrQ-v2,finger_turn_hard,7,2620000,620.9,7.263695877922906
132,DrQ-v2,finger_turn_hard,7,2640000,863.9,7.318646633227666
133,DrQ-v2,finger_turn_hard,7,2660000,702.1,7.373902438547877
134,DrQ-v2,finger_turn_hard,7,2680000,847.7,7.429661886956957
135,DrQ-v2,finger_turn_hard,7,2700000,655.1,7.484707590142886
136,DrQ-v2,finger_turn_hard,7,2720000,604.0,7.540339331494437
137,DrQ-v2,finger_turn_hard,7,2740000,737.2,7.596073274678655
138,DrQ-v2,finger_turn_hard,7,2760000,552.8,7.651358214219411
139,DrQ-v2,finger_turn_hard,7,2780000,745.0,7.706674706803428
140,DrQ-v2,finger_turn_hard,7,2800000,952.2,7.761482148766517
141,DrQ-v2,finger_turn_hard,7,2820000,912.9,7.815965217087003
142,DrQ-v2,finger_turn_hard,7,2840000,962.8,7.871543797983064
143,DrQ-v2,finger_turn_hard,7,2860000,472.4,7.9261774653196335
144,DrQ-v2,finger_turn_hard,7,2880000,581.7,7.980569443305334
145,DrQ-v2,finger_turn_hard,7,2900000,769.1,8.034824460148812
146,DrQ-v2,finger_turn_hard,7,2920000,861.6,8.0891553220484
147,DrQ-v2,finger_turn_hard,7,2940000,758.6,8.144013002912203
148,DrQ-v2,finger_turn_hard,7,2960000,657.6,8.19868667350875
149,DrQ-v2,finger_turn_hard,7,2980000,828.4,8.253879089024332
0,DrQ-v2,finger_turn_hard,8,0,100.0,3.0557976828680833e-06
1,DrQ-v2,finger_turn_hard,8,20000,0.0,0.06230275458759733
2,DrQ-v2,finger_turn_hard,8,40000,0.4,0.1356348802646001
3,DrQ-v2,finger_turn_hard,8,60000,100.0,0.20729716095659467
4,DrQ-v2,finger_turn_hard,8,80000,200.0,0.27771064791414474
5,DrQ-v2,finger_turn_hard,8,100000,200.0,0.34987512191136677
6,DrQ-v2,finger_turn_hard,8,120000,100.0,0.42173294166723885
7,DrQ-v2,finger_turn_hard,8,140000,1.4,0.49491226375103003
8,DrQ-v2,finger_turn_hard,8,160000,5.7,0.5669362784756555
9,DrQ-v2,finger_turn_hard,8,180000,85.6,0.6385686210128996
10,DrQ-v2,finger_turn_hard,8,200000,100.7,0.7080394962761137
11,DrQ-v2,finger_turn_hard,8,220000,99.4,0.7793233145607842
12,DrQ-v2,finger_turn_hard,8,240000,102.0,0.8515275737312105
13,DrQ-v2,finger_turn_hard,8,260000,200.0,0.9232529699802399
14,DrQ-v2,finger_turn_hard,8,280000,0.0,0.994571616715855
15,DrQ-v2,finger_turn_hard,8,300000,98.9,1.0653222725788751
16,DrQ-v2,finger_turn_hard,8,320000,8.0,1.1380594542953704
17,DrQ-v2,finger_turn_hard,8,340000,101.1,1.2103101705842547
18,DrQ-v2,finger_turn_hard,8,360000,387.2,1.2823369640774196
19,DrQ-v2,finger_turn_hard,8,380000,226.6,1.3537713515096241
20,DrQ-v2,finger_turn_hard,8,400000,0.5,1.4267108470201493
21,DrQ-v2,finger_turn_hard,8,420000,199.5,1.4962047931883071
22,DrQ-v2,finger_turn_hard,8,440000,194.9,1.5657187989022996
23,DrQ-v2,finger_turn_hard,8,460000,342.5,1.6366985399855507
24,DrQ-v2,finger_turn_hard,8,480000,191.7,1.709219338827663
25,DrQ-v2,finger_turn_hard,8,500000,98.0,1.7798572509156334
26,DrQ-v2,finger_turn_hard,8,520000,190.1,1.8527515061696371
27,DrQ-v2,finger_turn_hard,8,540000,181.3,1.9253936926523845
28,DrQ-v2,finger_turn_hard,8,560000,100.0,1.9979265740844938
29,DrQ-v2,finger_turn_hard,8,580000,280.9,2.070138434966405
30,DrQ-v2,finger_turn_hard,8,600000,203.7,2.144166550834974
31,DrQ-v2,finger_turn_hard,8,620000,97.4,2.2160961869027878
32,DrQ-v2,finger_turn_hard,8,640000,586.3,2.2858957370122273
33,DrQ-v2,finger_turn_hard,8,660000,282.1,2.3555207792255612
34,DrQ-v2,finger_turn_hard,8,680000,293.2,2.427388584083981
35,DrQ-v2,finger_turn_hard,8,700000,109.9,2.497103335791164
36,DrQ-v2,finger_turn_hard,8,720000,282.0,2.568941110240089
37,DrQ-v2,finger_turn_hard,8,740000,104.1,2.642284283969138
38,DrQ-v2,finger_turn_hard,8,760000,195.9,2.715311244063907
39,DrQ-v2,finger_turn_hard,8,780000,378.5,2.787462510135439
40,DrQ-v2,finger_turn_hard,8,800000,193.3,2.860244264403979
41,DrQ-v2,finger_turn_hard,8,820000,2.8,2.931930239597957
42,DrQ-v2,finger_turn_hard,8,840000,292.3,3.0016026029984157
43,DrQ-v2,finger_turn_hard,8,860000,335.1,3.0722467530435993
44,DrQ-v2,finger_turn_hard,8,880000,549.0,3.1434633282820386
45,DrQ-v2,finger_turn_hard,8,900000,288.1,3.211704479323493
46,DrQ-v2,finger_turn_hard,8,920000,460.3,3.2836623972654344
47,DrQ-v2,finger_turn_hard,8,940000,389.8,3.356808825532595
48,DrQ-v2,finger_turn_hard,8,960000,403.8,3.429236216545105
49,DrQ-v2,finger_turn_hard,8,980000,338.6,3.5007828419076072
50,DrQ-v2,finger_turn_hard,8,1000000,389.3,3.5744381134377585
51,DrQ-v2,finger_turn_hard,8,1020000,678.6,3.646792742742432
52,DrQ-v2,finger_turn_hard,8,1040000,0.1,3.719716304341952
53,DrQ-v2,finger_turn_hard,8,1060000,679.5,3.790675473676788
54,DrQ-v2,finger_turn_hard,8,1080000,182.8,3.863145117163658
55,DrQ-v2,finger_turn_hard,8,1100000,395.6,3.93285860631201
56,DrQ-v2,finger_turn_hard,8,1120000,475.9,4.001605401502716
57,DrQ-v2,finger_turn_hard,8,1140000,199.4,4.074552597602208
58,DrQ-v2,finger_turn_hard,8,1160000,531.1,4.1472857489188515
59,DrQ-v2,finger_turn_hard,8,1180000,395.2,4.219247160553932
60,DrQ-v2,finger_turn_hard,8,1200000,375.0,4.291401938332451
61,DrQ-v2,finger_turn_hard,8,1220000,565.9,4.363840170635118
62,DrQ-v2,finger_turn_hard,8,1240000,473.5,4.435333986414803
63,DrQ-v2,finger_turn_hard,8,1260000,436.8,4.506862271626789
64,DrQ-v2,finger_turn_hard,8,1280000,746.0,4.577496819562382
65,DrQ-v2,finger_turn_hard,8,1300000,466.5,4.648511393335131
66,DrQ-v2,finger_turn_hard,8,1320000,349.9,4.718196215960715
67,DrQ-v2,finger_turn_hard,8,1340000,585.0,4.788065780599912
68,DrQ-v2,finger_turn_hard,8,1360000,669.9,4.8605643218755725
69,DrQ-v2,finger_turn_hard,8,1380000,538.1,4.93266017569436
70,DrQ-v2,finger_turn_hard,8,1400000,775.4,5.00462742931313
71,DrQ-v2,finger_turn_hard,8,1420000,383.6,5.076300906075371
72,DrQ-v2,finger_turn_hard,8,1440000,669.3,5.148742418355412
73,DrQ-v2,finger_turn_hard,8,1460000,755.5,5.220253772205778
74,DrQ-v2,finger_turn_hard,8,1480000,438.3,5.289805305136575
75,DrQ-v2,finger_turn_hard,8,1500000,584.5,5.362000287506316
76,DrQ-v2,finger_turn_hard,8,1520000,740.9,5.4310573355356855
77,DrQ-v2,finger_turn_hard,8,1540000,639.1,5.502720672753122
78,DrQ-v2,finger_turn_hard,8,1560000,751.0,5.574246772660149
79,DrQ-v2,finger_turn_hard,8,1580000,785.0,5.646335142917104
80,DrQ-v2,finger_turn_hard,8,1600000,848.5,5.7179065655337435
81,DrQ-v2,finger_turn_hard,8,1620000,823.9,5.789324467182158
82,DrQ-v2,finger_turn_hard,8,1640000,815.1,5.8604852949910695
83,DrQ-v2,finger_turn_hard,8,1660000,664.8,5.9329272174172925
84,DrQ-v2,finger_turn_hard,8,1680000,789.9,6.004531619085206
85,DrQ-v2,finger_turn_hard,8,1700000,892.3,6.073728589349322
86,DrQ-v2,finger_turn_hard,8,1720000,633.2,6.142318458490902
87,DrQ-v2,finger_turn_hard,8,1740000,754.7,6.213373110426796
88,DrQ-v2,finger_turn_hard,8,1760000,918.5,6.28515757991208
89,DrQ-v2,finger_turn_hard,8,1780000,845.0,6.357178431418207
90,DrQ-v2,finger_turn_hard,8,1800000,866.6,6.426095479793019
91,DrQ-v2,finger_turn_hard,8,1820000,881.3,6.498805974059635
92,DrQ-v2,finger_turn_hard,8,1840000,864.9,6.571365755796434
93,DrQ-v2,finger_turn_hard,8,1860000,965.4,6.643869147300721
94,DrQ-v2,finger_turn_hard,8,1880000,950.8,6.716364701456494
95,DrQ-v2,finger_turn_hard,8,1900000,967.0,6.785602792965041
96,DrQ-v2,finger_turn_hard,8,1920000,938.7,6.854030014210278
97,DrQ-v2,finger_turn_hard,8,1940000,611.5,6.926436861157417
98,DrQ-v2,finger_turn_hard,8,1960000,851.1,6.998599466615253
99,DrQ-v2,finger_turn_hard,8,1980000,756.1,7.0690638791190255
100,DrQ-v2,finger_turn_hard,8,2000000,863.5,7.14055838379595
101,DrQ-v2,finger_turn_hard,8,2020000,959.9,7.212077774273025
102,DrQ-v2,finger_turn_hard,8,2040000,861.5,7.28291458633211
103,DrQ-v2,finger_turn_hard,8,2060000,968.5,7.355036212139659
104,DrQ-v2,finger_turn_hard,8,2080000,963.6,7.425713633033965
105,DrQ-v2,finger_turn_hard,8,2100000,756.9,7.498075110581186
106,DrQ-v2,finger_turn_hard,8,2120000,832.9,7.5664472113715275
107,DrQ-v2,finger_turn_hard,8,2140000,966.4,7.636654799448119
108,DrQ-v2,finger_turn_hard,8,2160000,862.1,7.707040477262603
109,DrQ-v2,finger_turn_hard,8,2180000,667.8,7.777338997456763
110,DrQ-v2,finger_turn_hard,8,2200000,672.4,7.849062179393239
111,DrQ-v2,finger_turn_hard,8,2220000,837.7,7.921486928462982
112,DrQ-v2,finger_turn_hard,8,2240000,966.5,7.992482476499346
113,DrQ-v2,finger_turn_hard,8,2260000,875.2,8.062430873778132
114,DrQ-v2,finger_turn_hard,8,2280000,857.6,8.13343145509561
115,DrQ-v2,finger_turn_hard,8,2300000,971.8,8.204897118740611
116,DrQ-v2,finger_turn_hard,8,2320000,970.5,8.275398053328194
117,DrQ-v2,finger_turn_hard,8,2340000,953.2,8.34123783018854
118,DrQ-v2,finger_turn_hard,8,2360000,867.9,8.41202818784449
119,DrQ-v2,finger_turn_hard,8,2380000,862.9,8.482382528848118
120,DrQ-v2,finger_turn_hard,8,2400000,853.7,8.552570995622212
121,DrQ-v2,finger_turn_hard,8,2420000,868.1,8.625346303515965
122,DrQ-v2,finger_turn_hard,8,2440000,741.4,8.695364981691043
123,DrQ-v2,finger_turn_hard,8,2460000,962.6,8.769572246604495
124,DrQ-v2,finger_turn_hard,8,2480000,977.9,8.83806943224536
125,DrQ-v2,finger_turn_hard,8,2500000,879.0,8.908099374572435
126,DrQ-v2,finger_turn_hard,8,2520000,946.9,8.979608762065569
127,DrQ-v2,finger_turn_hard,8,2540000,963.4,9.045530862808228
128,DrQ-v2,finger_turn_hard,8,2560000,969.8,9.112810847759247
129,DrQ-v2,finger_turn_hard,8,2580000,865.9,9.184834426376554
130,DrQ-v2,finger_turn_hard,8,2600000,875.5,9.256259654561678
131,DrQ-v2,finger_turn_hard,8,2620000,877.5,9.326161898175876
132,DrQ-v2,finger_turn_hard,8,2640000,862.3,9.396780573791927
133,DrQ-v2,finger_turn_hard,8,2660000,974.4,9.466377494798767
134,DrQ-v2,finger_turn_hard,8,2680000,956.6,9.537618084218767
135,DrQ-v2,finger_turn_hard,8,2700000,967.1,9.60755420267582
136,DrQ-v2,finger_turn_hard,8,2720000,957.8,9.675411501725515
137,DrQ-v2,finger_turn_hard,8,2740000,969.5,9.744292560219765
138,DrQ-v2,finger_turn_hard,8,2760000,864.6,9.811660566926003
139,DrQ-v2,finger_turn_hard,8,2780000,863.6,9.882122415966458
140,DrQ-v2,finger_turn_hard,8,2800000,973.1,9.954622325102488
141,DrQ-v2,finger_turn_hard,8,2820000,839.3,10.025186634527312
142,DrQ-v2,finger_turn_hard,8,2840000,965.8,10.09844871024291
143,DrQ-v2,finger_turn_hard,8,2860000,889.0,10.16891371415721
144,DrQ-v2,finger_turn_hard,8,2880000,953.0,10.239824602868822
145,DrQ-v2,finger_turn_hard,8,2900000,960.9,10.310850013958083
146,DrQ-v2,finger_turn_hard,8,2920000,960.9,10.38193095743656
147,DrQ-v2,finger_turn_hard,8,2940000,973.1,10.450851754479938
148,DrQ-v2,finger_turn_hard,8,2960000,972.1,10.518571991721789
149,DrQ-v2,finger_turn_hard,8,2980000,946.9,10.585344251526726
0,DrQ-v2,finger_turn_hard,9,0,185.9,2.0262930128309444e-06
1,DrQ-v2,finger_turn_hard,9,20000,100.0,0.04558825241194831
2,DrQ-v2,finger_turn_hard,9,40000,100.0,0.09857746773295933
3,DrQ-v2,finger_turn_hard,9,60000,1.3,0.15085100207063887
4,DrQ-v2,finger_turn_hard,9,80000,0.0,0.2031379634141922
5,DrQ-v2,finger_turn_hard,9,100000,101.2,0.2553685947921541
6,DrQ-v2,finger_turn_hard,9,120000,100.0,0.30795466204484306
7,DrQ-v2,finger_turn_hard,9,140000,1.9,0.3609124657842848
8,DrQ-v2,finger_turn_hard,9,160000,102.9,0.4134594900078243
9,DrQ-v2,finger_turn_hard,9,180000,0.0,0.4657949734396405
10,DrQ-v2,finger_turn_hard,9,200000,199.9,0.5184511926439074
11,DrQ-v2,finger_turn_hard,9,220000,0.0,0.5712840314043893
12,DrQ-v2,finger_turn_hard,9,240000,99.3,0.6238406993283168
13,DrQ-v2,finger_turn_hard,9,260000,100.0,0.6760648878415426
14,DrQ-v2,finger_turn_hard,9,280000,102.1,0.7291233586602741
15,DrQ-v2,finger_turn_hard,9,300000,1.1,0.7817679674757851
16,DrQ-v2,finger_turn_hard,9,320000,1.1,0.8340857189893722
17,DrQ-v2,finger_turn_hard,9,340000,107.9,0.8865743452972836
18,DrQ-v2,finger_turn_hard,9,360000,109.4,0.9392671838733885
19,DrQ-v2,finger_turn_hard,9,380000,4.6,0.9916070085101657
20,DrQ-v2,finger_turn_hard,9,400000,0.0,1.044100411070718
21,DrQ-v2,finger_turn_hard,9,420000,101.3,1.096327328019672
22,DrQ-v2,finger_turn_hard,9,440000,99.5,1.1491533640358182
23,DrQ-v2,finger_turn_hard,9,460000,0.6,1.201965683168835
24,DrQ-v2,finger_turn_hard,9,480000,303.5,1.2543053462107978
25,DrQ-v2,finger_turn_hard,9,500000,298.8,1.3070433421929677
26,DrQ-v2,finger_turn_hard,9,520000,0.6,1.3589876825279659
27,DrQ-v2,finger_turn_hard,9,540000,267.8,1.4110753760735193
28,DrQ-v2,finger_turn_hard,9,560000,278.6,1.463193797800276
29,DrQ-v2,finger_turn_hard,9,580000,196.7,1.5153667338026895
30,DrQ-v2,finger_turn_hard,9,600000,99.1,1.5677276932530932
31,DrQ-v2,finger_turn_hard,9,620000,89.6,1.6200609138939115
32,DrQ-v2,finger_turn_hard,9,640000,100.0,1.6724615971909629
33,DrQ-v2,finger_turn_hard,9,660000,193.6,1.7245565252171622
34,DrQ-v2,finger_turn_hard,9,680000,0.0,1.7767328934537039
35,DrQ-v2,finger_turn_hard,9,700000,93.8,1.8294878348377015
36,DrQ-v2,finger_turn_hard,9,720000,99.0,1.8814946538209916
37,DrQ-v2,finger_turn_hard,9,740000,98.9,1.9338275770346323
38,DrQ-v2,finger_turn_hard,9,760000,470.8,1.985760581890742
39,DrQ-v2,finger_turn_hard,9,780000,291.2,2.0379042047924467
40,DrQ-v2,finger_turn_hard,9,800000,452.0,2.0903078952762817
41,DrQ-v2,finger_turn_hard,9,820000,148.8,2.142613812221421
42,DrQ-v2,finger_turn_hard,9,840000,194.0,2.1951102622350054
43,DrQ-v2,finger_turn_hard,9,860000,389.8,2.247249085770713
44,DrQ-v2,finger_turn_hard,9,880000,282.1,2.2995677155256273
45,DrQ-v2,finger_turn_hard,9,900000,448.6,2.3522439407640032
46,DrQ-v2,finger_turn_hard,9,920000,171.9,2.404563993414243
47,DrQ-v2,finger_turn_hard,9,940000,202.6,2.456982675128513
48,DrQ-v2,finger_turn_hard,9,960000,292.2,2.5098611740933525
49,DrQ-v2,finger_turn_hard,9,980000,361.7,2.562473314007123
50,DrQ-v2,finger_turn_hard,9,1000000,102.8,2.614796973135736
51,DrQ-v2,finger_turn_hard,9,1020000,386.9,2.667012559903992
52,DrQ-v2,finger_turn_hard,9,1040000,486.7,2.7191028680404026
53,DrQ-v2,finger_turn_hard,9,1060000,301.3,2.771548020707237
54,DrQ-v2,finger_turn_hard,9,1080000,289.0,2.8239608185158835
55,DrQ-v2,finger_turn_hard,9,1100000,395.2,2.87648853123188
56,DrQ-v2,finger_turn_hard,9,1120000,444.0,2.928631595571835
57,DrQ-v2,finger_turn_hard,9,1140000,275.3,2.98059381696913
58,DrQ-v2,finger_turn_hard,9,1160000,392.6,3.0325260807408227
59,DrQ-v2,finger_turn_hard,9,1180000,378.9,3.085674440595839
60,DrQ-v2,finger_turn_hard,9,1200000,483.7,3.137900917993651
61,DrQ-v2,finger_turn_hard,9,1220000,235.0,3.1899870083729422
62,DrQ-v2,finger_turn_hard,9,1240000,489.9,3.2425093707773422
63,DrQ-v2,finger_turn_hard,9,1260000,566.1,3.2946617913246157
64,DrQ-v2,finger_turn_hard,9,1280000,185.3,3.3470333638456133
65,DrQ-v2,finger_turn_hard,9,1300000,433.6,3.400195048186514
66,DrQ-v2,finger_turn_hard,9,1320000,288.3,3.452490290337139
67,DrQ-v2,finger_turn_hard,9,1340000,172.7,3.5044284574190776
68,DrQ-v2,finger_turn_hard,9,1360000,754.1,3.5563631818029617
69,DrQ-v2,finger_turn_hard,9,1380000,651.0,3.6076923751168777
70,DrQ-v2,finger_turn_hard,9,1400000,783.6,3.659402799407641
71,DrQ-v2,finger_turn_hard,9,1420000,461.3,3.7111765790647935
72,DrQ-v2,finger_turn_hard,9,1440000,579.4,3.7630915926562416
73,DrQ-v2,finger_turn_hard,9,1460000,550.8,3.815580882496304
74,DrQ-v2,finger_turn_hard,9,1480000,610.2,3.868081892132759
75,DrQ-v2,finger_turn_hard,9,1500000,457.4,3.9209038550986186
76,DrQ-v2,finger_turn_hard,9,1520000,194.8,3.973717293606864
77,DrQ-v2,finger_turn_hard,9,1540000,253.3,4.026281064682537
78,DrQ-v2,finger_turn_hard,9,1560000,288.9,4.0791616038481395
79,DrQ-v2,finger_turn_hard,9,1580000,608.7,4.131782933341133
80,DrQ-v2,finger_turn_hard,9,1600000,778.2,4.184360369576348
81,DrQ-v2,finger_turn_hard,9,1620000,782.5,4.237032403681013
82,DrQ-v2,finger_turn_hard,9,1640000,279.6,4.289773585001628
83,DrQ-v2,finger_turn_hard,9,1660000,471.6,4.342279388705889
84,DrQ-v2,finger_turn_hard,9,1680000,431.8,4.395186163385709
85,DrQ-v2,finger_turn_hard,9,1700000,502.1,4.448087415165371
86,DrQ-v2,finger_turn_hard,9,1720000,534.8,4.500789048274358
87,DrQ-v2,finger_turn_hard,9,1740000,533.4,4.553356421457397
88,DrQ-v2,finger_turn_hard,9,1760000,767.3,4.605897753636042
89,DrQ-v2,finger_turn_hard,9,1780000,599.8,4.658510150644514
90,DrQ-v2,finger_turn_hard,9,1800000,768.4,4.7110452291038305
91,DrQ-v2,finger_turn_hard,9,1820000,570.9,4.76363916238149
92,DrQ-v2,finger_turn_hard,9,1840000,672.7,4.81627203186353
93,DrQ-v2,finger_turn_hard,9,1860000,583.6,4.869404507213169
94,DrQ-v2,finger_turn_hard,9,1880000,665.2,4.922062830395169
95,DrQ-v2,finger_turn_hard,9,1900000,587.8,4.975010075370471
96,DrQ-v2,finger_turn_hard,9,1920000,879.5,5.027600279781555
97,DrQ-v2,finger_turn_hard,9,1940000,871.8,5.080665224658118
98,DrQ-v2,finger_turn_hard,9,1960000,375.0,5.1333097804254955
99,DrQ-v2,finger_turn_hard,9,1980000,664.3,5.185677630437744
100,DrQ-v2,finger_turn_hard,9,2000000,808.6,5.238260380625725
101,DrQ-v2,finger_turn_hard,9,2020000,680.5,5.290713720520336
102,DrQ-v2,finger_turn_hard,9,2040000,779.0,5.343001085850927
103,DrQ-v2,finger_turn_hard,9,2060000,858.6,5.3951144524415335
104,DrQ-v2,finger_turn_hard,9,2080000,801.5,5.447410811450746
105,DrQ-v2,finger_turn_hard,9,2100000,933.8,5.4999220771922
106,DrQ-v2,finger_turn_hard,9,2120000,761.7,5.552403385109372
107,DrQ-v2,finger_turn_hard,9,2140000,929.5,5.604840532938639
108,DrQ-v2,finger_turn_hard,9,2160000,858.1,5.657701871130203
109,DrQ-v2,finger_turn_hard,9,2180000,960.6,5.710300572183397
110,DrQ-v2,finger_turn_hard,9,2200000,759.4,5.76299703862932
111,DrQ-v2,finger_turn_hard,9,2220000,768.8,5.815395785172781
112,DrQ-v2,finger_turn_hard,9,2240000,944.3,5.868149831228786
113,DrQ-v2,finger_turn_hard,9,2260000,866.0,5.921005355450842
114,DrQ-v2,finger_turn_hard,9,2280000,864.9,5.973418980505732
115,DrQ-v2,finger_turn_hard,9,2300000,968.0,6.025829866462284
116,DrQ-v2,finger_turn_hard,9,2320000,958.6,6.077962687677807
117,DrQ-v2,finger_turn_hard,9,2340000,771.6,6.1302708581421115
118,DrQ-v2,finger_turn_hard,9,2360000,847.5,6.182829374141163
119,DrQ-v2,finger_turn_hard,9,2380000,647.6,6.2351894765430025
120,DrQ-v2,finger_turn_hard,9,2400000,776.7,6.28757887436284
121,DrQ-v2,finger_turn_hard,9,2420000,737.8,6.339800931811333
122,DrQ-v2,finger_turn_hard,9,2440000,873.0,6.3920528351598325
123,DrQ-v2,finger_turn_hard,9,2460000,842.0,6.444476682742436
124,DrQ-v2,finger_turn_hard,9,2480000,715.2,6.496524539722335
125,DrQ-v2,finger_turn_hard,9,2500000,804.3,6.549234366748068
126,DrQ-v2,finger_turn_hard,9,2520000,959.9,6.60173949042956
127,DrQ-v2,finger_turn_hard,9,2540000,761.2,6.6540083161327575
128,DrQ-v2,finger_turn_hard,9,2560000,876.3,6.706459415488773
129,DrQ-v2,finger_turn_hard,9,2580000,963.1,6.758833923207389
130,DrQ-v2,finger_turn_hard,9,2600000,663.5,6.8110685524675585
131,DrQ-v2,finger_turn_hard,9,2620000,858.7,6.863412270678414
132,DrQ-v2,finger_turn_hard,9,2640000,828.7,6.915404585798582
133,DrQ-v2,finger_turn_hard,9,2660000,865.6,6.967791677117348
134,DrQ-v2,finger_turn_hard,9,2680000,969.7,7.020047913988432
135,DrQ-v2,finger_turn_hard,9,2700000,959.7,7.072143834365739
136,DrQ-v2,finger_turn_hard,9,2720000,855.3,7.123863415519397
137,DrQ-v2,finger_turn_hard,9,2740000,860.6,7.176947984430525
138,DrQ-v2,finger_turn_hard,9,2760000,959.3,7.229618936710888
139,DrQ-v2,finger_turn_hard,9,2780000,965.4,7.281968905329704
140,DrQ-v2,finger_turn_hard,9,2800000,851.2,7.334632906516392
141,DrQ-v2,finger_turn_hard,9,2820000,915.2,7.38738974319564
142,DrQ-v2,finger_turn_hard,9,2840000,859.2,7.440302641855346
143,DrQ-v2,finger_turn_hard,9,2860000,863.9,7.492801386051708
144,DrQ-v2,finger_turn_hard,9,2880000,958.3,7.545249033371608
145,DrQ-v2,finger_turn_hard,9,2900000,959.6,7.5976614199744334
146,DrQ-v2,finger_turn_hard,9,2920000,877.7,7.6502130521668334
147,DrQ-v2,finger_turn_hard,9,2940000,967.1,7.702729263636801
148,DrQ-v2,finger_turn_hard,9,2960000,966.7,7.754931936860085
149,DrQ-v2,finger_turn_hard,9,2980000,948.8,7.807241505649356
0,DrQ-v2,finger_turn_hard,10,0,0.0,1.952913072374111e-06
1,DrQ-v2,finger_turn_hard,10,20000,1.0,0.04581667549080319
2,DrQ-v2,finger_turn_hard,10,40000,0.0,0.09899191187487708
3,DrQ-v2,finger_turn_hard,10,60000,0.0,0.1519268211391237
4,DrQ-v2,finger_turn_hard,10,80000,0.0,0.20581785923904844
5,DrQ-v2,finger_turn_hard,10,100000,200.0,0.25919471575154196
6,DrQ-v2,finger_turn_hard,10,120000,101.7,0.31241093165344663
7,DrQ-v2,finger_turn_hard,10,140000,0.0,0.36563895808325875
8,DrQ-v2,finger_turn_hard,10,160000,202.0,0.41922759797838
9,DrQ-v2,finger_turn_hard,10,180000,100.0,0.47302604549460947
10,DrQ-v2,finger_turn_hard,10,200000,0.6,0.5263391829199261
11,DrQ-v2,finger_turn_hard,10,220000,0.3,0.5796959761116239
12,DrQ-v2,finger_turn_hard,10,240000,200.0,0.6332522626717886
13,DrQ-v2,finger_turn_hard,10,260000,100.3,0.6867885494232178
14,DrQ-v2,finger_turn_hard,10,280000,100.3,0.7398400877581702
15,DrQ-v2,finger_turn_hard,10,300000,200.9,0.7932951114575069
16,DrQ-v2,finger_turn_hard,10,320000,100.0,0.8466906468735801
17,DrQ-v2,finger_turn_hard,10,340000,200.0,0.9006213100088967
18,DrQ-v2,finger_turn_hard,10,360000,100.0,0.9536632331874636
19,DrQ-v2,finger_turn_hard,10,380000,0.0,1.0072390130493378
20,DrQ-v2,finger_turn_hard,10,400000,93.4,1.0608131106032266
21,DrQ-v2,finger_turn_hard,10,420000,0.5,1.1144143468803829
22,DrQ-v2,finger_turn_hard,10,440000,0.0,1.1675734499428008
23,DrQ-v2,finger_turn_hard,10,460000,199.4,1.22017221695847
24,DrQ-v2,finger_turn_hard,10,480000,80.5,1.2736356457074482
25,DrQ-v2,finger_turn_hard,10,500000,0.0,1.326346329715517
26,DrQ-v2,finger_turn_hard,10,520000,0.0,1.3798755516608556
27,DrQ-v2,finger_turn_hard,10,540000,300.0,1.43319157216284
28,DrQ-v2,finger_turn_hard,10,560000,100.6,1.4864465653234058
29,DrQ-v2,finger_turn_hard,10,580000,0.0,1.5398174695173898
30,DrQ-v2,finger_turn_hard,10,600000,0.7,1.593078982498911
31,DrQ-v2,finger_turn_hard,10,620000,300.0,1.6456301790475845
32,DrQ-v2,finger_turn_hard,10,640000,0.3,1.698632968597942
33,DrQ-v2,finger_turn_hard,10,660000,0.0,1.7517731708288193
34,DrQ-v2,finger_turn_hard,10,680000,0.4,1.8048074150747724
35,DrQ-v2,finger_turn_hard,10,700000,94.7,1.8575644299056795
36,DrQ-v2,finger_turn_hard,10,720000,100.0,1.9107280071576436
37,DrQ-v2,finger_turn_hard,10,740000,200.1,1.96376732773251
38,DrQ-v2,finger_turn_hard,10,760000,0.5,2.0172573517428503
39,DrQ-v2,finger_turn_hard,10,780000,0.0,2.070422134200732
40,DrQ-v2,finger_turn_hard,10,800000,199.6,2.123623442583614
41,DrQ-v2,finger_turn_hard,10,820000,100.0,2.176947874691751
42,DrQ-v2,finger_turn_hard,10,840000,100.0,2.229509957432747
43,DrQ-v2,finger_turn_hard,10,860000,0.0,2.282231856783231
44,DrQ-v2,finger_turn_hard,10,880000,100.0,2.334465695288446
45,DrQ-v2,finger_turn_hard,10,900000,99.3,2.3876446702082954
46,DrQ-v2,finger_turn_hard,10,920000,100.0,2.440679314136505
47,DrQ-v2,finger_turn_hard,10,940000,200.0,2.493577791717317
48,DrQ-v2,finger_turn_hard,10,960000,0.0,2.5470535191562447
49,DrQ-v2,finger_turn_hard,10,980000,100.7,2.599698081943724
50,DrQ-v2,finger_turn_hard,10,1000000,0.0,2.652463580767314
51,DrQ-v2,finger_turn_hard,10,1020000,197.4,2.7055275473329754
52,DrQ-v2,finger_turn_hard,10,1040000,0.0,2.7587974592049918
53,DrQ-v2,finger_turn_hard,10,1060000,197.7,2.8119788327482014
54,DrQ-v2,finger_turn_hard,10,1080000,0.0,2.8648898753854968
55,DrQ-v2,finger_turn_hard,10,1100000,0.0,2.9177483525541095
56,DrQ-v2,finger_turn_hard,10,1120000,200.0,2.9710926659901933
57,DrQ-v2,finger_turn_hard,10,1140000,98.0,3.0241751307911344
58,DrQ-v2,finger_turn_hard,10,1160000,0.5,3.0771389469173225
59,DrQ-v2,finger_turn_hard,10,1180000,98.0,3.1301823770999913
60,DrQ-v2,finger_turn_hard,10,1200000,198.2,3.1831533107492653
61,DrQ-v2,finger_turn_hard,10,1220000,354.7,3.2358845516045887
62,DrQ-v2,finger_turn_hard,10,1240000,0.0,3.2896868226263254
63,DrQ-v2,finger_turn_hard,10,1260000,200.0,3.343327600492371
64,DrQ-v2,finger_turn_hard,10,1280000,100.0,3.3973061009910372
65,DrQ-v2,finger_turn_hard,10,1300000,200.0,3.450124632649951
66,DrQ-v2,finger_turn_hard,10,1320000,96.6,3.5029220625427033
67,DrQ-v2,finger_turn_hard,10,1340000,284.1,3.5557866279284154
68,DrQ-v2,finger_turn_hard,10,1360000,477.1,3.608883953226937
69,DrQ-v2,finger_turn_hard,10,1380000,192.3,3.6614685065878763
70,DrQ-v2,finger_turn_hard,10,1400000,188.5,3.713865339424875
71,DrQ-v2,finger_turn_hard,10,1420000,279.8,3.766469770802392
72,DrQ-v2,finger_turn_hard,10,1440000,263.5,3.8196466850572164
73,DrQ-v2,finger_turn_hard,10,1460000,199.1,3.8729553225305344
74,DrQ-v2,finger_turn_hard,10,1480000,286.8,3.9259648301866323
75,DrQ-v2,finger_turn_hard,10,1500000,14.8,3.979533307419883
76,DrQ-v2,finger_turn_hard,10,1520000,177.8,4.033132491045528
77,DrQ-v2,finger_turn_hard,10,1540000,293.2,4.085584962301785
78,DrQ-v2,finger_turn_hard,10,1560000,151.1,4.138712691201104
79,DrQ-v2,finger_turn_hard,10,1580000,575.7,4.192116272581948
80,DrQ-v2,finger_turn_hard,10,1600000,333.8,4.245860076414214
81,DrQ-v2,finger_turn_hard,10,1620000,364.4,4.299030935035812
82,DrQ-v2,finger_turn_hard,10,1640000,347.7,4.352838639352057
83,DrQ-v2,finger_turn_hard,10,1660000,378.6,4.4063051430384315
84,DrQ-v2,finger_turn_hard,10,1680000,486.4,4.459971505006155
85,DrQ-v2,finger_turn_hard,10,1700000,259.8,4.51321342309316
86,DrQ-v2,finger_turn_hard,10,1720000,260.8,4.5666798308822845
87,DrQ-v2,finger_turn_hard,10,1740000,456.6,4.619737642871009
88,DrQ-v2,finger_turn_hard,10,1760000,319.4,4.673115538491143
89,DrQ-v2,finger_turn_hard,10,1780000,385.2,4.726560729675823
90,DrQ-v2,finger_turn_hard,10,1800000,378.4,4.780054837465286
91,DrQ-v2,finger_turn_hard,10,1820000,287.4,4.833251771993107
92,DrQ-v2,finger_turn_hard,10,1840000,291.7,4.88654617495007
93,DrQ-v2,finger_turn_hard,10,1860000,283.6,4.939744685557153
94,DrQ-v2,finger_turn_hard,10,1880000,200.7,4.993101921147771
95,DrQ-v2,finger_turn_hard,10,1900000,196.3,5.0467687153816225
96,DrQ-v2,finger_turn_hard,10,1920000,229.7,5.099905285901493
97,DrQ-v2,finger_turn_hard,10,1940000,294.1,5.1533638693226695
98,DrQ-v2,finger_turn_hard,10,1960000,446.8,5.206712655292617
99,DrQ-v2,finger_turn_hard,10,1980000,375.2,5.259921803341972
100,DrQ-v2,finger_turn_hard,10,2000000,851.5,5.313561194406614
101,DrQ-v2,finger_turn_hard,10,2020000,374.6,5.366535217894448
102,DrQ-v2,finger_turn_hard,10,2040000,395.7,5.419480758640502
103,DrQ-v2,finger_turn_hard,10,2060000,460.4,5.4725629971424725
104,DrQ-v2,finger_turn_hard,10,2080000,272.5,5.52598857740561
105,DrQ-v2,finger_turn_hard,10,2100000,507.6,5.579363637036748
106,DrQ-v2,finger_turn_hard,10,2120000,385.9,5.6325581230719886
107,DrQ-v2,finger_turn_hard,10,2140000,566.5,5.68608890566561
108,DrQ-v2,finger_turn_hard,10,2160000,465.6,5.739399754471249
109,DrQ-v2,finger_turn_hard,10,2180000,668.7,5.792345546020401
110,DrQ-v2,finger_turn_hard,10,2200000,677.0,5.846002881262036
111,DrQ-v2,finger_turn_hard,10,2220000,636.3,5.898956162465944
112,DrQ-v2,finger_turn_hard,10,2240000,615.6,5.951719781557719
113,DrQ-v2,finger_turn_hard,10,2260000,751.1,6.004915079739359
114,DrQ-v2,finger_turn_hard,10,2280000,761.9,6.058119413587782
115,DrQ-v2,finger_turn_hard,10,2300000,812.0,6.110905086729262
116,DrQ-v2,finger_turn_hard,10,2320000,659.3,6.163888181977802
117,DrQ-v2,finger_turn_hard,10,2340000,524.7,6.216801240642867
118,DrQ-v2,finger_turn_hard,10,2360000,777.5,6.269480245908102
119,DrQ-v2,finger_turn_hard,10,2380000,740.8,6.322204386062091
120,DrQ-v2,finger_turn_hard,10,2400000,637.9,6.375792663494746
121,DrQ-v2,finger_turn_hard,10,2420000,843.6,6.429055712752872
122,DrQ-v2,finger_turn_hard,10,2440000,700.4,6.481984656585587
123,DrQ-v2,finger_turn_hard,10,2460000,681.4,6.53539265467061
124,DrQ-v2,finger_turn_hard,10,2480000,865.7,6.5888401998413935
125,DrQ-v2,finger_turn_hard,10,2500000,874.7,6.642261793348524
126,DrQ-v2,finger_turn_hard,10,2520000,677.1,6.695477695133951
127,DrQ-v2,finger_turn_hard,10,2540000,764.1,6.747868914339278
128,DrQ-v2,finger_turn_hard,10,2560000,755.7,6.801534880068567
129,DrQ-v2,finger_turn_hard,10,2580000,593.2,6.8542452485693826
130,DrQ-v2,finger_turn_hard,10,2600000,954.3,6.9078948414988
131,DrQ-v2,finger_turn_hard,10,2620000,858.2,6.960917103025647
132,DrQ-v2,finger_turn_hard,10,2640000,736.8,7.01434098025163
133,DrQ-v2,finger_turn_hard,10,2660000,838.0,7.067736786206563
134,DrQ-v2,finger_turn_hard,10,2680000,866.1,7.12066039237711
135,DrQ-v2,finger_turn_hard,10,2700000,956.5,7.173239213426908
136,DrQ-v2,finger_turn_hard,10,2720000,732.5,7.22601296974553
137,DrQ-v2,finger_turn_hard,10,2740000,765.4,7.279374873108333
138,DrQ-v2,finger_turn_hard,10,2760000,946.6,7.332865729067061
139,DrQ-v2,finger_turn_hard,10,2780000,817.9,7.386223676138454
140,DrQ-v2,finger_turn_hard,10,2800000,666.7,7.439688664740986
141,DrQ-v2,finger_turn_hard,10,2820000,857.3,7.4932827333609255
142,DrQ-v2,finger_turn_hard,10,2840000,766.9,7.546182779206169
143,DrQ-v2,finger_turn_hard,10,2860000,675.1,7.598851424124506
144,DrQ-v2,finger_turn_hard,10,2880000,969.0,7.6517040604352955
145,DrQ-v2,finger_turn_hard,10,2900000,872.2,7.704528972440296
146,DrQ-v2,finger_turn_hard,10,2920000,873.7,7.756933669182989
147,DrQ-v2,finger_turn_hard,10,2940000,754.6,7.810215721726418
148,DrQ-v2,finger_turn_hard,10,2960000,861.9,7.862993668251567
149,DrQ-v2,finger_turn_hard,10,2980000,960.7,7.913020873003536
