,agent,task,seed,frame,episode_reward,hour
0,DrQ-v2,finger_turn_easy,1,0,300.0,1.5895234213934999e-06
1,DrQ-v2,finger_turn_easy,1,20000,100.0,0.044089465075069
2,DrQ-v2,finger_turn_easy,1,40000,300.3,0.0937025456958347
3,DrQ-v2,finger_turn_easy,1,60000,101.4,0.14413948522673714
4,DrQ-v2,finger_turn_easy,1,80000,199.0,0.19435323231750065
5,DrQ-v2,finger_turn_easy,1,100000,100.3,0.24386119445164997
6,DrQ-v2,finger_turn_easy,1,120000,206.4,0.29372786104679116
7,DrQ-v2,finger_turn_easy,1,140000,200.0,0.34317969103654217
8,DrQ-v2,finger_turn_easy,1,160000,0.9,0.3933328631851408
9,DrQ-v2,finger_turn_easy,1,180000,199.5,0.44367883139186437
10,DrQ-v2,finger_turn_easy,1,200000,399.0,0.4941512524419361
11,DrQ-v2,finger_turn_easy,1,220000,594.3,0.5442655199766159
12,DrQ-v2,finger_turn_easy,1,240000,199.1,0.594760867357254
13,DrQ-v2,finger_turn_easy,1,260000,199.1,0.6441125765111712
14,DrQ-v2,finger_turn_easy,1,280000,201.1,0.6950600586334864
15,DrQ-v2,finger_turn_easy,1,300000,296.3,0.7447551349136564
16,DrQ-v2,finger_turn_easy,1,320000,101.1,0.7948048979706235
17,DrQ-v2,finger_turn_easy,1,340000,0.0,0.8446497311194737
18,DrQ-v2,finger_turn_easy,1,360000,0.0,0.8955443597502178
19,DrQ-v2,finger_turn_easy,1,380000,0.0,0.9459843322965834
20,DrQ-v2,finger_turn_easy,1,400000,308.5,0.9964640256431367
21,DrQ-v2,finger_turn_easy,1,420000,297.7,1.0473461106088426
22,DrQ-v2,finger_turn_easy,1,440000,288.9,1.0977320469088026
23,DrQ-v2,finger_turn_easy,1,460000,199.1,1.147209609548251
24,DrQ-v2,finger_turn_easy,1,480000,335.4,1.1980527815553876
25,DrQ-v2,finger_turn_easy,1,500000,195.4,1.2481138865815269
26,DrQ-v2,finger_turn_easy,1,520000,87.1,1.2977861606412464
27,DrQ-v2,finger_turn_easy,1,540000,195.0,1.349064731001854
28,DrQ-v2,finger_turn_easy,1,560000,200.0,1.3996809136867523
29,DrQ-v2,finger_turn_easy,1,580000,492.3,1.449391048219469
30,DrQ-v2,finger_turn_easy,1,600000,280.0,1.4994281325737635
31,DrQ-v2,finger_turn_easy,1,620000,81.8,1.549453792836931
32,DrQ-v2,finger_turn_easy,1,640000,223.1,1.6002165616883173
33,DrQ-v2,finger_turn_easy,1,660000,594.8,1.6505310879151027
34,DrQ-v2,finger_turn_easy,1,680000,772.1,1.7008337467246586
35,DrQ-v2,finger_turn_easy,1,700000,595.1,1.7506817956765492
36,DrQ-v2,finger_turn_easy,1,720000,421.0,1.8004700786537595
37,DrQ-v2,finger_turn_easy,1,740000,543.8,1.851652133067449
38,DrQ-v2,finger_turn_easy,1,760000,383.5,1.9020923396613862
39,DrQ-v2,finger_turn_easy,1,780000,297.5,1.95225420958466
40,DrQ-v2,finger_turn_easy,1,800000,683.1,2.002070323228836
41,DrQ-v2,finger_turn_easy,1,820000,634.9,2.05278273291058
42,DrQ-v2,finger_turn_easy,1,840000,429.6,2.1036183169815277
43,DrQ-v2,finger_turn_easy,1,860000,554.0,2.1543040437168544
44,DrQ-v2,finger_turn_easy,1,880000,623.5,2.2053979386885962
45,DrQ-v2,finger_turn_easy,1,900000,664.5,2.2566281076934604
46,DrQ-v2,finger_turn_easy,1,920000,557.4,2.3068986989392175
47,DrQ-v2,finger_turn_easy,1,940000,574.9,2.357252448797226
48,DrQ-v2,finger_turn_easy,1,960000,686.2,2.407975023852454
49,DrQ-v2,finger_turn_easy,1,980000,466.0,2.4593081827958425
50,DrQ-v2,finger_turn_easy,1,1000000,674.8,2.509597095913357
51,DrQ-v2,finger_turn_easy,1,1020000,388.5,2.55945864101251
52,DrQ-v2,finger_turn_easy,1,1040000,609.7,2.6096381835805045
53,DrQ-v2,finger_turn_easy,1,1060000,560.0,2.6600785584582223
54,DrQ-v2,finger_turn_easy,1,1080000,481.3,2.710759522451294
55,DrQ-v2,finger_turn_easy,1,1100000,749.1,2.7617860052982968
56,DrQ-v2,finger_turn_easy,1,1120000,669.9,2.8117461921109093
57,DrQ-v2,finger_turn_easy,1,1140000,564.6,2.861582110789087
58,DrQ-v2,finger_turn_easy,1,1160000,627.6,2.9119516386588415
59,DrQ-v2,finger_turn_easy,1,1180000,719.5,2.963435142967436
60,DrQ-v2,finger_turn_easy,1,1200000,812.0,3.0147138908836575
61,DrQ-v2,finger_turn_easy,1,1220000,950.0,3.064499789675077
62,DrQ-v2,finger_turn_easy,1,1240000,900.5,3.1151259287860653
63,DrQ-v2,finger_turn_easy,1,1260000,835.3,3.1662998409403693
64,DrQ-v2,finger_turn_easy,1,1280000,592.6,3.216964516573482
65,DrQ-v2,finger_turn_easy,1,1300000,887.3,3.2671476978725855
66,DrQ-v2,finger_turn_easy,1,1320000,820.0,3.317926944030656
67,DrQ-v2,finger_turn_easy,1,1340000,729.1,3.3681513318750596
68,DrQ-v2,finger_turn_easy,1,1360000,938.2,3.419077347583241
69,DrQ-v2,finger_turn_easy,1,1380000,971.5,3.4699081144067976
70,DrQ-v2,finger_turn_easy,1,1400000,838.0,3.519894605941243
71,DrQ-v2,finger_turn_easy,1,1420000,822.9,3.5710596729649438
72,DrQ-v2,finger_turn_easy,1,1440000,930.1,3.6216224898894627
73,DrQ-v2,finger_turn_easy,1,1460000,787.4,3.6717861525879965
74,DrQ-v2,finger_turn_easy,1,1480000,958.3,3.7219822999503878
75,DrQ-v2,finger_turn_easy,1,1500000,791.2,3.773284787668122
76,DrQ-v2,finger_turn_easy,1,1520000,868.3,3.8242208216587703
77,DrQ-v2,finger_turn_easy,1,1540000,776.3,3.8745399150583477
78,DrQ-v2,finger_turn_easy,1,1560000,949.7,3.925703138377931
79,DrQ-v2,finger_turn_easy,1,1580000,847.2,3.97562200182014
80,DrQ-v2,finger_turn_easy,1,1600000,955.7,4.025389841794968
81,DrQ-v2,finger_turn_easy,1,1620000,970.5,4.077041420406766
82,DrQ-v2,finger_turn_easy,1,1640000,858.3,4.129135986765226
83,DrQ-v2,finger_turn_easy,1,1660000,963.0,4.1799716306395
84,DrQ-v2,finger_turn_easy,1,1680000,855.5,4.2313337762488255
85,DrQ-v2,finger_turn_easy,1,1700000,782.8,4.28164297706551
86,DrQ-v2,finger_turn_easy,1,1720000,932.8,4.332120084365209
87,DrQ-v2,finger_turn_easy,1,1740000,966.5,4.382856704195341
88,DrQ-v2,finger_turn_easy,1,1760000,846.2,4.433645993338691
89,DrQ-v2,finger_turn_easy,1,1780000,968.8,4.484508654210303
90,DrQ-v2,finger_turn_easy,1,1800000,882.0,4.535013933645354
91,DrQ-v2,finger_turn_easy,1,1820000,969.7,4.585849490298165
92,DrQ-v2,finger_turn_easy,1,1840000,916.8,4.637117444409265
93,DrQ-v2,finger_turn_easy,1,1860000,918.9,4.687962366806136
94,DrQ-v2,finger_turn_easy,1,1880000,943.1,4.73831233004729
95,DrQ-v2,finger_turn_easy,1,1900000,976.2,4.789075158900685
96,DrQ-v2,finger_turn_easy,1,1920000,965.0,4.839274263448186
97,DrQ-v2,finger_turn_easy,1,1940000,983.5,4.889457668595844
98,DrQ-v2,finger_turn_easy,1,1960000,954.6,4.939985050757726
99,DrQ-v2,finger_turn_easy,1,1980000,954.0,4.990997358693017
100,DrQ-v2,finger_turn_easy,1,2000000,865.4,5.041207154260741
101,DrQ-v2,finger_turn_easy,1,2020000,953.0,5.0924918293952945
102,DrQ-v2,finger_turn_easy,1,2040000,843.2,5.142527063952552
103,DrQ-v2,finger_turn_easy,1,2060000,891.4,5.19366849038336
104,DrQ-v2,finger_turn_easy,1,2080000,951.5,5.245133381750848
105,DrQ-v2,finger_turn_easy,1,2100000,965.8,5.2961012230316795
106,DrQ-v2,finger_turn_easy,1,2120000,887.8,5.34644961853822
107,DrQ-v2,finger_turn_easy,1,2140000,953.5,5.397669427129958
108,DrQ-v2,finger_turn_easy,1,2160000,977.5,5.449266652266185
109,DrQ-v2,finger_turn_easy,1,2180000,954.4,5.499736997418934
110,DrQ-v2,finger_turn_easy,1,2200000,967.1,5.549923274980651
111,DrQ-v2,finger_turn_easy,1,2220000,962.4,5.601074730753899
112,DrQ-v2,finger_turn_easy,1,2240000,962.6,5.652454524503814
113,DrQ-v2,finger_turn_easy,1,2260000,872.2,5.702959765063392
114,DrQ-v2,finger_turn_easy,1,2280000,987.6,5.754106141130128
115,DrQ-v2,finger_turn_easy,1,2300000,844.1,5.804884786274699
116,DrQ-v2,finger_turn_easy,1,2320000,873.9,5.856119967036778
117,DrQ-v2,finger_turn_easy,1,2340000,964.9,5.906392663982181
118,DrQ-v2,finger_turn_easy,1,2360000,837.9,5.9577230390575195
119,DrQ-v2,finger_turn_easy,1,2380000,973.7,6.00864653772778
120,DrQ-v2,finger_turn_easy,1,2400000,976.8,6.05913587225808
121,DrQ-v2,finger_turn_easy,1,2420000,950.0,6.109781875809034
122,DrQ-v2,finger_turn_easy,1,2440000,964.2,6.16087898976273
123,DrQ-v2,finger_turn_easy,1,2460000,955.7,6.211195206046105
124,DrQ-v2,finger_turn_easy,1,2480000,971.1,6.261586971680323
125,DrQ-v2,finger_turn_easy,1,2500000,968.0,6.312716051472558
126,DrQ-v2,finger_turn_easy,1,2520000,975.7,6.363196329143312
127,DrQ-v2,finger_turn_easy,1,2540000,945.5,6.413262850178612
128,DrQ-v2,finger_turn_easy,1,2560000,963.2,6.464564051694341
129,DrQ-v2,finger_turn_easy,1,2580000,963.2,6.514775357180172
130,DrQ-v2,finger_turn_easy,1,2600000,965.6,6.5644529249933035
131,DrQ-v2,finger_turn_easy,1,2620000,969.1,6.615316729015774
132,DrQ-v2,finger_turn_easy,1,2640000,869.9,6.666171027885543
133,DrQ-v2,finger_turn_easy,1,2660000,912.6,6.716664065917333
134,DrQ-v2,finger_turn_easy,1,2680000,957.4,6.7677508207824495
135,DrQ-v2,finger_turn_easy,1,2700000,965.8,6.818812558121151
136,DrQ-v2,finger_turn_easy,1,2720000,960.6,6.869865214758449
137,DrQ-v2,finger_turn_easy,1,2740000,975.3,6.921045078105396
138,DrQ-v2,finger_turn_easy,1,2760000,983.6,6.971607309116258
139,DrQ-v2,finger_turn_easy,1,2780000,874.0,7.022307909329733
140,DrQ-v2,finger_turn_easy,1,2800000,964.7,7.073525409897169
141,DrQ-v2,finger_turn_easy,1,2820000,872.2,7.12423210243384
142,DrQ-v2,finger_turn_easy,1,2840000,973.2,7.1747529788812
143,DrQ-v2,finger_turn_easy,1,2860000,970.2,7.2259222677681185
144,DrQ-v2,finger_turn_easy,1,2880000,980.4,7.275901226732467
145,DrQ-v2,finger_turn_easy,1,2900000,977.6,7.326516832907995
146,DrQ-v2,finger_turn_easy,1,2920000,889.5,7.3774758908483715
147,DrQ-v2,finger_turn_easy,1,2940000,964.1,7.428922995527586
148,DrQ-v2,finger_turn_easy,1,2960000,989.8,7.480061410930422
149,DrQ-v2,finger_turn_easy,1,2980000,973.9,7.531087756819195
0,DrQ-v2,finger_turn_easy,2,0,100.0,1.1127524905734445e-06
1,DrQ-v2,finger_turn_easy,2,20000,100.7,0.03886541446050008
2,DrQ-v2,finger_turn_easy,2,40000,100.0,0.08546145882871416
3,DrQ-v2,finger_turn_easy,2,60000,210.5,0.13488154391447704
4,DrQ-v2,finger_turn_easy,2,80000,100.0,0.18467924535274505
5,DrQ-v2,finger_turn_easy,2,100000,200.0,0.23353604720698462
6,DrQ-v2,finger_turn_easy,2,120000,98.4,0.2834464679161708
7,DrQ-v2,finger_turn_easy,2,140000,0.0,0.3326339534918467
8,DrQ-v2,finger_turn_easy,2,160000,101.3,0.3821059069368574
9,DrQ-v2,finger_turn_easy,2,180000,291.6,0.4315210148360995
10,DrQ-v2,finger_turn_easy,2,200000,1.2,0.4814645297659768
11,DrQ-v2,finger_turn_easy,2,220000,98.1,0.5303334164619445
12,DrQ-v2,finger_turn_easy,2,240000,199.0,0.580266032020251
13,DrQ-v2,finger_turn_easy,2,260000,279.2,0.6298429020908145
14,DrQ-v2,finger_turn_easy,2,280000,99.9,0.6789088408152263
15,DrQ-v2,finger_turn_easy,2,300000,496.2,0.728966956337293
16,DrQ-v2,finger_turn_easy,2,320000,274.6,0.7794480003913244
17,DrQ-v2,finger_turn_easy,2,340000,386.8,0.829495376613405
18,DrQ-v2,finger_turn_easy,2,360000,200.0,0.8785522892077764
19,DrQ-v2,finger_turn_easy,2,380000,199.4,0.9281943345069885
20,DrQ-v2,finger_turn_easy,2,400000,504.0,0.9784986507892609
21,DrQ-v2,finger_turn_easy,2,420000,489.8,1.0279157671001222
22,DrQ-v2,finger_turn_easy,2,440000,398.7,1.077306515044636
23,DrQ-v2,finger_turn_easy,2,460000,275.0,1.126961931851175
24,DrQ-v2,finger_turn_easy,2,480000,300.6,1.1775112250116135
25,DrQ-v2,finger_turn_easy,2,500000,3.6,1.2275940732161204
26,DrQ-v2,finger_turn_easy,2,520000,344.0,1.2775341116719776
27,DrQ-v2,finger_turn_easy,2,540000,479.2,1.3275374363528358
28,DrQ-v2,finger_turn_easy,2,560000,195.9,1.376856263743507
29,DrQ-v2,finger_turn_easy,2,580000,174.3,1.4265579348140294
30,DrQ-v2,finger_turn_easy,2,600000,102.1,1.4766388004355961
31,DrQ-v2,finger_turn_easy,2,620000,200.0,1.5267324270142448
32,DrQ-v2,finger_turn_easy,2,640000,100.0,1.5772442760070164
33,DrQ-v2,finger_turn_easy,2,660000,206.8,1.6278314185142517
34,DrQ-v2,finger_turn_easy,2,680000,490.4,1.677592590848605
35,DrQ-v2,finger_turn_easy,2,700000,200.0,1.7280926245450976
36,DrQ-v2,finger_turn_easy,2,720000,299.7,1.7792801206641726
37,DrQ-v2,finger_turn_easy,2,740000,99.7,1.8297365978691313
38,DrQ-v2,finger_turn_easy,2,760000,181.9,1.8793644310368434
39,DrQ-v2,finger_turn_easy,2,780000,397.9,1.9295326614379882
40,DrQ-v2,finger_turn_easy,2,800000,490.7,1.98031011376116
41,DrQ-v2,finger_turn_easy,2,820000,480.6,2.02995760526922
42,DrQ-v2,finger_turn_easy,2,840000,578.1,2.080866175029013
43,DrQ-v2,finger_turn_easy,2,860000,386.0,2.131296556194623
44,DrQ-v2,finger_turn_easy,2,880000,571.8,2.181495694981681
45,DrQ-v2,finger_turn_easy,2,900000,125.7,2.231688082681762
46,DrQ-v2,finger_turn_easy,2,920000,392.6,2.2815087447563807
47,DrQ-v2,finger_turn_easy,2,940000,658.4,2.332617869840728
48,DrQ-v2,finger_turn_easy,2,960000,267.7,2.3822233604722554
49,DrQ-v2,finger_turn_easy,2,980000,384.3,2.432066336737739
50,DrQ-v2,finger_turn_easy,2,1000000,296.9,2.483450920449363
51,DrQ-v2,finger_turn_easy,2,1020000,488.2,2.5333801826503546
52,DrQ-v2,finger_turn_easy,2,1040000,189.7,2.58384639998277
53,DrQ-v2,finger_turn_easy,2,1060000,522.7,2.635466441909472
54,DrQ-v2,finger_turn_easy,2,1080000,307.0,2.685511548254225
55,DrQ-v2,finger_turn_easy,2,1100000,371.8,2.7355129433340504
56,DrQ-v2,finger_turn_easy,2,1120000,550.5,2.7856232579549154
57,DrQ-v2,finger_turn_easy,2,1140000,377.3,2.8358706541856136
58,DrQ-v2,finger_turn_easy,2,1160000,535.5,2.8865112801392874
59,DrQ-v2,finger_turn_easy,2,1180000,559.7,2.937258344491323
60,DrQ-v2,finger_turn_easy,2,1200000,547.7,2.987819196383158
61,DrQ-v2,finger_turn_easy,2,1220000,666.7,3.0375060858329137
62,DrQ-v2,finger_turn_easy,2,1240000,492.0,3.087557855910725
63,DrQ-v2,finger_turn_easy,2,1260000,689.6,3.137702104979091
64,DrQ-v2,finger_turn_easy,2,1280000,680.1,3.187849055396186
65,DrQ-v2,finger_turn_easy,2,1300000,745.6,3.2381104165977903
66,DrQ-v2,finger_turn_easy,2,1320000,465.1,3.2887516762150653
67,DrQ-v2,finger_turn_easy,2,1340000,498.6,3.3386909584866635
68,DrQ-v2,finger_turn_easy,2,1360000,281.6,3.3884250354766845
69,DrQ-v2,finger_turn_easy,2,1380000,865.2,3.4384447114335166
70,DrQ-v2,finger_turn_easy,2,1400000,594.7,3.48868679801623
71,DrQ-v2,finger_turn_easy,2,1420000,660.2,3.538570265703731
72,DrQ-v2,finger_turn_easy,2,1440000,757.1,3.5895211049583224
73,DrQ-v2,finger_turn_easy,2,1460000,748.3,3.6402387303113932
74,DrQ-v2,finger_turn_easy,2,1480000,875.0,3.689773377709919
75,DrQ-v2,finger_turn_easy,2,1500000,835.1,3.74084553539753
76,DrQ-v2,finger_turn_easy,2,1520000,756.5,3.7910998904705044
77,DrQ-v2,finger_turn_easy,2,1540000,807.2,3.8412797264258067
78,DrQ-v2,finger_turn_easy,2,1560000,830.4,3.892302599151929
79,DrQ-v2,finger_turn_easy,2,1580000,858.4,3.9427786018451054
80,DrQ-v2,finger_turn_easy,2,1600000,847.6,3.991953748000993
81,DrQ-v2,finger_turn_easy,2,1620000,785.4,4.043173804680507
82,DrQ-v2,finger_turn_easy,2,1640000,846.4,4.094359959496392
83,DrQ-v2,finger_turn_easy,2,1660000,964.6,4.144946166475614
84,DrQ-v2,finger_turn_easy,2,1680000,806.1,4.194747906393475
85,DrQ-v2,finger_turn_easy,2,1700000,855.2,4.244091213610437
86,DrQ-v2,finger_turn_easy,2,1720000,804.6,4.29515919400586
87,DrQ-v2,finger_turn_easy,2,1740000,925.2,4.3462778166267615
88,DrQ-v2,finger_turn_easy,2,1760000,822.7,4.396983220908377
89,DrQ-v2,finger_turn_easy,2,1780000,922.0,4.447498148216142
90,DrQ-v2,finger_turn_easy,2,1800000,980.0,4.498069719539748
91,DrQ-v2,finger_turn_easy,2,1820000,948.4,4.54849236898952
92,DrQ-v2,finger_turn_easy,2,1840000,949.2,4.598910522858302
93,DrQ-v2,finger_turn_easy,2,1860000,971.1,4.649603035185073
94,DrQ-v2,finger_turn_easy,2,1880000,831.5,4.700199120706982
95,DrQ-v2,finger_turn_easy,2,1900000,956.2,4.7512622319989735
96,DrQ-v2,finger_turn_easy,2,1920000,717.9,4.801736221843296
97,DrQ-v2,finger_turn_easy,2,1940000,960.1,4.851452626254823
98,DrQ-v2,finger_turn_easy,2,1960000,951.0,4.9029755022790695
99,DrQ-v2,finger_turn_easy,2,1980000,953.0,4.953242756128311
100,DrQ-v2,finger_turn_easy,2,2000000,976.6,5.003019391761886
101,DrQ-v2,finger_turn_easy,2,2020000,975.7,5.053799073696137
102,DrQ-v2,finger_turn_easy,2,2040000,869.5,5.103596596651607
103,DrQ-v2,finger_turn_easy,2,2060000,950.6,5.154065396255917
104,DrQ-v2,finger_turn_easy,2,2080000,938.2,5.204341926177344
105,DrQ-v2,finger_turn_easy,2,2100000,898.6,5.254574931462606
106,DrQ-v2,finger_turn_easy,2,2120000,960.5,5.30469343357616
107,DrQ-v2,finger_turn_easy,2,2140000,853.4,5.355254087183211
108,DrQ-v2,finger_turn_easy,2,2160000,959.4,5.405125388039483
109,DrQ-v2,finger_turn_easy,2,2180000,981.7,5.454908138579793
110,DrQ-v2,finger_turn_easy,2,2200000,950.8,5.505711379912165
111,DrQ-v2,finger_turn_easy,2,2220000,886.3,5.556234252320396
112,DrQ-v2,finger_turn_easy,2,2240000,971.3,5.607099990977181
113,DrQ-v2,finger_turn_easy,2,2260000,877.2,5.656928193502956
114,DrQ-v2,finger_turn_easy,2,2280000,950.8,5.707073595457607
115,DrQ-v2,finger_turn_easy,2,2300000,975.1,5.757746184799406
116,DrQ-v2,finger_turn_easy,2,2320000,969.5,5.808358978033067
117,DrQ-v2,finger_turn_easy,2,2340000,965.9,5.85833410150475
118,DrQ-v2,finger_turn_easy,2,2360000,955.5,5.908970841964086
119,DrQ-v2,finger_turn_easy,2,2380000,961.3,5.959839125805431
120,DrQ-v2,finger_turn_easy,2,2400000,964.3,6.010771809021632
121,DrQ-v2,finger_turn_easy,2,2420000,777.6,6.061697422862053
122,DrQ-v2,finger_turn_easy,2,2440000,861.2,6.111837250656551
123,DrQ-v2,finger_turn_easy,2,2460000,983.9,6.161243636343214
124,DrQ-v2,finger_turn_easy,2,2480000,959.3,6.211694450643328
125,DrQ-v2,finger_turn_easy,2,2500000,971.8,6.262482438021236
126,DrQ-v2,finger_turn_easy,2,2520000,951.0,6.31297053694725
127,DrQ-v2,finger_turn_easy,2,2540000,953.0,6.362514800296888
128,DrQ-v2,finger_turn_easy,2,2560000,969.3,6.413706106742223
129,DrQ-v2,finger_turn_easy,2,2580000,967.7,6.464025043977633
130,DrQ-v2,finger_turn_easy,2,2600000,969.2,6.514853050576316
131,DrQ-v2,finger_turn_easy,2,2620000,975.5,6.565622023476495
132,DrQ-v2,finger_turn_easy,2,2640000,970.6,6.615475988520516
133,DrQ-v2,finger_turn_easy,2,2660000,869.7,6.665898653202587
134,DrQ-v2,finger_turn_easy,2,2680000,964.0,6.716609232823054
135,DrQ-v2,finger_turn_easy,2,2700000,944.8,6.766351224780083
136,DrQ-v2,finger_turn_easy,2,2720000,972.4,6.816466128296322
137,DrQ-v2,finger_turn_easy,2,2740000,980.1,6.867543987631798
138,DrQ-v2,finger_turn_easy,2,2760000,962.1,6.918475443323453
139,DrQ-v2,finger_turn_easy,2,2780000,961.9,6.968365442554156
140,DrQ-v2,finger_turn_easy,2,2800000,959.1,7.017839060227076
141,DrQ-v2,finger_turn_easy,2,2820000,978.0,7.068335519168112
142,DrQ-v2,finger_turn_easy,2,2840000,861.6,7.118856862054931
143,DrQ-v2,finger_turn_easy,2,2860000,956.8,7.169421102338367
144,DrQ-v2,finger_turn_easy,2,2880000,942.3,7.220527459647921
145,DrQ-v2,finger_turn_easy,2,2900000,946.3,7.2719823247856565
146,DrQ-v2,finger_turn_easy,2,2920000,987.2,7.322586181826063
147,DrQ-v2,finger_turn_easy,2,2940000,960.4,7.372626117401653
148,DrQ-v2,finger_turn_easy,2,2960000,970.2,7.423910663790173
149,DrQ-v2,finger_turn_easy,2,2980000,980.5,7.474741801950667
0,DrQ-v2,finger_turn_easy,3,0,200.0,1.6256835725572222e-06
1,DrQ-v2,finger_turn_easy,3,20000,200.0,0.04403562956386142
2,DrQ-v2,finger_turn_easy,3,40000,100.0,0.09331647051705257
3,DrQ-v2,finger_turn_easy,3,60000,298.6,0.14392410569720798
4,DrQ-v2,finger_turn_easy,3,80000,300.2,0.19385531266530354
5,DrQ-v2,finger_turn_easy,3,100000,200.0,0.2431684254275428
6,DrQ-v2,finger_turn_easy,3,120000,298.1,0.2929971359835731
7,DrQ-v2,finger_turn_easy,3,140000,199.6,0.34228783124023016
8,DrQ-v2,finger_turn_easy,3,160000,101.9,0.39243699325455556
9,DrQ-v2,finger_turn_easy,3,180000,204.5,0.4428991102510028
10,DrQ-v2,finger_turn_easy,3,200000,100.0,0.4929373918639289
11,DrQ-v2,finger_turn_easy,3,220000,295.4,0.5429248629675971
12,DrQ-v2,finger_turn_easy,3,240000,297.5,0.5930585733387206
13,DrQ-v2,finger_turn_easy,3,260000,200.0,0.6428229093551636
14,DrQ-v2,finger_turn_easy,3,280000,100.0,0.6935412004258897
15,DrQ-v2,finger_turn_easy,3,300000,96.5,0.7429982515176138
16,DrQ-v2,finger_turn_easy,3,320000,200.0,0.7927582273880639
17,DrQ-v2,finger_turn_easy,3,340000,292.9,0.8424146154854033
18,DrQ-v2,finger_turn_easy,3,360000,293.2,0.893481974667973
19,DrQ-v2,finger_turn_easy,3,380000,95.7,0.9440098663171134
20,DrQ-v2,finger_turn_easy,3,400000,292.1,0.9942315323485269
21,DrQ-v2,finger_turn_easy,3,420000,295.5,1.045150761736764
22,DrQ-v2,finger_turn_easy,3,440000,283.2,1.0955883657270007
23,DrQ-v2,finger_turn_easy,3,460000,296.8,1.1448928934997982
24,DrQ-v2,finger_turn_easy,3,480000,221.2,1.19584383295642
25,DrQ-v2,finger_turn_easy,3,500000,217.6,1.2457088720136218
26,DrQ-v2,finger_turn_easy,3,520000,397.1,1.2953111271063487
27,DrQ-v2,finger_turn_easy,3,540000,349.1,1.3460429210133023
28,DrQ-v2,finger_turn_easy,3,560000,688.9,1.396353775660197
29,DrQ-v2,finger_turn_easy,3,580000,499.6,1.446062533656756
30,DrQ-v2,finger_turn_easy,3,600000,348.4,1.4960069426563052
31,DrQ-v2,finger_turn_easy,3,620000,391.8,1.5461779721577962
32,DrQ-v2,finger_turn_easy,3,640000,349.7,1.596664037572013
33,DrQ-v2,finger_turn_easy,3,660000,367.7,1.6465156415436002
34,DrQ-v2,finger_turn_easy,3,680000,391.3,1.696534673306677
35,DrQ-v2,finger_turn_easy,3,700000,287.4,1.7460759062237212
36,DrQ-v2,finger_turn_easy,3,720000,400.0,1.7954671284887527
37,DrQ-v2,finger_turn_easy,3,740000,293.2,1.8466963263352711
38,DrQ-v2,finger_turn_easy,3,760000,177.2,1.8969909914334615
39,DrQ-v2,finger_turn_easy,3,780000,285.4,1.9469455060693952
40,DrQ-v2,finger_turn_easy,3,800000,280.3,1.996414745979839
41,DrQ-v2,finger_turn_easy,3,820000,299.3,2.046731074121263
42,DrQ-v2,finger_turn_easy,3,840000,376.5,2.0972907186879053
43,DrQ-v2,finger_turn_easy,3,860000,563.3,2.147640869816144
44,DrQ-v2,finger_turn_easy,3,880000,299.0,2.198660682439804
45,DrQ-v2,finger_turn_easy,3,900000,458.4,2.2499356016185548
46,DrQ-v2,finger_turn_easy,3,920000,516.6,2.300467834472656
47,DrQ-v2,finger_turn_easy,3,940000,488.2,2.3501234665844177
48,DrQ-v2,finger_turn_easy,3,960000,390.3,2.4006273953782187
49,DrQ-v2,finger_turn_easy,3,980000,280.5,2.4521070839299095
50,DrQ-v2,finger_turn_easy,3,1000000,403.3,2.5020020318693583
51,DrQ-v2,finger_turn_easy,3,1020000,526.0,2.551735987000996
52,DrQ-v2,finger_turn_easy,3,1040000,660.9,2.6011959413687387
53,DrQ-v2,finger_turn_easy,3,1060000,672.9,2.651347829699517
54,DrQ-v2,finger_turn_easy,3,1080000,786.1,2.7021504478322136
55,DrQ-v2,finger_turn_easy,3,1100000,531.8,2.752742488980293
56,DrQ-v2,finger_turn_easy,3,1120000,727.3,2.8034308080540766
57,DrQ-v2,finger_turn_easy,3,1140000,702.1,2.8529532991515265
58,DrQ-v2,finger_turn_easy,3,1160000,764.6,2.902964735560947
59,DrQ-v2,finger_turn_easy,3,1180000,580.7,2.953987386094199
60,DrQ-v2,finger_turn_easy,3,1200000,660.4,3.004762485888269
61,DrQ-v2,finger_turn_easy,3,1220000,767.0,3.0543716377682157
62,DrQ-v2,finger_turn_easy,3,1240000,868.2,3.104689501391517
63,DrQ-v2,finger_turn_easy,3,1260000,935.4,3.155428573621644
64,DrQ-v2,finger_turn_easy,3,1280000,760.8,3.205504861076673
65,DrQ-v2,finger_turn_easy,3,1300000,856.2,3.2556880473428302
66,DrQ-v2,finger_turn_easy,3,1320000,706.0,3.3057714098029667
67,DrQ-v2,finger_turn_easy,3,1340000,756.2,3.3562505313422943
68,DrQ-v2,finger_turn_easy,3,1360000,760.3,3.406507992214627
69,DrQ-v2,finger_turn_easy,3,1380000,923.6,3.4576347141133414
70,DrQ-v2,finger_turn_easy,3,1400000,738.9,3.5076478159427644
71,DrQ-v2,finger_turn_easy,3,1420000,921.4,3.558455008334583
72,DrQ-v2,finger_turn_easy,3,1440000,822.1,3.6087820466359455
73,DrQ-v2,finger_turn_easy,3,1460000,873.0,3.6593869459629054
74,DrQ-v2,finger_turn_easy,3,1480000,956.6,3.7093656729989584
75,DrQ-v2,finger_turn_easy,3,1500000,577.3,3.7604629341099
76,DrQ-v2,finger_turn_easy,3,1520000,987.8,3.8112731533580355
77,DrQ-v2,finger_turn_easy,3,1540000,881.7,3.861714091565874
78,DrQ-v2,finger_turn_easy,3,1560000,683.8,3.912363880475362
79,DrQ-v2,finger_turn_easy,3,1580000,945.0,3.96198498653041
80,DrQ-v2,finger_turn_easy,3,1600000,960.4,4.012025292979347
81,DrQ-v2,finger_turn_easy,3,1620000,915.6,4.062542157702976
82,DrQ-v2,finger_turn_easy,3,1640000,747.7,4.11410359568066
83,DrQ-v2,finger_turn_easy,3,1660000,957.5,4.164569790561994
84,DrQ-v2,finger_turn_easy,3,1680000,871.6,4.215987254579862
85,DrQ-v2,finger_turn_easy,3,1700000,968.3,4.266280858119329
86,DrQ-v2,finger_turn_easy,3,1720000,972.6,4.316324153939883
87,DrQ-v2,finger_turn_easy,3,1740000,942.8,4.36692669014136
88,DrQ-v2,finger_turn_easy,3,1760000,963.4,4.417769639227125
89,DrQ-v2,finger_turn_easy,3,1780000,948.9,4.467879847817951
90,DrQ-v2,finger_turn_easy,3,1800000,881.8,4.5190942455000345
91,DrQ-v2,finger_turn_easy,3,1820000,957.8,4.569284915791617
92,DrQ-v2,finger_turn_easy,3,1840000,957.1,4.620580445196893
93,DrQ-v2,finger_turn_easy,3,1860000,985.8,4.671398487554656
94,DrQ-v2,finger_turn_easy,3,1880000,966.9,4.721216966377364
95,DrQ-v2,finger_turn_easy,3,1900000,963.8,4.77238249917825
96,DrQ-v2,finger_turn_easy,3,1920000,860.3,4.822140855325593
97,DrQ-v2,finger_turn_easy,3,1940000,959.9,4.871962499817212
98,DrQ-v2,finger_turn_easy,3,1960000,969.3,4.921759462224113
99,DrQ-v2,finger_turn_easy,3,1980000,956.2,4.9729440309604005
100,DrQ-v2,finger_turn_easy,3,2000000,954.3,5.023534284234047
101,DrQ-v2,finger_turn_easy,3,2020000,878.2,5.074093248049418
102,DrQ-v2,finger_turn_easy,3,2040000,972.6,5.124080383843846
103,DrQ-v2,finger_turn_easy,3,2060000,973.3,5.1744987634155475
104,DrQ-v2,finger_turn_easy,3,2080000,974.0,5.225438069370058
105,DrQ-v2,finger_turn_easy,3,2100000,964.1,5.27644572880533
106,DrQ-v2,finger_turn_easy,3,2120000,955.3,5.326863580213653
107,DrQ-v2,finger_turn_easy,3,2140000,954.7,5.377570294737816
108,DrQ-v2,finger_turn_easy,3,2160000,780.7,5.429108425180117
109,DrQ-v2,finger_turn_easy,3,2180000,966.0,5.479464689625634
110,DrQ-v2,finger_turn_easy,3,2200000,875.6,5.529423863026831
111,DrQ-v2,finger_turn_easy,3,2220000,974.6,5.5799841896030635
112,DrQ-v2,finger_turn_easy,3,2240000,879.1,5.630946536593967
113,DrQ-v2,finger_turn_easy,3,2260000,960.4,5.681437267396184
114,DrQ-v2,finger_turn_easy,3,2280000,956.6,5.732328004903263
115,DrQ-v2,finger_turn_easy,3,2300000,983.4,5.782802300784323
116,DrQ-v2,finger_turn_easy,3,2320000,971.6,5.834274222453435
117,DrQ-v2,finger_turn_easy,3,2340000,891.4,5.884725911749734
118,DrQ-v2,finger_turn_easy,3,2360000,875.5,5.935350718167092
119,DrQ-v2,finger_turn_easy,3,2380000,969.9,5.985886140664419
120,DrQ-v2,finger_turn_easy,3,2400000,978.3,6.03654711763064
121,DrQ-v2,finger_turn_easy,3,2420000,979.4,6.086741181678242
122,DrQ-v2,finger_turn_easy,3,2440000,878.8,6.1376423332426295
123,DrQ-v2,finger_turn_easy,3,2460000,882.1,6.188414795663623
124,DrQ-v2,finger_turn_easy,3,2480000,976.6,6.238174846768379
125,DrQ-v2,finger_turn_easy,3,2500000,959.0,6.288821124831835
126,DrQ-v2,finger_turn_easy,3,2520000,983.4,6.339825988875495
127,DrQ-v2,finger_turn_easy,3,2540000,966.2,6.38951451751921
128,DrQ-v2,finger_turn_easy,3,2560000,978.5,6.440873064266311
129,DrQ-v2,finger_turn_easy,3,2580000,830.4,6.491059380306138
130,DrQ-v2,finger_turn_easy,3,2600000,976.9,6.540954126119614
131,DrQ-v2,finger_turn_easy,3,2620000,881.9,6.59089140481419
132,DrQ-v2,finger_turn_easy,3,2640000,869.7,6.6409525254037645
133,DrQ-v2,finger_turn_easy,3,2660000,868.5,6.691497935851414
134,DrQ-v2,finger_turn_easy,3,2680000,973.0,6.741830660700799
135,DrQ-v2,finger_turn_easy,3,2700000,957.3,6.793199716144138
136,DrQ-v2,finger_turn_easy,3,2720000,840.5,6.843540828161769
137,DrQ-v2,finger_turn_easy,3,2740000,979.0,6.894864396585358
138,DrQ-v2,finger_turn_easy,3,2760000,978.9,6.945405194693142
139,DrQ-v2,finger_turn_easy,3,2780000,939.1,6.995290194948514
140,DrQ-v2,finger_turn_easy,3,2800000,968.4,7.0460318199793495
141,DrQ-v2,finger_turn_easy,3,2820000,946.0,7.0966533695989185
142,DrQ-v2,finger_turn_easy,3,2840000,968.5,7.147712246510718
143,DrQ-v2,finger_turn_easy,3,2860000,877.3,7.198648582696915
144,DrQ-v2,finger_turn_easy,3,2880000,984.2,7.249316162069639
145,DrQ-v2,finger_turn_easy,3,2900000,979.5,7.2987603419356875
146,DrQ-v2,finger_turn_easy,3,2920000,961.9,7.3495470390054916
147,DrQ-v2,finger_turn_easy,3,2940000,977.9,7.400071971284019
148,DrQ-v2,finger_turn_easy,3,2960000,885.2,7.451803811523648
149,DrQ-v2,finger_turn_easy,3,2980000,971.4,7.502715296877755
0,DrQ-v2,finger_turn_easy,4,0,400.0,1.3760063383314166e-06
1,DrQ-v2,finger_turn_easy,4,20000,0.0,0.0387743302848604
2,DrQ-v2,finger_turn_easy,4,40000,100.0,0.08598794096046024
3,DrQ-v2,finger_turn_easy,4,60000,48.2,0.13523708707756465
4,DrQ-v2,finger_turn_easy,4,80000,199.0,0.18523379895422193
5,DrQ-v2,finger_turn_easy,4,100000,96.6,0.2343574516640769
6,DrQ-v2,finger_turn_easy,4,120000,101.3,0.2846257495217853
7,DrQ-v2,finger_turn_easy,4,140000,500.5,0.333939011030727
8,DrQ-v2,finger_turn_easy,4,160000,0.8,0.3836623611715104
9,DrQ-v2,finger_turn_easy,4,180000,11.0,0.43354341990417905
10,DrQ-v2,finger_turn_easy,4,200000,192.5,0.4838456530041164
11,DrQ-v2,finger_turn_easy,4,220000,188.9,0.53321490155326
12,DrQ-v2,finger_turn_easy,4,240000,210.6,0.5837288485633002
13,DrQ-v2,finger_turn_easy,4,260000,174.4,0.6334019797378116
14,DrQ-v2,finger_turn_easy,4,280000,397.0,0.6831383579307133
15,DrQ-v2,finger_turn_easy,4,300000,103.6,0.733623425828086
16,DrQ-v2,finger_turn_easy,4,320000,285.4,0.7839562046527863
17,DrQ-v2,finger_turn_easy,4,340000,582.9,0.8339114604393641
18,DrQ-v2,finger_turn_easy,4,360000,471.6,0.8833010800017251
19,DrQ-v2,finger_turn_easy,4,380000,607.6,0.9336885416507721
20,DrQ-v2,finger_turn_easy,4,400000,382.5,0.983785538342264
21,DrQ-v2,finger_turn_easy,4,420000,464.1,1.0332705795764923
22,DrQ-v2,finger_turn_easy,4,440000,329.7,1.0827537120050856
23,DrQ-v2,finger_turn_easy,4,460000,218.8,1.1329004337390265
24,DrQ-v2,finger_turn_easy,4,480000,248.3,1.1837496558825176
25,DrQ-v2,finger_turn_easy,4,500000,261.1,1.2336662646796968
26,DrQ-v2,finger_turn_easy,4,520000,292.4,1.284383616844813
27,DrQ-v2,finger_turn_easy,4,540000,402.1,1.334370385143492
28,DrQ-v2,finger_turn_easy,4,560000,475.3,1.3838908114698198
29,DrQ-v2,finger_turn_easy,4,580000,594.1,1.4341984442869822
30,DrQ-v2,finger_turn_easy,4,600000,582.0,1.4835546935929191
31,DrQ-v2,finger_turn_easy,4,620000,785.3,1.5345107578568988
32,DrQ-v2,finger_turn_easy,4,640000,458.8,1.5854135695430966
33,DrQ-v2,finger_turn_easy,4,660000,660.5,1.635529601375262
34,DrQ-v2,finger_turn_easy,4,680000,681.6,1.6857800934049818
35,DrQ-v2,finger_turn_easy,4,700000,659.1,1.7361532706022265
36,DrQ-v2,finger_turn_easy,4,720000,351.4,1.7875130473905139
37,DrQ-v2,finger_turn_easy,4,740000,581.6,1.83749270690812
38,DrQ-v2,finger_turn_easy,4,760000,574.5,1.8872025268607668
39,DrQ-v2,finger_turn_easy,4,780000,683.6,1.9374931440750758
40,DrQ-v2,finger_turn_easy,4,800000,839.0,1.9881627490785387
41,DrQ-v2,finger_turn_easy,4,820000,790.5,2.037887453370624
42,DrQ-v2,finger_turn_easy,4,840000,647.4,2.0893011646138295
43,DrQ-v2,finger_turn_easy,4,860000,860.4,2.13931943529182
44,DrQ-v2,finger_turn_easy,4,880000,716.8,2.1898606279823514
45,DrQ-v2,finger_turn_easy,4,900000,829.8,2.240324042307006
46,DrQ-v2,finger_turn_easy,4,920000,708.8,2.2907190603017806
47,DrQ-v2,finger_turn_easy,4,940000,826.7,2.341495290663507
48,DrQ-v2,finger_turn_easy,4,960000,765.0,2.3908873568640816
49,DrQ-v2,finger_turn_easy,4,980000,858.9,2.4409964291916952
50,DrQ-v2,finger_turn_easy,4,1000000,876.9,2.491956131723192
51,DrQ-v2,finger_turn_easy,4,1020000,967.6,2.5416276876793966
52,DrQ-v2,finger_turn_easy,4,1040000,963.6,2.5934443701638115
53,DrQ-v2,finger_turn_easy,4,1060000,773.5,2.6450175574090746
54,DrQ-v2,finger_turn_easy,4,1080000,974.7,2.694922328326437
55,DrQ-v2,finger_turn_easy,4,1100000,867.8,2.7458121359348304
56,DrQ-v2,finger_turn_easy,4,1120000,869.9,2.7961663730939232
57,DrQ-v2,finger_turn_easy,4,1140000,951.3,2.847450972927941
58,DrQ-v2,finger_turn_easy,4,1160000,899.3,2.898658128182093
59,DrQ-v2,finger_turn_easy,4,1180000,940.2,2.9488934077156914
60,DrQ-v2,finger_turn_easy,4,1200000,691.4,2.9994309612777497
61,DrQ-v2,finger_turn_easy,4,1220000,850.8,3.0487845945358276
62,DrQ-v2,finger_turn_easy,4,1240000,830.9,3.099696523149808
63,DrQ-v2,finger_turn_easy,4,1260000,968.9,3.150372472405433
64,DrQ-v2,finger_turn_easy,4,1280000,957.8,3.2000882956716747
65,DrQ-v2,finger_turn_easy,4,1300000,869.6,3.25062175989151
66,DrQ-v2,finger_turn_easy,4,1320000,965.5,3.301207361022631
67,DrQ-v2,finger_turn_easy,4,1340000,574.5,3.35118010699749
68,DrQ-v2,finger_turn_easy,4,1360000,961.9,3.4006741448905733
69,DrQ-v2,finger_turn_easy,4,1380000,968.5,3.452100326617559
70,DrQ-v2,finger_turn_easy,4,1400000,955.2,3.5019929342799716
71,DrQ-v2,finger_turn_easy,4,1420000,863.7,3.55250955760479
72,DrQ-v2,finger_turn_easy,4,1440000,978.3,3.6034003785583715
73,DrQ-v2,finger_turn_easy,4,1460000,877.2,3.6534404158592224
74,DrQ-v2,finger_turn_easy,4,1480000,944.9,3.7035340842935778
75,DrQ-v2,finger_turn_easy,4,1500000,977.0,3.754683824976286
76,DrQ-v2,finger_turn_easy,4,1520000,909.3,3.804900926815139
77,DrQ-v2,finger_turn_easy,4,1540000,883.2,3.8555623200866913
78,DrQ-v2,finger_turn_easy,4,1560000,866.0,3.907144797974162
79,DrQ-v2,finger_turn_easy,4,1580000,758.1,3.957198937005467
80,DrQ-v2,finger_turn_easy,4,1600000,879.0,4.0076157108280395
81,DrQ-v2,finger_turn_easy,4,1620000,962.8,4.058763191898664
82,DrQ-v2,finger_turn_easy,4,1640000,978.3,4.108925997217496
83,DrQ-v2,finger_turn_easy,4,1660000,855.6,4.1599932926893235
84,DrQ-v2,finger_turn_easy,4,1680000,922.6,4.209819485412703
85,DrQ-v2,finger_turn_easy,4,1700000,957.2,4.260365450580914
86,DrQ-v2,finger_turn_easy,4,1720000,963.6,4.310716693401337
87,DrQ-v2,finger_turn_easy,4,1740000,874.8,4.3620329329702585
88,DrQ-v2,finger_turn_easy,4,1760000,949.2,4.41319140917725
89,DrQ-v2,finger_turn_easy,4,1780000,757.2,4.463019673294491
90,DrQ-v2,finger_turn_easy,4,1800000,879.7,4.5135081551472345
91,DrQ-v2,finger_turn_easy,4,1820000,966.1,4.5639297235674325
92,DrQ-v2,finger_turn_easy,4,1840000,977.9,4.615047538744078
93,DrQ-v2,finger_turn_easy,4,1860000,975.5,4.665310359332296
94,DrQ-v2,finger_turn_easy,4,1880000,978.7,4.716712773773406
95,DrQ-v2,finger_turn_easy,4,1900000,952.7,4.76693231092559
96,DrQ-v2,finger_turn_easy,4,1920000,966.4,4.817493189970652
97,DrQ-v2,finger_turn_easy,4,1940000,971.3,4.8682487214273875
98,DrQ-v2,finger_turn_easy,4,1960000,958.5,4.919390743639734
99,DrQ-v2,finger_turn_easy,4,1980000,970.5,4.969306616783142
100,DrQ-v2,finger_turn_easy,4,2000000,972.8,5.019914805359312
101,DrQ-v2,finger_turn_easy,4,2020000,853.2,5.07052768084738
102,DrQ-v2,finger_turn_easy,4,2040000,968.8,5.1204374328586795
103,DrQ-v2,finger_turn_easy,4,2060000,955.0,5.171405061019792
104,DrQ-v2,finger_turn_easy,4,2080000,981.2,5.221305603186289
105,DrQ-v2,finger_turn_easy,4,2100000,961.1,5.271754217147827
106,DrQ-v2,finger_turn_easy,4,2120000,971.7,5.321693675054444
107,DrQ-v2,finger_turn_easy,4,2140000,972.8,5.372826961874962
108,DrQ-v2,finger_turn_easy,4,2160000,870.4,5.422386992375056
109,DrQ-v2,finger_turn_easy,4,2180000,963.3,5.473025746014383
110,DrQ-v2,finger_turn_easy,4,2200000,969.4,5.523877793947856
111,DrQ-v2,finger_turn_easy,4,2220000,945.6,5.574395737581783
112,DrQ-v2,finger_turn_easy,4,2240000,952.2,5.625198523998261
113,DrQ-v2,finger_turn_easy,4,2260000,971.5,5.675420320894983
114,DrQ-v2,finger_turn_easy,4,2280000,956.9,5.726332963572608
115,DrQ-v2,finger_turn_easy,4,2300000,975.3,5.777179081572426
116,DrQ-v2,finger_turn_easy,4,2320000,852.7,5.827375353972117
117,DrQ-v2,finger_turn_easy,4,2340000,974.4,5.877818554242452
118,DrQ-v2,finger_turn_easy,4,2360000,959.8,5.928503369291623
119,DrQ-v2,finger_turn_easy,4,2380000,976.2,5.979802205827501
120,DrQ-v2,finger_turn_easy,4,2400000,983.1,6.031084039277499
121,DrQ-v2,finger_turn_easy,4,2420000,960.3,6.081300932301414
122,DrQ-v2,finger_turn_easy,4,2440000,872.6,6.1313628223207255
123,DrQ-v2,finger_turn_easy,4,2460000,956.1,6.181900131172603
124,DrQ-v2,finger_turn_easy,4,2480000,963.4,6.232675559586949
125,DrQ-v2,finger_turn_easy,4,2500000,864.2,6.282936003804207
126,DrQ-v2,finger_turn_easy,4,2520000,967.0,6.333891607522965
127,DrQ-v2,finger_turn_easy,4,2540000,963.7,6.384660795728367
128,DrQ-v2,finger_turn_easy,4,2560000,959.0,6.435036247041491
129,DrQ-v2,finger_turn_easy,4,2580000,985.8,6.485432238048977
130,DrQ-v2,finger_turn_easy,4,2600000,970.5,6.536430621743202
131,DrQ-v2,finger_turn_easy,4,2620000,955.5,6.586425020429823
132,DrQ-v2,finger_turn_easy,4,2640000,989.1,6.637166023519303
133,DrQ-v2,finger_turn_easy,4,2660000,977.7,6.687372308505906
134,DrQ-v2,finger_turn_easy,4,2680000,967.9,6.737594219048818
135,DrQ-v2,finger_turn_easy,4,2700000,967.6,6.7873123803403645
136,DrQ-v2,finger_turn_easy,4,2720000,981.1,6.838256188697284
137,DrQ-v2,finger_turn_easy,4,2740000,974.6,6.889174912042089
138,DrQ-v2,finger_turn_easy,4,2760000,957.8,6.9392930787801745
139,DrQ-v2,finger_turn_easy,4,2780000,975.7,6.9893270403146746
140,DrQ-v2,finger_turn_easy,4,2800000,980.7,7.038566827376684
141,DrQ-v2,finger_turn_easy,4,2820000,947.0,7.090054803490639
142,DrQ-v2,finger_turn_easy,4,2840000,964.3,7.140315314133962
143,DrQ-v2,finger_turn_easy,4,2860000,977.8,7.1914411653412715
144,DrQ-v2,finger_turn_easy,4,2880000,887.0,7.242539699607425
145,DrQ-v2,finger_turn_easy,4,2900000,976.3,7.293471639222569
146,DrQ-v2,finger_turn_easy,4,2920000,968.8,7.343492079708311
147,DrQ-v2,finger_turn_easy,4,2940000,971.3,7.394420420328777
148,DrQ-v2,finger_turn_easy,4,2960000,961.9,7.445770250360171
149,DrQ-v2,finger_turn_easy,4,2980000,886.0,7.496306359238095
0,DrQ-v2,finger_turn_easy,5,0,100.0,1.9533766640556944e-06
1,DrQ-v2,finger_turn_easy,5,20000,101.0,0.047529475424024796
2,DrQ-v2,finger_turn_easy,5,40000,312.5,0.10163940866788228
3,DrQ-v2,finger_turn_easy,5,60000,201.6,0.1554036388794581
4,DrQ-v2,finger_turn_easy,5,80000,101.8,0.2073032087749905
5,DrQ-v2,finger_turn_easy,5,100000,5.0,0.26047881868150496
6,DrQ-v2,finger_turn_easy,5,120000,100.0,0.31533167044321697
7,DrQ-v2,finger_turn_easy,5,140000,200.0,0.36973133967982397
8,DrQ-v2,finger_turn_easy,5,160000,399.3,0.42319404827223883
9,DrQ-v2,finger_turn_easy,5,180000,98.7,0.4757880840698878
10,DrQ-v2,finger_turn_easy,5,200000,201.0,0.5277459734678269
11,DrQ-v2,finger_turn_easy,5,220000,100.0,0.5808843692143758
12,DrQ-v2,finger_turn_easy,5,240000,201.3,0.6354814896980923
13,DrQ-v2,finger_turn_easy,5,260000,300.0,0.6900898147291606
14,DrQ-v2,finger_turn_easy,5,280000,198.9,0.7435749421517054
15,DrQ-v2,finger_turn_easy,5,300000,298.9,0.7970927588144938
16,DrQ-v2,finger_turn_easy,5,320000,2.8,0.8501075120104684
17,DrQ-v2,finger_turn_easy,5,340000,100.0,0.904249313407474
18,DrQ-v2,finger_turn_easy,5,360000,100.7,0.9594397936264674
19,DrQ-v2,finger_turn_easy,5,380000,599.4,1.014224973652098
20,DrQ-v2,finger_turn_easy,5,400000,296.7,1.0684846697251003
21,DrQ-v2,finger_turn_easy,5,420000,400.2,1.121261057721244
22,DrQ-v2,finger_turn_easy,5,440000,295.7,1.1743212068080902
23,DrQ-v2,finger_turn_easy,5,460000,488.2,1.2281208241648145
24,DrQ-v2,finger_turn_easy,5,480000,94.5,1.2834824077950584
25,DrQ-v2,finger_turn_easy,5,500000,103.6,1.3383750912215975
26,DrQ-v2,finger_turn_easy,5,520000,105.8,1.3922362848122916
27,DrQ-v2,finger_turn_easy,5,540000,471.4,1.444808736708429
28,DrQ-v2,finger_turn_easy,5,560000,299.2,1.4981749183601802
29,DrQ-v2,finger_turn_easy,5,580000,388.9,1.5522285888592402
30,DrQ-v2,finger_turn_easy,5,600000,695.3,1.6071128548516167
31,DrQ-v2,finger_turn_easy,5,620000,588.7,1.6618050354056888
32,DrQ-v2,finger_turn_easy,5,640000,774.6,1.7154893153243596
33,DrQ-v2,finger_turn_easy,5,660000,497.7,1.768541819718149
34,DrQ-v2,finger_turn_easy,5,680000,399.7,1.8215940164195166
35,DrQ-v2,finger_turn_easy,5,700000,490.0,1.87533448682891
36,DrQ-v2,finger_turn_easy,5,720000,553.5,1.930582744942771
37,DrQ-v2,finger_turn_easy,5,740000,492.3,1.9855190904272928
38,DrQ-v2,finger_turn_easy,5,760000,96.2,2.03917911529541
39,DrQ-v2,finger_turn_easy,5,780000,283.9,2.092187934915225
40,DrQ-v2,finger_turn_easy,5,800000,299.2,2.1452459994951885
41,DrQ-v2,finger_turn_easy,5,820000,674.9,2.199911780556043
42,DrQ-v2,finger_turn_easy,5,840000,458.6,2.254752062559128
43,DrQ-v2,finger_turn_easy,5,860000,299.6,2.3103360040982563
44,DrQ-v2,finger_turn_easy,5,880000,468.0,2.3634788288010493
45,DrQ-v2,finger_turn_easy,5,900000,361.8,2.416665759483973
46,DrQ-v2,finger_turn_easy,5,920000,386.4,2.470354561607043
47,DrQ-v2,finger_turn_easy,5,940000,333.3,2.5254184998406304
48,DrQ-v2,finger_turn_easy,5,960000,586.3,2.5809633030494052
49,DrQ-v2,finger_turn_easy,5,980000,493.3,2.6361444903744586
50,DrQ-v2,finger_turn_easy,5,1000000,482.0,2.6889873994059035
51,DrQ-v2,finger_turn_easy,5,1020000,573.1,2.74170188513067
52,DrQ-v2,finger_turn_easy,5,1040000,661.3,2.7934446459346343
53,DrQ-v2,finger_turn_easy,5,1060000,271.7,2.845512793858846
54,DrQ-v2,finger_turn_easy,5,1080000,657.3,2.897065969573127
55,DrQ-v2,finger_turn_easy,5,1100000,347.3,2.9513162738747067
56,DrQ-v2,finger_turn_easy,5,1120000,571.0,3.0032894124587375
57,DrQ-v2,finger_turn_easy,5,1140000,327.3,3.055163020888964
58,DrQ-v2,finger_turn_easy,5,1160000,754.3,3.1071910128990807
59,DrQ-v2,finger_turn_easy,5,1180000,777.7,3.1594000462028715
60,DrQ-v2,finger_turn_easy,5,1200000,568.2,3.2115151087443032
61,DrQ-v2,finger_turn_easy,5,1220000,282.5,3.264282007747227
62,DrQ-v2,finger_turn_easy,5,1240000,679.0,3.3178847750027973
63,DrQ-v2,finger_turn_easy,5,1260000,776.8,3.3708597811063137
64,DrQ-v2,finger_turn_easy,5,1280000,399.1,3.4245042490296895
65,DrQ-v2,finger_turn_easy,5,1300000,586.8,3.478058546582858
66,DrQ-v2,finger_turn_easy,5,1320000,788.9,3.5312736030419667
67,DrQ-v2,finger_turn_easy,5,1340000,629.4,3.58460201104482
68,DrQ-v2,finger_turn_easy,5,1360000,780.4,3.638558076951239
69,DrQ-v2,finger_turn_easy,5,1380000,617.7,3.6933878619803324
70,DrQ-v2,finger_turn_easy,5,1400000,767.3,3.746728615032302
71,DrQ-v2,finger_turn_easy,5,1420000,864.4,3.8023451764716043
72,DrQ-v2,finger_turn_easy,5,1440000,759.2,3.8551925155851574
73,DrQ-v2,finger_turn_easy,5,1460000,858.2,3.9336292407247755
74,DrQ-v2,finger_turn_easy,5,1480000,930.5,4.094866109225485
75,DrQ-v2,finger_turn_easy,5,1500000,571.3,4.330713543825679
76,DrQ-v2,finger_turn_easy,5,1520000,834.8,4.8942021485832
77,DrQ-v2,finger_turn_easy,5,1540000,680.1,5.866449533965852
78,DrQ-v2,finger_turn_easy,5,1560000,683.5,6.1535229961077365
79,DrQ-v2,finger_turn_easy,5,1580000,730.4,6.404012771911091
80,DrQ-v2,finger_turn_easy,5,1600000,833.8,6.735520665910509
81,DrQ-v2,finger_turn_easy,5,1620000,755.6,7.1100772935152055
82,DrQ-v2,finger_turn_easy,5,1640000,938.8,7.440692972805766
83,DrQ-v2,finger_turn_easy,5,1660000,887.0,7.502266129453978
84,DrQ-v2,finger_turn_easy,5,1680000,853.0,7.557232202225261
85,DrQ-v2,finger_turn_easy,5,1700000,646.3,7.6118405383825305
86,DrQ-v2,finger_turn_easy,5,1720000,798.6,7.66624737739563
87,DrQ-v2,finger_turn_easy,5,1740000,841.5,7.720446883307563
88,DrQ-v2,finger_turn_easy,5,1760000,954.3,7.77521908223629
89,DrQ-v2,finger_turn_easy,5,1780000,944.6,7.829614770611126
90,DrQ-v2,finger_turn_easy,5,1800000,834.1,7.884513766566912
91,DrQ-v2,finger_turn_easy,5,1820000,960.4,7.939122756123544
92,DrQ-v2,finger_turn_easy,5,1840000,959.8,7.993920928968324
93,DrQ-v2,finger_turn_easy,5,1860000,867.0,8.048428221344947
94,DrQ-v2,finger_turn_easy,5,1880000,932.7,8.102265494532055
95,DrQ-v2,finger_turn_easy,5,1900000,956.3,8.15579387843609
96,DrQ-v2,finger_turn_easy,5,1920000,857.6,8.21040990922186
97,DrQ-v2,finger_turn_easy,5,1940000,878.9,8.26469632519616
98,DrQ-v2,finger_turn_easy,5,1960000,864.7,8.318748239411248
99,DrQ-v2,finger_turn_easy,5,1980000,774.5,8.811832504934735
100,DrQ-v2,finger_turn_easy,5,2000000,966.1,9.454565968314807
101,DrQ-v2,finger_turn_easy,5,2020000,860.0,9.534460582799381
102,DrQ-v2,finger_turn_easy,5,2040000,779.8,9.59126709997654
103,DrQ-v2,finger_turn_easy,5,2060000,557.3,9.647650850481456
104,DrQ-v2,finger_turn_easy,5,2080000,979.7,9.707915205028321
105,DrQ-v2,finger_turn_easy,5,2100000,979.8,9.764075788458188
106,DrQ-v2,finger_turn_easy,5,2120000,975.2,9.81989572584629
107,DrQ-v2,finger_turn_easy,5,2140000,969.8,9.87644108242459
108,DrQ-v2,finger_turn_easy,5,2160000,970.2,9.932190633217493
109,DrQ-v2,finger_turn_easy,5,2180000,862.8,9.98737803671095
110,DrQ-v2,finger_turn_easy,5,2200000,877.9,10.043755354483922
111,DrQ-v2,finger_turn_easy,5,2220000,851.0,10.098498521645864
112,DrQ-v2,finger_turn_easy,5,2240000,971.8,10.153462192614871
113,DrQ-v2,finger_turn_easy,5,2260000,875.2,10.208638692829345
114,DrQ-v2,finger_turn_easy,5,2280000,950.8,10.26393540110853
115,DrQ-v2,finger_turn_easy,5,2300000,963.6,10.320587068663704
116,DrQ-v2,finger_turn_easy,5,2320000,961.8,10.377404505146874
117,DrQ-v2,finger_turn_easy,5,2340000,963.9,10.432743560274442
118,DrQ-v2,finger_turn_easy,5,2360000,964.3,10.48882283502155
119,DrQ-v2,finger_turn_easy,5,2380000,953.0,10.549669421248966
120,DrQ-v2,finger_turn_easy,5,2400000,957.2,10.607805823948649
121,DrQ-v2,finger_turn_easy,5,2420000,954.7,10.664176025721762
122,DrQ-v2,finger_turn_easy,5,2440000,956.6,10.719555950694614
123,DrQ-v2,finger_turn_easy,5,2460000,969.7,10.774638516638014
124,DrQ-v2,finger_turn_easy,5,2480000,866.1,10.832167392174403
125,DrQ-v2,finger_turn_easy,5,2500000,983.2,10.88662480890751
126,DrQ-v2,finger_turn_easy,5,2520000,942.6,10.941898010571798
127,DrQ-v2,finger_turn_easy,5,2540000,968.0,10.996523229612244
128,DrQ-v2,finger_turn_easy,5,2560000,960.8,11.05183062977261
129,DrQ-v2,finger_turn_easy,5,2580000,864.0,11.105991399089495
130,DrQ-v2,finger_turn_easy,5,2600000,863.0,11.160918657051193
131,DrQ-v2,finger_turn_easy,5,2620000,967.4,11.215327123204867
132,DrQ-v2,finger_turn_easy,5,2640000,974.7,11.271411404543453
133,DrQ-v2,finger_turn_easy,5,2660000,968.1,11.32919062157472
134,DrQ-v2,finger_turn_easy,5,2680000,977.5,11.384568605091836
135,DrQ-v2,finger_turn_easy,5,2700000,974.8,11.440302420788342
136,DrQ-v2,finger_turn_easy,5,2720000,963.6,11.49600683245394
137,DrQ-v2,finger_turn_easy,5,2740000,964.8,11.550284531447623
138,DrQ-v2,finger_turn_easy,5,2760000,975.9,11.604398634499976
139,DrQ-v2,finger_turn_easy,5,2780000,968.9,11.659037196834882
140,DrQ-v2,finger_turn_easy,5,2800000,975.2,11.714324154853824
141,DrQ-v2,finger_turn_easy,5,2820000,954.2,11.769333400660091
142,DrQ-v2,finger_turn_easy,5,2840000,876.6,11.824290003048048
143,DrQ-v2,finger_turn_easy,5,2860000,968.2,11.879114690224329
144,DrQ-v2,finger_turn_easy,5,2880000,865.4,11.933973783784442
145,DrQ-v2,finger_turn_easy,5,2900000,970.9,11.98841308136781
146,DrQ-v2,finger_turn_easy,5,2920000,966.6,12.042732401688893
147,DrQ-v2,finger_turn_easy,5,2940000,973.0,12.097016157309215
148,DrQ-v2,finger_turn_easy,5,2960000,972.7,12.152080089913474
149,DrQ-v2,finger_turn_easy,5,2980000,982.4,12.206606322725614
0,DrQ-v2,finger_turn_easy,6,0,300.0,1.874234941270611e-06
1,DrQ-v2,finger_turn_easy,6,20000,100.1,0.047787481016582915
2,DrQ-v2,finger_turn_easy,6,40000,100.0,0.1039176595211029
3,DrQ-v2,finger_turn_easy,6,60000,200.0,0.41544335100385876
4,DrQ-v2,finger_turn_easy,6,80000,101.3,0.4674901537100475
5,DrQ-v2,finger_turn_easy,6,100000,299.1,0.5196330961253908
6,DrQ-v2,finger_turn_easy,6,120000,91.7,0.5716402857171166
7,DrQ-v2,finger_turn_easy,6,140000,200.0,0.6232504416836634
8,DrQ-v2,finger_turn_easy,6,160000,0.0,0.6756538701719708
9,DrQ-v2,finger_turn_easy,6,180000,301.9,0.7278364466296302
10,DrQ-v2,finger_turn_easy,6,200000,3.0,0.7805294526947869
11,DrQ-v2,finger_turn_easy,6,220000,100.0,0.8328443913327324
12,DrQ-v2,finger_turn_easy,6,240000,200.8,0.8848798776335186
13,DrQ-v2,finger_turn_easy,6,260000,200.0,0.936630567047331
14,DrQ-v2,finger_turn_easy,6,280000,99.2,0.9889882326788373
15,DrQ-v2,finger_turn_easy,6,300000,288.2,1.0416090384456846
16,DrQ-v2,finger_turn_easy,6,320000,149.0,1.0936542544762293
17,DrQ-v2,finger_turn_easy,6,340000,180.4,1.1458530682325363
18,DrQ-v2,finger_turn_easy,6,360000,495.6,1.198343759841389
19,DrQ-v2,finger_turn_easy,6,380000,394.6,1.250808092355728
20,DrQ-v2,finger_turn_easy,6,400000,105.4,1.3029611013333002
21,DrQ-v2,finger_turn_easy,6,420000,199.3,1.355850033097797
22,DrQ-v2,finger_turn_easy,6,440000,192.0,1.4084628990623687
23,DrQ-v2,finger_turn_easy,6,460000,111.4,1.4609901116291681
24,DrQ-v2,finger_turn_easy,6,480000,178.0,1.5131435660521189
25,DrQ-v2,finger_turn_easy,6,500000,190.7,1.5652403704987634
26,DrQ-v2,finger_turn_easy,6,520000,105.6,1.617426557607121
27,DrQ-v2,finger_turn_easy,6,540000,296.7,1.669931230346362
28,DrQ-v2,finger_turn_easy,6,560000,193.6,1.7218696032630072
29,DrQ-v2,finger_turn_easy,6,580000,358.7,1.7743009171220991
30,DrQ-v2,finger_turn_easy,6,600000,298.1,1.8268522495031356
31,DrQ-v2,finger_turn_easy,6,620000,275.3,1.8796420441071193
32,DrQ-v2,finger_turn_easy,6,640000,498.2,1.932498930030399
33,DrQ-v2,finger_turn_easy,6,660000,371.2,1.9854992790354622
34,DrQ-v2,finger_turn_easy,6,680000,292.5,2.0379684860838783
35,DrQ-v2,finger_turn_easy,6,700000,374.8,2.090692416363292
36,DrQ-v2,finger_turn_easy,6,720000,487.0,2.143186086614927
37,DrQ-v2,finger_turn_easy,6,740000,581.0,2.1957418208652073
38,DrQ-v2,finger_turn_easy,6,760000,294.6,2.248122570183542
39,DrQ-v2,finger_turn_easy,6,780000,483.7,2.3012796250979104
40,DrQ-v2,finger_turn_easy,6,800000,386.2,2.3536849918630387
41,DrQ-v2,finger_turn_easy,6,820000,653.6,2.406610853539573
42,DrQ-v2,finger_turn_easy,6,840000,582.9,2.459224967426724
43,DrQ-v2,finger_turn_easy,6,860000,792.3,2.51147197233306
44,DrQ-v2,finger_turn_easy,6,880000,598.0,2.564148366848628
45,DrQ-v2,finger_turn_easy,6,900000,187.1,2.6166699569092855
46,DrQ-v2,finger_turn_easy,6,920000,580.7,2.670022640824318
47,DrQ-v2,finger_turn_easy,6,940000,496.4,2.7234771619240443
48,DrQ-v2,finger_turn_easy,6,960000,719.8,2.7763526280058755
49,DrQ-v2,finger_turn_easy,6,980000,718.6,2.8295515135924023
50,DrQ-v2,finger_turn_easy,6,1000000,672.1,2.881995810137855
51,DrQ-v2,finger_turn_easy,6,1020000,983.7,2.9353969080580606
52,DrQ-v2,finger_turn_easy,6,1040000,409.4,2.989221219287978
53,DrQ-v2,finger_turn_easy,6,1060000,858.8,3.042714595331086
54,DrQ-v2,finger_turn_easy,6,1080000,467.5,3.0975683718919753
55,DrQ-v2,finger_turn_easy,6,1100000,789.2,3.152160205311245
56,DrQ-v2,finger_turn_easy,6,1120000,649.0,3.207223962876532
57,DrQ-v2,finger_turn_easy,6,1140000,663.6,3.2629642668035297
58,DrQ-v2,finger_turn_easy,6,1160000,943.4,3.323181699117024
59,DrQ-v2,finger_turn_easy,6,1180000,783.2,3.380230633483993
60,DrQ-v2,finger_turn_easy,6,1200000,722.2,3.4428970595863135
61,DrQ-v2,finger_turn_easy,6,1220000,918.0,3.504618056151602
62,DrQ-v2,finger_turn_easy,6,1240000,820.7,3.587832729021708
63,DrQ-v2,finger_turn_easy,6,1260000,846.6,3.668314036594497
64,DrQ-v2,finger_turn_easy,6,1280000,760.0,3.740005206465721
65,DrQ-v2,finger_turn_easy,6,1300000,946.4,3.7955311978525588
66,DrQ-v2,finger_turn_easy,6,1320000,777.5,3.8657534787389967
67,DrQ-v2,finger_turn_easy,6,1340000,945.7,3.952737577491337
68,DrQ-v2,finger_turn_easy,6,1360000,959.4,4.024061788320541
69,DrQ-v2,finger_turn_easy,6,1380000,852.6,4.0826430387629395
70,DrQ-v2,finger_turn_easy,6,1400000,875.4,4.146656283868683
71,DrQ-v2,finger_turn_easy,6,1420000,944.8,4.233282799720764
72,DrQ-v2,finger_turn_easy,6,1440000,870.4,4.310184604061974
73,DrQ-v2,finger_turn_easy,6,1460000,865.0,4.395933518873321
74,DrQ-v2,finger_turn_easy,6,1480000,946.7,4.472546085185475
75,DrQ-v2,finger_turn_easy,6,1500000,840.1,4.536700259910689
76,DrQ-v2,finger_turn_easy,6,1520000,832.1,4.602822603649563
77,DrQ-v2,finger_turn_easy,6,1540000,876.3,4.685466084414058
78,DrQ-v2,finger_turn_easy,6,1560000,950.3,4.75551493578487
79,DrQ-v2,finger_turn_easy,6,1580000,874.9,4.820193373958269
80,DrQ-v2,finger_turn_easy,6,1600000,853.5,5.041886483695772
81,DrQ-v2,finger_turn_easy,6,1620000,923.1,5.094005536105898
82,DrQ-v2,finger_turn_easy,6,1640000,843.3,5.149408572117488
83,DrQ-v2,finger_turn_easy,6,1660000,969.4,5.221248049338659
84,DrQ-v2,finger_turn_easy,6,1680000,898.8,5.310085575646824
85,DrQ-v2,finger_turn_easy,6,1700000,845.4,5.4205051579740315
86,DrQ-v2,finger_turn_easy,6,1720000,915.8,5.498076185716523
87,DrQ-v2,finger_turn_easy,6,1740000,961.6,5.564250915779008
88,DrQ-v2,finger_turn_easy,6,1760000,978.3,5.646470633546511
89,DrQ-v2,finger_turn_easy,6,1780000,833.5,5.7181448029147255
90,DrQ-v2,finger_turn_easy,6,1800000,964.2,5.784212961395582
91,DrQ-v2,finger_turn_easy,6,1820000,959.6,5.864325666427613
92,DrQ-v2,finger_turn_easy,6,1840000,964.8,5.940431019465128
93,DrQ-v2,finger_turn_easy,6,1860000,867.4,6.014083348049057
94,DrQ-v2,finger_turn_easy,6,1880000,868.3,6.102725330591202
95,DrQ-v2,finger_turn_easy,6,1900000,970.3,6.175385997229152
96,DrQ-v2,finger_turn_easy,6,1920000,860.5,6.284005254771975
97,DrQ-v2,finger_turn_easy,6,1940000,966.3,6.36462920513418
98,DrQ-v2,finger_turn_easy,6,1960000,936.7,6.4522210635741555
99,DrQ-v2,finger_turn_easy,6,1980000,871.2,6.542812823123402
100,DrQ-v2,finger_turn_easy,6,2000000,949.7,6.612894035842683
101,DrQ-v2,finger_turn_easy,6,2020000,971.4,6.668552289274004
102,DrQ-v2,finger_turn_easy,6,2040000,972.0,6.747003647221459
103,DrQ-v2,finger_turn_easy,6,2060000,880.8,6.814225994348526
104,DrQ-v2,finger_turn_easy,6,2080000,862.7,6.888964024980863
105,DrQ-v2,finger_turn_easy,6,2100000,864.8,6.955117494397693
106,DrQ-v2,finger_turn_easy,6,2120000,952.3,7.008927474353047
107,DrQ-v2,finger_turn_easy,6,2140000,773.7,7.060307751893998
108,DrQ-v2,finger_turn_easy,6,2160000,956.8,7.119826146960259
109,DrQ-v2,finger_turn_easy,6,2180000,878.5,7.175625253783332
110,DrQ-v2,finger_turn_easy,6,2200000,946.8,7.227905164029863
111,DrQ-v2,finger_turn_easy,6,2220000,967.5,7.281215737462045
112,DrQ-v2,finger_turn_easy,6,2240000,872.2,7.333099961744414
113,DrQ-v2,finger_turn_easy,6,2260000,981.8,7.386502532495393
114,DrQ-v2,finger_turn_easy,6,2280000,942.7,7.4386387261417175
115,DrQ-v2,finger_turn_easy,6,2300000,963.8,7.49065108206537
116,DrQ-v2,finger_turn_easy,6,2320000,780.3,7.603922176096175
117,DrQ-v2,finger_turn_easy,6,2340000,955.4,7.6560648067792245
118,DrQ-v2,finger_turn_easy,6,2360000,974.5,7.7104530865616265
119,DrQ-v2,finger_turn_easy,6,2380000,966.1,7.762135962777667
120,DrQ-v2,finger_turn_easy,6,2400000,855.7,7.815080643031333
121,DrQ-v2,finger_turn_easy,6,2420000,852.5,7.866512284941145
122,DrQ-v2,finger_turn_easy,6,2440000,968.7,7.918692481981384
123,DrQ-v2,finger_turn_easy,6,2460000,958.1,7.996975985368092
124,DrQ-v2,finger_turn_easy,6,2480000,978.0,8.054023705588447
125,DrQ-v2,finger_turn_easy,6,2500000,974.6,8.113382489615017
126,DrQ-v2,finger_turn_easy,6,2520000,960.2,8.164419528577062
127,DrQ-v2,finger_turn_easy,6,2540000,959.7,8.215780576202604
128,DrQ-v2,finger_turn_easy,6,2560000,973.3,8.287796754572126
129,DrQ-v2,finger_turn_easy,6,2580000,956.7,8.339559396306674
130,DrQ-v2,finger_turn_easy,6,2600000,975.1,8.425768801503711
131,DrQ-v2,finger_turn_easy,6,2620000,973.2,8.477292976379395
132,DrQ-v2,finger_turn_easy,6,2640000,966.9,8.529117137922182
133,DrQ-v2,finger_turn_easy,6,2660000,957.2,8.58952456527286
134,DrQ-v2,finger_turn_easy,6,2680000,964.7,8.641214837299453
135,DrQ-v2,finger_turn_easy,6,2700000,960.4,8.694249504208566
136,DrQ-v2,finger_turn_easy,6,2720000,952.3,8.756074749098884
137,DrQ-v2,finger_turn_easy,6,2740000,968.0,8.811378989815712
138,DrQ-v2,finger_turn_easy,6,2760000,961.5,8.863736771874958
139,DrQ-v2,finger_turn_easy,6,2780000,972.8,8.916474045581289
140,DrQ-v2,finger_turn_easy,6,2800000,873.3,8.967958945367071
141,DrQ-v2,finger_turn_easy,6,2820000,975.9,9.019485461976792
142,DrQ-v2,finger_turn_easy,6,2840000,968.9,9.097344796525107
143,DrQ-v2,finger_turn_easy,6,2860000,964.6,9.15914731727706
144,DrQ-v2,finger_turn_easy,6,2880000,972.9,9.21914848473337
145,DrQ-v2,finger_turn_easy,6,2900000,967.0,9.27095396121343
146,DrQ-v2,finger_turn_easy,6,2920000,967.9,9.323461542924246
147,DrQ-v2,finger_turn_easy,6,2940000,981.8,9.375180265108744
148,DrQ-v2,finger_turn_easy,6,2960000,970.3,9.433325842221578
149,DrQ-v2,finger_turn_easy,6,2980000,856.5,9.48453678674168
0,DrQ-v2,finger_turn_easy,7,0,302.0,2.225107616848389e-06
1,DrQ-v2,finger_turn_easy,7,20000,0.0,0.04915677660041385
2,DrQ-v2,finger_turn_easy,7,40000,99.7,0.10642487035857306
3,DrQ-v2,finger_turn_easy,7,60000,100.0,0.41895161191622415
4,DrQ-v2,finger_turn_easy,7,80000,200.0,0.47180905050701566
5,DrQ-v2,finger_turn_easy,7,100000,202.0,0.5248755606015524
6,DrQ-v2,finger_turn_easy,7,120000,100.0,0.5783657664060593
7,DrQ-v2,finger_turn_easy,7,140000,0.0,0.6314634470807181
8,DrQ-v2,finger_turn_easy,7,160000,298.7,0.6845258714093102
9,DrQ-v2,finger_turn_easy,7,180000,99.9,0.737850835720698
10,DrQ-v2,finger_turn_easy,7,200000,394.3,0.7909844660096699
11,DrQ-v2,finger_turn_easy,7,220000,199.2,0.844317048854298
12,DrQ-v2,finger_turn_easy,7,240000,0.0,0.8973341126574411
13,DrQ-v2,finger_turn_easy,7,260000,100.0,0.9501755846208995
14,DrQ-v2,finger_turn_easy,7,280000,388.7,1.0035238450765611
15,DrQ-v2,finger_turn_easy,7,300000,197.7,1.0566284567117692
16,DrQ-v2,finger_turn_easy,7,320000,594.2,1.109609595603413
17,DrQ-v2,finger_turn_easy,7,340000,98.9,1.1628245455688901
18,DrQ-v2,finger_turn_easy,7,360000,100.3,1.21579409427113
19,DrQ-v2,finger_turn_easy,7,380000,299.3,1.268663820889261
20,DrQ-v2,finger_turn_easy,7,400000,202.9,1.3220239618089464
21,DrQ-v2,finger_turn_easy,7,420000,193.7,1.3754965317911572
22,DrQ-v2,finger_turn_easy,7,440000,230.3,1.4288079493575625
23,DrQ-v2,finger_turn_easy,7,460000,198.8,1.4823355725076464
24,DrQ-v2,finger_turn_easy,7,480000,257.3,1.536060749027464
25,DrQ-v2,finger_turn_easy,7,500000,188.8,1.58961579422156
26,DrQ-v2,finger_turn_easy,7,520000,396.4,1.6428309019406637
27,DrQ-v2,finger_turn_easy,7,540000,478.9,1.696017594072554
28,DrQ-v2,finger_turn_easy,7,560000,100.0,1.7496946438153584
29,DrQ-v2,finger_turn_easy,7,580000,102.0,1.8027937661276923
30,DrQ-v2,finger_turn_easy,7,600000,100.0,1.856105994383494
31,DrQ-v2,finger_turn_easy,7,620000,299.4,1.9095991631348928
32,DrQ-v2,finger_turn_easy,7,640000,494.6,1.9632140039073096
33,DrQ-v2,finger_turn_easy,7,660000,285.4,2.016285444100698
34,DrQ-v2,finger_turn_easy,7,680000,100.0,2.0704391729831695
35,DrQ-v2,finger_turn_easy,7,700000,484.1,2.1240968210167357
36,DrQ-v2,finger_turn_easy,7,720000,295.3,2.177435658839014
37,DrQ-v2,finger_turn_easy,7,740000,92.6,2.2313250184721416
38,DrQ-v2,finger_turn_easy,7,760000,299.2,2.2846022859546875
39,DrQ-v2,finger_turn_easy,7,780000,297.4,2.3381783476803037
40,DrQ-v2,finger_turn_easy,7,800000,188.4,2.392059088084433
41,DrQ-v2,finger_turn_easy,7,820000,332.8,2.445641554262903
42,DrQ-v2,finger_turn_easy,7,840000,282.9,2.4995734926064808
43,DrQ-v2,finger_turn_easy,7,860000,262.0,2.5535838964250357
44,DrQ-v2,finger_turn_easy,7,880000,99.3,2.6069560309251147
45,DrQ-v2,finger_turn_easy,7,900000,190.2,2.660864303774304
46,DrQ-v2,finger_turn_easy,7,920000,578.4,2.7142616846164067
47,DrQ-v2,finger_turn_easy,7,940000,396.3,2.7683338787158336
48,DrQ-v2,finger_turn_easy,7,960000,394.0,2.8230456168784035
49,DrQ-v2,finger_turn_easy,7,980000,688.0,2.8764637731181253
50,DrQ-v2,finger_turn_easy,7,1000000,293.5,2.9302928129169676
51,DrQ-v2,finger_turn_easy,7,1020000,296.4,2.9852591939104927
52,DrQ-v2,finger_turn_easy,7,1040000,391.1,3.0401681372192173
53,DrQ-v2,finger_turn_easy,7,1060000,441.5,3.094634580744638
54,DrQ-v2,finger_turn_easy,7,1080000,195.5,3.149774095680979
55,DrQ-v2,finger_turn_easy,7,1100000,240.5,3.205551492108239
56,DrQ-v2,finger_turn_easy,7,1120000,358.0,3.2640010488033293
57,DrQ-v2,finger_turn_easy,7,1140000,490.8,3.32447554356522
58,DrQ-v2,finger_turn_easy,7,1160000,712.5,3.389946982926792
59,DrQ-v2,finger_turn_easy,7,1180000,445.8,3.4495068280564407
60,DrQ-v2,finger_turn_easy,7,1200000,574.2,3.512391172515021
61,DrQ-v2,finger_turn_easy,7,1220000,391.1,3.587872759103775
62,DrQ-v2,finger_turn_easy,7,1240000,573.6,3.668568583197064
63,DrQ-v2,finger_turn_easy,7,1260000,719.6,3.7489030649264654
64,DrQ-v2,finger_turn_easy,7,1280000,651.6,3.817890221542782
65,DrQ-v2,finger_turn_easy,7,1300000,563.9,3.9018272314469025
66,DrQ-v2,finger_turn_easy,7,1320000,802.0,3.9883090656995774
67,DrQ-v2,finger_turn_easy,7,1340000,600.7,4.0622734433412555
68,DrQ-v2,finger_turn_easy,7,1360000,546.9,4.135356079207527
69,DrQ-v2,finger_turn_easy,7,1380000,654.0,4.218757652309206
70,DrQ-v2,finger_turn_easy,7,1400000,693.0,4.292980326414108
71,DrQ-v2,finger_turn_easy,7,1420000,663.7,4.368120108644168
72,DrQ-v2,finger_turn_easy,7,1440000,550.1,4.459612250129382
73,DrQ-v2,finger_turn_easy,7,1460000,751.1,4.536444008284145
74,DrQ-v2,finger_turn_easy,7,1480000,748.8,4.613191160427199
75,DrQ-v2,finger_turn_easy,7,1500000,760.8,4.692310224175453
76,DrQ-v2,finger_turn_easy,7,1520000,655.1,4.77365577366617
77,DrQ-v2,finger_turn_easy,7,1540000,643.8,4.84878930899832
78,DrQ-v2,finger_turn_easy,7,1560000,734.9,5.070099208288722
79,DrQ-v2,finger_turn_easy,7,1580000,854.7,5.124771745271153
80,DrQ-v2,finger_turn_easy,7,1600000,682.7,5.197660244570838
81,DrQ-v2,finger_turn_easy,7,1620000,853.6,5.283165870441331
82,DrQ-v2,finger_turn_easy,7,1640000,825.9,5.368091904123625
83,DrQ-v2,finger_turn_easy,7,1660000,829.8,5.463479331003295
84,DrQ-v2,finger_turn_easy,7,1680000,924.6,5.548560997181468
85,DrQ-v2,finger_turn_easy,7,1700000,856.9,5.619041802949376
86,DrQ-v2,finger_turn_easy,7,1720000,952.0,5.697401095827422
87,DrQ-v2,finger_turn_easy,7,1740000,663.8,5.782046424746514
88,DrQ-v2,finger_turn_easy,7,1760000,853.2,5.861680992444357
89,DrQ-v2,finger_turn_easy,7,1780000,946.4,5.940546462535858
90,DrQ-v2,finger_turn_easy,7,1800000,753.9,6.033990781042311
91,DrQ-v2,finger_turn_easy,7,1820000,827.4,6.109284343918165
92,DrQ-v2,finger_turn_easy,7,1840000,939.8,6.183787971735
93,DrQ-v2,finger_turn_easy,7,1860000,954.8,6.297538326183956
94,DrQ-v2,finger_turn_easy,7,1880000,782.8,6.378646801445219
95,DrQ-v2,finger_turn_easy,7,1900000,862.8,6.491170753770405
96,DrQ-v2,finger_turn_easy,7,1920000,857.4,6.581504259970453
97,DrQ-v2,finger_turn_easy,7,1940000,953.2,6.651879138747851
98,DrQ-v2,finger_turn_easy,7,1960000,960.2,6.774929789768325
99,DrQ-v2,finger_turn_easy,7,1980000,859.8,6.893266015781297
100,DrQ-v2,finger_turn_easy,7,2000000,866.1,6.977768548197217
101,DrQ-v2,finger_turn_easy,7,2020000,970.8,7.033092084858152
102,DrQ-v2,finger_turn_easy,7,2040000,970.3,7.085749467412631
103,DrQ-v2,finger_turn_easy,7,2060000,963.5,7.162367624640466
104,DrQ-v2,finger_turn_easy,7,2080000,853.7,7.216067598991925
105,DrQ-v2,finger_turn_easy,7,2100000,963.6,7.269435549709532
106,DrQ-v2,finger_turn_easy,7,2120000,958.0,7.323499706652429
107,DrQ-v2,finger_turn_easy,7,2140000,934.0,7.375671412083838
108,DrQ-v2,finger_turn_easy,7,2160000,970.5,7.432619495590528
109,DrQ-v2,finger_turn_easy,7,2180000,921.9,7.484566976692942
110,DrQ-v2,finger_turn_easy,7,2200000,766.2,7.55792268898752
111,DrQ-v2,finger_turn_easy,7,2220000,967.1,7.6106907235251535
112,DrQ-v2,finger_turn_easy,7,2240000,956.2,7.663876441121102
113,DrQ-v2,finger_turn_easy,7,2260000,973.9,7.716525872548422
114,DrQ-v2,finger_turn_easy,7,2280000,940.6,7.768927181098195
115,DrQ-v2,finger_turn_easy,7,2300000,980.3,7.824556118448576
116,DrQ-v2,finger_turn_easy,7,2320000,678.1,7.876700640122095
117,DrQ-v2,finger_turn_easy,7,2340000,944.5,7.9307619199487895
118,DrQ-v2,finger_turn_easy,7,2360000,937.7,8.00898718410068
119,DrQ-v2,finger_turn_easy,7,2380000,970.2,8.06253006471528
120,DrQ-v2,finger_turn_easy,7,2400000,854.0,8.127916369967991
121,DrQ-v2,finger_turn_easy,7,2420000,966.6,8.180362150669097
122,DrQ-v2,finger_turn_easy,7,2440000,918.3,8.240233879023128
123,DrQ-v2,finger_turn_easy,7,2460000,876.2,8.294500342210133
124,DrQ-v2,finger_turn_easy,7,2480000,943.5,8.346925891505347
125,DrQ-v2,finger_turn_easy,7,2500000,974.3,8.46899572584364
126,DrQ-v2,finger_turn_easy,7,2520000,872.5,8.521693747639656
127,DrQ-v2,finger_turn_easy,7,2540000,981.4,8.578896361456978
128,DrQ-v2,finger_turn_easy,7,2560000,880.0,8.631085007124478
129,DrQ-v2,finger_turn_easy,7,2580000,982.1,8.68384972181585
130,DrQ-v2,finger_turn_easy,7,2600000,856.4,8.755644940535227
131,DrQ-v2,finger_turn_easy,7,2620000,969.4,8.815658193826675
132,DrQ-v2,finger_turn_easy,7,2640000,882.4,8.868383603228462
133,DrQ-v2,finger_turn_easy,7,2660000,963.8,8.923846371041403
134,DrQ-v2,finger_turn_easy,7,2680000,961.7,8.97668481197622
135,DrQ-v2,finger_turn_easy,7,2700000,963.4,9.030729661252764
136,DrQ-v2,finger_turn_easy,7,2720000,960.0,9.10259478562408
137,DrQ-v2,finger_turn_easy,7,2740000,863.1,9.163993071781265
138,DrQ-v2,finger_turn_easy,7,2760000,873.3,9.219349577890503
139,DrQ-v2,finger_turn_easy,7,2780000,953.6,9.271632125841247
140,DrQ-v2,finger_turn_easy,7,2800000,957.3,9.324459470576711
141,DrQ-v2,finger_turn_easy,7,2820000,977.2,9.377187267873023
142,DrQ-v2,finger_turn_easy,7,2840000,854.7,9.447119487457805
143,DrQ-v2,finger_turn_easy,7,2860000,971.5,9.499413051538998
144,DrQ-v2,finger_turn_easy,7,2880000,951.1,9.550629083580441
145,DrQ-v2,finger_turn_easy,7,2900000,878.8,9.599144107699395
146,DrQ-v2,finger_turn_easy,7,2920000,967.9,9.647737018664678
147,DrQ-v2,finger_turn_easy,7,2940000,974.2,9.696201925873757
148,DrQ-v2,finger_turn_easy,7,2960000,853.9,9.745136239727339
149,DrQ-v2,finger_turn_easy,7,2980000,941.6,9.793764936592844
0,DrQ-v2,finger_turn_easy,8,0,100.0,1.9463565614488334e-06
1,DrQ-v2,finger_turn_easy,8,20000,301.3,0.05494907312923007
2,DrQ-v2,finger_turn_easy,8,40000,399.8,0.1171520678202311
3,DrQ-v2,finger_turn_easy,8,60000,204.8,0.1798595986763636
4,DrQ-v2,finger_turn_easy,8,80000,100.0,0.24242595553398133
5,DrQ-v2,finger_turn_easy,8,100000,2.7,0.30592300064033934
6,DrQ-v2,finger_turn_easy,8,120000,98.4,0.3694405894809299
7,DrQ-v2,finger_turn_easy,8,140000,0.3,0.4325109630823135
8,DrQ-v2,finger_turn_easy,8,160000,294.3,0.49489616791407265
9,DrQ-v2,finger_turn_easy,8,180000,200.0,0.558480703830719
10,DrQ-v2,finger_turn_easy,8,200000,101.6,0.6219116846720377
11,DrQ-v2,finger_turn_easy,8,220000,200.0,0.6846930842929416
12,DrQ-v2,finger_turn_easy,8,240000,97.9,0.747551916970147
13,DrQ-v2,finger_turn_easy,8,260000,99.6,0.8112229553196165
14,DrQ-v2,finger_turn_easy,8,280000,281.5,0.8743541577127245
15,DrQ-v2,finger_turn_easy,8,300000,483.3,0.9372922260893716
16,DrQ-v2,finger_turn_easy,8,320000,101.1,1.0003147231870226
17,DrQ-v2,finger_turn_easy,8,340000,297.5,1.063351338836882
18,DrQ-v2,finger_turn_easy,8,360000,203.9,1.1261692869000965
19,DrQ-v2,finger_turn_easy,8,380000,588.8,1.1889898301495445
20,DrQ-v2,finger_turn_easy,8,400000,392.8,1.2522047240866556
21,DrQ-v2,finger_turn_easy,8,420000,292.5,1.3156071280108559
22,DrQ-v2,finger_turn_easy,8,440000,201.3,1.378141936659813
23,DrQ-v2,finger_turn_easy,8,460000,282.0,1.4411668221155802
24,DrQ-v2,finger_turn_easy,8,480000,100.0,1.5038480378521812
25,DrQ-v2,finger_turn_easy,8,500000,289.7,1.568001506527265
26,DrQ-v2,finger_turn_easy,8,520000,96.9,1.6310003122356203
27,DrQ-v2,finger_turn_easy,8,540000,396.5,1.693858271241188
28,DrQ-v2,finger_turn_easy,8,560000,494.0,1.756379421154658
29,DrQ-v2,finger_turn_easy,8,580000,388.6,1.820355443159739
30,DrQ-v2,finger_turn_easy,8,600000,143.6,1.8832864287164477
31,DrQ-v2,finger_turn_easy,8,620000,481.8,1.9464150634739135
32,DrQ-v2,finger_turn_easy,8,640000,390.2,2.0099019776450264
33,DrQ-v2,finger_turn_easy,8,660000,301.4,2.0729479797681174
34,DrQ-v2,finger_turn_easy,8,680000,490.0,2.1362573756774266
35,DrQ-v2,finger_turn_easy,8,700000,576.0,2.199537711209721
36,DrQ-v2,finger_turn_easy,8,720000,221.3,2.2622481421629588
37,DrQ-v2,finger_turn_easy,8,740000,176.9,2.3254941499233244
38,DrQ-v2,finger_turn_easy,8,760000,394.5,2.3887142839034397
39,DrQ-v2,finger_turn_easy,8,780000,593.1,2.451280731227663
40,DrQ-v2,finger_turn_easy,8,800000,382.0,2.5134705034891764
41,DrQ-v2,finger_turn_easy,8,820000,200.0,2.576264367302259
42,DrQ-v2,finger_turn_easy,8,840000,484.7,2.639875863790512
43,DrQ-v2,finger_turn_easy,8,860000,198.1,2.702876620954938
44,DrQ-v2,finger_turn_easy,8,880000,353.1,2.765813483728303
45,DrQ-v2,finger_turn_easy,8,900000,496.5,2.829414595961571
46,DrQ-v2,finger_turn_easy,8,920000,674.1,2.8923188169134986
47,DrQ-v2,finger_turn_easy,8,940000,300.0,2.95556852042675
48,DrQ-v2,finger_turn_easy,8,960000,402.5,3.01849448647764
49,DrQ-v2,finger_turn_easy,8,980000,456.3,3.0820253820551766
50,DrQ-v2,finger_turn_easy,8,1000000,380.6,3.144947180747985
51,DrQ-v2,finger_turn_easy,8,1020000,792.9,3.2084448640876344
52,DrQ-v2,finger_turn_easy,8,1040000,628.0,3.271760005156199
53,DrQ-v2,finger_turn_easy,8,1060000,395.3,3.3353135213587026
54,DrQ-v2,finger_turn_easy,8,1080000,378.6,3.3983736917707654
55,DrQ-v2,finger_turn_easy,8,1100000,594.3,3.4612719027201333
56,DrQ-v2,finger_turn_easy,8,1120000,478.1,3.5242489496866862
57,DrQ-v2,finger_turn_easy,8,1140000,568.5,3.588266123731931
58,DrQ-v2,finger_turn_easy,8,1160000,780.6,3.6518828596009145
59,DrQ-v2,finger_turn_easy,8,1180000,858.6,3.714852561155955
60,DrQ-v2,finger_turn_easy,8,1200000,646.5,3.777303013536666
61,DrQ-v2,finger_turn_easy,8,1220000,508.5,3.839677663114336
62,DrQ-v2,finger_turn_easy,8,1240000,654.7,3.9023068785005144
63,DrQ-v2,finger_turn_easy,8,1260000,634.9,3.9650430399179455
64,DrQ-v2,finger_turn_easy,8,1280000,298.0,4.02806041320165
65,DrQ-v2,finger_turn_easy,8,1300000,819.5,4.090813641548157
66,DrQ-v2,finger_turn_easy,8,1320000,684.8,4.154033943414688
67,DrQ-v2,finger_turn_easy,8,1340000,695.6,4.217014445530043
68,DrQ-v2,finger_turn_easy,8,1360000,771.2,4.279338370230462
69,DrQ-v2,finger_turn_easy,8,1380000,533.1,4.343111359145906
70,DrQ-v2,finger_turn_easy,8,1400000,387.2,4.406262402998077
71,DrQ-v2,finger_turn_easy,8,1420000,650.7,4.468678754700554
72,DrQ-v2,finger_turn_easy,8,1440000,856.4,4.532236551112599
73,DrQ-v2,finger_turn_easy,8,1460000,626.0,4.595135171744559
74,DrQ-v2,finger_turn_easy,8,1480000,608.3,4.657653675278028
75,DrQ-v2,finger_turn_easy,8,1500000,665.5,4.720302551057603
76,DrQ-v2,finger_turn_easy,8,1520000,675.6,4.783254039552476
77,DrQ-v2,finger_turn_easy,8,1540000,439.9,4.846490933696429
78,DrQ-v2,finger_turn_easy,8,1560000,917.8,4.909616977572441
79,DrQ-v2,finger_turn_easy,8,1580000,787.2,4.972400522828102
80,DrQ-v2,finger_turn_easy,8,1600000,835.9,5.035199232896169
81,DrQ-v2,finger_turn_easy,8,1620000,889.7,5.097642814980613
82,DrQ-v2,finger_turn_easy,8,1640000,889.3,5.160217058062553
83,DrQ-v2,finger_turn_easy,8,1660000,848.7,5.222175139784813
84,DrQ-v2,finger_turn_easy,8,1680000,956.0,5.280391789078712
85,DrQ-v2,finger_turn_easy,8,1700000,945.2,5.338382327026791
86,DrQ-v2,finger_turn_easy,8,1720000,869.4,5.396421022878753
87,DrQ-v2,finger_turn_easy,8,1740000,847.1,5.453751129905382
88,DrQ-v2,finger_turn_easy,8,1760000,854.7,5.511042337814967
89,DrQ-v2,finger_turn_easy,8,1780000,897.5,5.568390854994456
90,DrQ-v2,finger_turn_easy,8,1800000,782.3,5.625795642203756
91,DrQ-v2,finger_turn_easy,8,1820000,923.4,5.683289307355881
92,DrQ-v2,finger_turn_easy,8,1840000,837.7,5.740762506922086
93,DrQ-v2,finger_turn_easy,8,1860000,952.4,5.7985048470232226
94,DrQ-v2,finger_turn_easy,8,1880000,845.6,5.856020960013071
95,DrQ-v2,finger_turn_easy,8,1900000,967.8,5.913482317262225
96,DrQ-v2,finger_turn_easy,8,1920000,857.5,5.970623002847035
97,DrQ-v2,finger_turn_easy,8,1940000,847.6,6.027747834059926
98,DrQ-v2,finger_turn_easy,8,1960000,862.7,6.084929982754919
99,DrQ-v2,finger_turn_easy,8,1980000,947.1,6.142208293808831
100,DrQ-v2,finger_turn_easy,8,2000000,841.1,6.199273767073949
101,DrQ-v2,finger_turn_easy,8,2020000,948.3,6.256706324021023
102,DrQ-v2,finger_turn_easy,8,2040000,899.4,6.313946730229589
103,DrQ-v2,finger_turn_easy,8,2060000,957.0,6.371325272387929
104,DrQ-v2,finger_turn_easy,8,2080000,875.8,6.428657872743078
105,DrQ-v2,finger_turn_easy,8,2100000,784.5,6.4861605297194584
106,DrQ-v2,finger_turn_easy,8,2120000,883.3,6.543561279177666
107,DrQ-v2,finger_turn_easy,8,2140000,786.1,6.6003662418656885
108,DrQ-v2,finger_turn_easy,8,2160000,937.7,6.657675585614311
109,DrQ-v2,finger_turn_easy,8,2180000,969.4,6.715006565915214
110,DrQ-v2,finger_turn_easy,8,2200000,974.3,6.772215497891108
111,DrQ-v2,finger_turn_easy,8,2220000,914.6,6.829416295952267
112,DrQ-v2,finger_turn_easy,8,2240000,982.2,6.886399048235681
113,DrQ-v2,finger_turn_easy,8,2260000,866.0,6.9430121341016555
114,DrQ-v2,finger_turn_easy,8,2280000,959.5,7.000023572974735
115,DrQ-v2,finger_turn_easy,8,2300000,959.2,7.057015037867758
116,DrQ-v2,finger_turn_easy,8,2320000,957.0,7.114454503456751
117,DrQ-v2,finger_turn_easy,8,2340000,865.4,7.171923795872265
118,DrQ-v2,finger_turn_easy,8,2360000,972.3,7.229183478156725
119,DrQ-v2,finger_turn_easy,8,2380000,760.8,7.2866625880532805
120,DrQ-v2,finger_turn_easy,8,2400000,959.7,7.343548660609458
121,DrQ-v2,finger_turn_easy,8,2420000,961.0,7.400853928791152
122,DrQ-v2,finger_turn_easy,8,2440000,970.5,7.457283321354124
123,DrQ-v2,finger_turn_easy,8,2460000,958.2,7.514214006927277
124,DrQ-v2,finger_turn_easy,8,2480000,869.2,7.571630189683702
125,DrQ-v2,finger_turn_easy,8,2500000,961.2,7.628715160753992
126,DrQ-v2,finger_turn_easy,8,2520000,987.1,7.685498218735059
127,DrQ-v2,finger_turn_easy,8,2540000,954.4,7.742706270880169
128,DrQ-v2,finger_turn_easy,8,2560000,963.1,7.799890211224556
129,DrQ-v2,finger_turn_easy,8,2580000,961.8,7.856458305848969
130,DrQ-v2,finger_turn_easy,8,2600000,959.0,7.913611030379931
131,DrQ-v2,finger_turn_easy,8,2620000,950.3,7.970923488140106
132,DrQ-v2,finger_turn_easy,8,2640000,983.6,8.028517727851868
133,DrQ-v2,finger_turn_easy,8,2660000,969.4,8.085608041948742
134,DrQ-v2,finger_turn_easy,8,2680000,978.1,8.143134008646012
135,DrQ-v2,finger_turn_easy,8,2700000,976.3,8.200861022671063
136,DrQ-v2,finger_turn_easy,8,2720000,960.3,8.258207458522584
137,DrQ-v2,finger_turn_easy,8,2740000,961.4,8.31520541045401
138,DrQ-v2,finger_turn_easy,8,2760000,954.3,8.37229320552614
139,DrQ-v2,finger_turn_easy,8,2780000,972.8,8.429565689431296
140,DrQ-v2,finger_turn_easy,8,2800000,952.3,8.486663894653322
141,DrQ-v2,finger_turn_easy,8,2820000,935.2,8.543197414345212
142,DrQ-v2,finger_turn_easy,8,2840000,970.2,8.600203796161546
143,DrQ-v2,finger_turn_easy,8,2860000,963.5,8.657043999632199
144,DrQ-v2,finger_turn_easy,8,2880000,865.7,8.714338998066056
145,DrQ-v2,finger_turn_easy,8,2900000,964.7,8.771272699303097
146,DrQ-v2,finger_turn_easy,8,2920000,958.3,8.828300923307737
147,DrQ-v2,finger_turn_easy,8,2940000,980.8,8.885508417884509
148,DrQ-v2,finger_turn_easy,8,2960000,879.1,8.93878093070454
149,DrQ-v2,finger_turn_easy,8,2980000,969.0,8.982068527605799
0,DrQ-v2,finger_turn_easy,9,0,212.1,1.3968679640028055e-06
1,DrQ-v2,finger_turn_easy,9,20000,396.6,0.04564155081907908
2,DrQ-v2,finger_turn_easy,9,40000,200.0,0.09708804057704078
3,DrQ-v2,finger_turn_easy,9,60000,200.0,0.1489108199543423
4,DrQ-v2,finger_turn_easy,9,80000,100.0,0.20140056841903262
5,DrQ-v2,finger_turn_easy,9,100000,208.5,0.25415948722097614
6,DrQ-v2,finger_turn_easy,9,120000,195.9,0.3062861219379637
7,DrQ-v2,finger_turn_easy,9,140000,100.0,0.3590932296382057
8,DrQ-v2,finger_turn_easy,9,160000,100.0,0.41119427853160434
9,DrQ-v2,finger_turn_easy,9,180000,294.1,0.4632111956013574
10,DrQ-v2,finger_turn_easy,9,200000,498.1,0.5170910121997198
11,DrQ-v2,finger_turn_easy,9,220000,0.0,0.5700829833083683
12,DrQ-v2,finger_turn_easy,9,240000,200.2,0.6229412944449318
13,DrQ-v2,finger_turn_easy,9,260000,298.6,0.6754239557849037
14,DrQ-v2,finger_turn_easy,9,280000,296.8,0.7273358029789395
15,DrQ-v2,finger_turn_easy,9,300000,400.0,0.7799735413657294
16,DrQ-v2,finger_turn_easy,9,320000,100.8,0.8328955268859863
17,DrQ-v2,finger_turn_easy,9,340000,400.0,0.8853541421227985
18,DrQ-v2,finger_turn_easy,9,360000,98.9,0.9377264479133818
19,DrQ-v2,finger_turn_easy,9,380000,100.0,0.9900843106375801
20,DrQ-v2,finger_turn_easy,9,400000,36.5,1.0424959219164318
21,DrQ-v2,finger_turn_easy,9,420000,300.0,1.0951492969195047
22,DrQ-v2,finger_turn_easy,9,440000,200.9,1.147668865190612
23,DrQ-v2,finger_turn_easy,9,460000,98.6,1.2004490727848476
24,DrQ-v2,finger_turn_easy,9,480000,399.3,1.2538543128967286
25,DrQ-v2,finger_turn_easy,9,500000,202.4,1.3058567103412417
26,DrQ-v2,finger_turn_easy,9,520000,199.7,1.3587351562579473
27,DrQ-v2,finger_turn_easy,9,540000,192.7,1.412806245750851
28,DrQ-v2,finger_turn_easy,9,560000,293.1,1.4658556192451053
29,DrQ-v2,finger_turn_easy,9,580000,200.0,1.5178784777720769
30,DrQ-v2,finger_turn_easy,9,600000,692.9,1.5712423545122147
31,DrQ-v2,finger_turn_easy,9,620000,101.2,1.623064429031478
32,DrQ-v2,finger_turn_easy,9,640000,300.0,1.675952687660853
33,DrQ-v2,finger_turn_easy,9,660000,290.9,1.7289851617150838
34,DrQ-v2,finger_turn_easy,9,680000,296.7,1.7822170080741246
35,DrQ-v2,finger_turn_easy,9,700000,91.7,1.8353778106636471
36,DrQ-v2,finger_turn_easy,9,720000,336.1,1.8892287154330147
37,DrQ-v2,finger_turn_easy,9,740000,378.9,1.9424075980318918
38,DrQ-v2,finger_turn_easy,9,760000,488.2,1.9955042191346486
39,DrQ-v2,finger_turn_easy,9,780000,447.2,2.0479130421082177
40,DrQ-v2,finger_turn_easy,9,800000,95.4,2.101493107146687
41,DrQ-v2,finger_turn_easy,9,820000,307.1,2.154353941016727
42,DrQ-v2,finger_turn_easy,9,840000,329.9,2.2070933382378684
43,DrQ-v2,finger_turn_easy,9,860000,298.4,2.2608196524779003
44,DrQ-v2,finger_turn_easy,9,880000,360.9,2.3142186878787148
45,DrQ-v2,finger_turn_easy,9,900000,457.7,2.3676214288340676
46,DrQ-v2,finger_turn_easy,9,920000,657.4,2.4201761094729104
47,DrQ-v2,finger_turn_easy,9,940000,253.1,2.4727308044168685
48,DrQ-v2,finger_turn_easy,9,960000,535.8,2.5262029205428234
49,DrQ-v2,finger_turn_easy,9,980000,747.0,2.5800102363030115
50,DrQ-v2,finger_turn_easy,9,1000000,571.8,2.6330913044346698
51,DrQ-v2,finger_turn_easy,9,1020000,842.4,2.6858996948930955
52,DrQ-v2,finger_turn_easy,9,1040000,730.1,2.738516131374571
53,DrQ-v2,finger_turn_easy,9,1060000,738.2,2.7923444939984217
54,DrQ-v2,finger_turn_easy,9,1080000,528.8,2.844998603992992
55,DrQ-v2,finger_turn_easy,9,1100000,906.2,2.897622357275751
56,DrQ-v2,finger_turn_easy,9,1120000,828.6,2.951264185971684
57,DrQ-v2,finger_turn_easy,9,1140000,765.7,3.003945567541652
58,DrQ-v2,finger_turn_easy,9,1160000,638.0,3.0557939087020025
59,DrQ-v2,finger_turn_easy,9,1180000,861.4,3.1088657881153954
60,DrQ-v2,finger_turn_easy,9,1200000,571.8,3.1620944947666585
61,DrQ-v2,finger_turn_easy,9,1220000,647.0,3.2148126728667155
62,DrQ-v2,finger_turn_easy,9,1240000,790.9,3.269057010412216
63,DrQ-v2,finger_turn_easy,9,1260000,845.5,3.3213634458515378
64,DrQ-v2,finger_turn_easy,9,1280000,885.0,3.373240083389812
65,DrQ-v2,finger_turn_easy,9,1300000,836.8,3.426688100232018
66,DrQ-v2,finger_turn_easy,9,1320000,836.6,3.4807715710004166
67,DrQ-v2,finger_turn_easy,9,1340000,843.8,3.534271780848503
68,DrQ-v2,finger_turn_easy,9,1360000,955.7,3.586796601348453
69,DrQ-v2,finger_turn_easy,9,1380000,929.6,3.639983972840839
70,DrQ-v2,finger_turn_easy,9,1400000,969.0,3.694281689061059
71,DrQ-v2,finger_turn_easy,9,1420000,853.4,3.7466682102945117
72,DrQ-v2,finger_turn_easy,9,1440000,852.5,3.7999053472942776
73,DrQ-v2,finger_turn_easy,9,1460000,838.4,3.8534099200699066
74,DrQ-v2,finger_turn_easy,9,1480000,946.4,3.9059910541110567
75,DrQ-v2,finger_turn_easy,9,1500000,938.3,3.959141119122506
76,DrQ-v2,finger_turn_easy,9,1520000,954.6,4.011661451591386
77,DrQ-v2,finger_turn_easy,9,1540000,970.3,4.063851046760877
78,DrQ-v2,finger_turn_easy,9,1560000,765.3,4.1174941021204
79,DrQ-v2,finger_turn_easy,9,1580000,979.1,4.1697071994013255
80,DrQ-v2,finger_turn_easy,9,1600000,971.2,4.222674721346961
81,DrQ-v2,finger_turn_easy,9,1620000,966.5,4.275614759193527
82,DrQ-v2,finger_turn_easy,9,1640000,871.8,4.329078020850818
83,DrQ-v2,finger_turn_easy,9,1660000,960.9,4.381224093370968
84,DrQ-v2,finger_turn_easy,9,1680000,917.3,4.434482071267234
85,DrQ-v2,finger_turn_easy,9,1700000,770.5,4.487855240768856
86,DrQ-v2,finger_turn_easy,9,1720000,967.0,4.541895270546278
87,DrQ-v2,finger_turn_easy,9,1740000,762.8,4.594683616095119
88,DrQ-v2,finger_turn_easy,9,1760000,883.3,4.647918054527707
89,DrQ-v2,finger_turn_easy,9,1780000,944.4,4.700826578670078
90,DrQ-v2,finger_turn_easy,9,1800000,949.9,4.75380791425705
91,DrQ-v2,finger_turn_easy,9,1820000,957.1,4.806948675910632
92,DrQ-v2,finger_turn_easy,9,1840000,971.4,4.860365947153833
93,DrQ-v2,finger_turn_easy,9,1860000,862.7,4.9127150157425135
94,DrQ-v2,finger_turn_easy,9,1880000,948.2,4.966229033006562
95,DrQ-v2,finger_turn_easy,9,1900000,876.7,5.019027873145211
96,DrQ-v2,finger_turn_easy,9,1920000,964.3,5.072130453387895
97,DrQ-v2,finger_turn_easy,9,1940000,973.0,5.126205073859957
98,DrQ-v2,finger_turn_easy,9,1960000,964.1,5.178688189453549
99,DrQ-v2,finger_turn_easy,9,1980000,974.0,5.230442400640912
100,DrQ-v2,finger_turn_easy,9,2000000,968.7,5.284361527495914
101,DrQ-v2,finger_turn_easy,9,2020000,974.6,5.3370958022276564
102,DrQ-v2,finger_turn_easy,9,2040000,975.3,5.391286648975479
103,DrQ-v2,finger_turn_easy,9,2060000,961.4,5.4436244332790364
104,DrQ-v2,finger_turn_easy,9,2080000,864.4,5.496865540875329
105,DrQ-v2,finger_turn_easy,9,2100000,945.8,5.55043088555336
106,DrQ-v2,finger_turn_easy,9,2120000,956.7,5.603842671182422
107,DrQ-v2,finger_turn_easy,9,2140000,934.5,5.6571462100744245
108,DrQ-v2,finger_turn_easy,9,2160000,949.9,5.710062978665033
109,DrQ-v2,finger_turn_easy,9,2180000,983.9,5.762917727298206
110,DrQ-v2,finger_turn_easy,9,2200000,959.0,5.816210063960817
111,DrQ-v2,finger_turn_easy,9,2220000,967.5,5.870106663107872
112,DrQ-v2,finger_turn_easy,9,2240000,968.0,5.923886426356104
113,DrQ-v2,finger_turn_easy,9,2260000,962.0,5.976955215467347
114,DrQ-v2,finger_turn_easy,9,2280000,885.1,6.031267463896009
115,DrQ-v2,finger_turn_easy,9,2300000,987.0,6.083720706767507
116,DrQ-v2,finger_turn_easy,9,2320000,974.9,6.1362568827470145
117,DrQ-v2,finger_turn_easy,9,2340000,769.7,6.189627244340049
118,DrQ-v2,finger_turn_easy,9,2360000,875.3,6.242824882136451
119,DrQ-v2,finger_turn_easy,9,2380000,861.7,6.295530278351571
120,DrQ-v2,finger_turn_easy,9,2400000,765.8,6.348862499396006
121,DrQ-v2,finger_turn_easy,9,2420000,966.4,6.402318680948682
122,DrQ-v2,finger_turn_easy,9,2440000,876.4,6.455886142717468
123,DrQ-v2,finger_turn_easy,9,2460000,955.1,6.508904451926549
124,DrQ-v2,finger_turn_easy,9,2480000,947.3,6.561844694813092
125,DrQ-v2,finger_turn_easy,9,2500000,859.2,6.615325528052118
126,DrQ-v2,finger_turn_easy,9,2520000,965.2,6.668208734658029
127,DrQ-v2,finger_turn_easy,9,2540000,871.3,6.721574561728372
128,DrQ-v2,finger_turn_easy,9,2560000,982.4,6.773775042295456
129,DrQ-v2,finger_turn_easy,9,2580000,974.8,6.828009010023541
130,DrQ-v2,finger_turn_easy,9,2600000,877.9,6.882148762080405
131,DrQ-v2,finger_turn_easy,9,2620000,968.2,6.935678043166797
132,DrQ-v2,finger_turn_easy,9,2640000,947.9,6.988409650524457
133,DrQ-v2,finger_turn_easy,9,2660000,960.4,7.041557189358605
134,DrQ-v2,finger_turn_easy,9,2680000,976.9,7.095148695111274
135,DrQ-v2,finger_turn_easy,9,2700000,980.0,7.149091121620602
136,DrQ-v2,finger_turn_easy,9,2720000,966.1,7.202185953325696
137,DrQ-v2,finger_turn_easy,9,2740000,965.0,7.256006091038386
138,DrQ-v2,finger_turn_easy,9,2760000,986.5,7.308632847004467
139,DrQ-v2,finger_turn_easy,9,2780000,978.5,7.3622373639875
140,DrQ-v2,finger_turn_easy,9,2800000,959.4,7.414701840347714
141,DrQ-v2,finger_turn_easy,9,2820000,869.5,7.468347998989953
142,DrQ-v2,finger_turn_easy,9,2840000,864.5,7.522168399095535
143,DrQ-v2,finger_turn_easy,9,2860000,768.0,7.574773911635081
144,DrQ-v2,finger_turn_easy,9,2880000,967.2,7.628826152152485
145,DrQ-v2,finger_turn_easy,9,2900000,954.6,7.6818387036191105
146,DrQ-v2,finger_turn_easy,9,2920000,989.1,7.735058831572534
147,DrQ-v2,finger_turn_easy,9,2940000,984.0,7.787484433253607
148,DrQ-v2,finger_turn_easy,9,2960000,977.7,7.840575209326214
149,DrQ-v2,finger_turn_easy,9,2980000,979.8,7.894214909738965
0,DrQ-v2,finger_turn_easy,10,0,0.0,1.6227033403184446e-06
1,DrQ-v2,finger_turn_easy,10,20000,1.2,0.04310420334339142
2,DrQ-v2,finger_turn_easy,10,40000,100.0,0.09211647139655219
3,DrQ-v2,finger_turn_easy,10,60000,0.0,0.14165981617238788
4,DrQ-v2,finger_turn_easy,10,80000,0.0,0.1910975674788157
5,DrQ-v2,finger_turn_easy,10,100000,298.5,0.23972235275639428
6,DrQ-v2,finger_turn_easy,10,120000,400.0,0.28845615718099804
7,DrQ-v2,finger_turn_easy,10,140000,199.3,0.337876003185908
8,DrQ-v2,finger_turn_easy,10,160000,307.0,0.38747131804625196
9,DrQ-v2,finger_turn_easy,10,180000,200.0,0.4371538886759016
10,DrQ-v2,finger_turn_easy,10,200000,200.4,0.48575860381126396
11,DrQ-v2,finger_turn_easy,10,220000,200.0,0.5354033052921295
12,DrQ-v2,finger_turn_easy,10,240000,101.1,0.5850231026278602
13,DrQ-v2,finger_turn_easy,10,260000,300.3,0.6344818098677529
14,DrQ-v2,finger_turn_easy,10,280000,398.6,0.6833120798402362
15,DrQ-v2,finger_turn_easy,10,300000,300.0,0.7324082249403
16,DrQ-v2,finger_turn_easy,10,320000,298.8,0.7814869044886695
17,DrQ-v2,finger_turn_easy,10,340000,100.5,0.8311556143230862
18,DrQ-v2,finger_turn_easy,10,360000,301.2,0.8798716431193881
19,DrQ-v2,finger_turn_easy,10,380000,297.2,0.9289048028654522
20,DrQ-v2,finger_turn_easy,10,400000,198.3,0.9785003278652827
21,DrQ-v2,finger_turn_easy,10,420000,160.6,1.028474626938502
22,DrQ-v2,finger_turn_easy,10,440000,92.0,1.0776558185285992
23,DrQ-v2,finger_turn_easy,10,460000,200.0,1.1273408122195139
24,DrQ-v2,finger_turn_easy,10,480000,399.9,1.1767235732740826
25,DrQ-v2,finger_turn_easy,10,500000,290.4,1.2258722837103737
26,DrQ-v2,finger_turn_easy,10,520000,105.4,1.2744687138663398
27,DrQ-v2,finger_turn_easy,10,540000,330.3,1.3231978936327828
28,DrQ-v2,finger_turn_easy,10,560000,299.8,1.3722302369276682
29,DrQ-v2,finger_turn_easy,10,580000,100.3,1.4218169474601745
30,DrQ-v2,finger_turn_easy,10,600000,402.0,1.4715666608015696
31,DrQ-v2,finger_turn_easy,10,620000,392.4,1.5208466472890643
32,DrQ-v2,finger_turn_easy,10,640000,102.6,1.5699663169516458
33,DrQ-v2,finger_turn_easy,10,660000,171.2,1.6190013639132181
34,DrQ-v2,finger_turn_easy,10,680000,200.0,1.6687032776408726
35,DrQ-v2,finger_turn_easy,10,700000,185.4,1.7176932395829094
36,DrQ-v2,finger_turn_easy,10,720000,470.3,1.7663925449053446
37,DrQ-v2,finger_turn_easy,10,740000,493.5,1.816356273955769
38,DrQ-v2,finger_turn_easy,10,760000,281.8,1.866378232969178
39,DrQ-v2,finger_turn_easy,10,780000,458.0,1.9159509999884499
40,DrQ-v2,finger_turn_easy,10,800000,396.6,1.9648899864488178
41,DrQ-v2,finger_turn_easy,10,820000,299.4,2.014977115194003
42,DrQ-v2,finger_turn_easy,10,840000,386.7,2.064323544833395
43,DrQ-v2,finger_turn_easy,10,860000,475.2,2.1141157710552214
44,DrQ-v2,finger_turn_easy,10,880000,189.3,2.1639340029822454
45,DrQ-v2,finger_turn_easy,10,900000,389.1,2.2129550435145697
46,DrQ-v2,finger_turn_easy,10,920000,390.6,2.2622738242149354
47,DrQ-v2,finger_turn_easy,10,940000,395.6,2.31163293964333
48,DrQ-v2,finger_turn_easy,10,960000,379.0,2.360535962978999
49,DrQ-v2,finger_turn_easy,10,980000,492.3,2.4111525063382255
50,DrQ-v2,finger_turn_easy,10,1000000,379.9,2.4609798867172663
51,DrQ-v2,finger_turn_easy,10,1020000,594.7,2.5103715220424867
52,DrQ-v2,finger_turn_easy,10,1040000,294.5,2.5601209514670904
53,DrQ-v2,finger_turn_easy,10,1060000,397.0,2.6088540065288544
54,DrQ-v2,finger_turn_easy,10,1080000,391.8,2.658852592839135
55,DrQ-v2,finger_turn_easy,10,1100000,392.9,2.708266433212492
56,DrQ-v2,finger_turn_easy,10,1120000,495.0,2.756687218613094
57,DrQ-v2,finger_turn_easy,10,1140000,198.3,2.806378185153008
58,DrQ-v2,finger_turn_easy,10,1160000,230.7,2.855079730682903
59,DrQ-v2,finger_turn_easy,10,1180000,593.1,2.9046088707447058
60,DrQ-v2,finger_turn_easy,10,1200000,496.9,2.955146842267778
61,DrQ-v2,finger_turn_easy,10,1220000,394.3,3.004336246185832
62,DrQ-v2,finger_turn_easy,10,1240000,369.4,3.053296233812968
63,DrQ-v2,finger_turn_easy,10,1260000,357.8,3.1036320841312413
64,DrQ-v2,finger_turn_easy,10,1280000,580.6,3.152832644648022
65,DrQ-v2,finger_turn_easy,10,1300000,578.5,3.2029745568169488
66,DrQ-v2,finger_turn_easy,10,1320000,579.8,3.251685509416792
67,DrQ-v2,finger_turn_easy,10,1340000,736.6,3.3001367674271265
68,DrQ-v2,finger_turn_easy,10,1360000,496.1,3.3493491988711885
69,DrQ-v2,finger_turn_easy,10,1380000,637.9,3.398752794596884
70,DrQ-v2,finger_turn_easy,10,1400000,592.4,3.44823757396804
71,DrQ-v2,finger_turn_easy,10,1420000,763.8,3.4984711028469935
72,DrQ-v2,finger_turn_easy,10,1440000,532.9,3.5483891029490366
73,DrQ-v2,finger_turn_easy,10,1460000,676.3,3.5976519870758055
74,DrQ-v2,finger_turn_easy,10,1480000,661.1,3.646803081035614
75,DrQ-v2,finger_turn_easy,10,1500000,566.9,3.697224361035559
76,DrQ-v2,finger_turn_easy,10,1520000,793.2,3.7457077131668726
77,DrQ-v2,finger_turn_easy,10,1540000,663.7,3.7956406791342636
78,DrQ-v2,finger_turn_easy,10,1560000,568.7,3.84476117697027
79,DrQ-v2,finger_turn_easy,10,1580000,908.2,3.894134878582425
80,DrQ-v2,finger_turn_easy,10,1600000,578.8,3.9441418660349314
81,DrQ-v2,finger_turn_easy,10,1620000,974.6,3.99414496117168
82,DrQ-v2,finger_turn_easy,10,1640000,838.0,4.044197493526671
83,DrQ-v2,finger_turn_easy,10,1660000,852.3,4.093405366871092
84,DrQ-v2,finger_turn_easy,10,1680000,784.0,4.143620699379179
85,DrQ-v2,finger_turn_easy,10,1700000,664.4,4.192689492437575
86,DrQ-v2,finger_turn_easy,10,1720000,647.3,4.242314351730877
87,DrQ-v2,finger_turn_easy,10,1740000,759.9,4.2908415245347555
88,DrQ-v2,finger_turn_easy,10,1760000,548.9,4.339795795546638
89,DrQ-v2,finger_turn_easy,10,1780000,959.0,4.389859122236571
90,DrQ-v2,finger_turn_easy,10,1800000,837.2,4.4386638461881205
91,DrQ-v2,finger_turn_easy,10,1820000,968.9,4.487207736041811
92,DrQ-v2,finger_turn_easy,10,1840000,931.7,4.536939222282833
93,DrQ-v2,finger_turn_easy,10,1860000,819.1,4.586999224159452
94,DrQ-v2,finger_turn_easy,10,1880000,975.1,4.6366785979933205
95,DrQ-v2,finger_turn_easy,10,1900000,952.3,4.685565974315008
96,DrQ-v2,finger_turn_easy,10,1920000,849.8,4.735546476509836
97,DrQ-v2,finger_turn_easy,10,1940000,839.1,4.784797965685526
98,DrQ-v2,finger_turn_easy,10,1960000,868.2,4.833684392107857
99,DrQ-v2,finger_turn_easy,10,1980000,767.5,4.882195054093997
100,DrQ-v2,finger_turn_easy,10,2000000,867.5,4.932158881160948
101,DrQ-v2,finger_turn_easy,10,2020000,972.8,4.982255162133111
102,DrQ-v2,finger_turn_easy,10,2040000,790.9,5.032002375788158
103,DrQ-v2,finger_turn_easy,10,2060000,953.3,5.0816762179136274
104,DrQ-v2,finger_turn_easy,10,2080000,913.6,5.131476780176163
105,DrQ-v2,finger_turn_easy,10,2100000,915.9,5.180906916922992
106,DrQ-v2,finger_turn_easy,10,2120000,871.6,5.23101208349069
107,DrQ-v2,finger_turn_easy,10,2140000,881.6,5.27941433886687
108,DrQ-v2,finger_turn_easy,10,2160000,976.0,5.329256466428439
109,DrQ-v2,finger_turn_easy,10,2180000,865.4,5.378801368541189
110,DrQ-v2,finger_turn_easy,10,2200000,867.7,5.427334492074118
111,DrQ-v2,finger_turn_easy,10,2220000,777.6,5.4776171672344205
112,DrQ-v2,finger_turn_easy,10,2240000,965.1,5.5262979998191195
113,DrQ-v2,finger_turn_easy,10,2260000,882.4,5.575136322842703
114,DrQ-v2,finger_turn_easy,10,2280000,977.4,5.62515706565645
115,DrQ-v2,finger_turn_easy,10,2300000,847.6,5.675042494336764
116,DrQ-v2,finger_turn_easy,10,2320000,855.7,5.723914164967007
117,DrQ-v2,finger_turn_easy,10,2340000,945.0,5.774047929644585
118,DrQ-v2,finger_turn_easy,10,2360000,863.8,5.824199083248774
119,DrQ-v2,finger_turn_easy,10,2380000,955.4,5.874515665041077
120,DrQ-v2,finger_turn_easy,10,2400000,973.1,5.923310434288449
121,DrQ-v2,finger_turn_easy,10,2420000,958.9,5.972105638715956
122,DrQ-v2,finger_turn_easy,10,2440000,858.6,6.022565878232321
123,DrQ-v2,finger_turn_easy,10,2460000,880.2,6.072116977903578
124,DrQ-v2,finger_turn_easy,10,2480000,967.9,6.121959971255725
125,DrQ-v2,finger_turn_easy,10,2500000,947.5,6.171372723314497
126,DrQ-v2,finger_turn_easy,10,2520000,875.5,6.22100252966086
127,DrQ-v2,finger_turn_easy,10,2540000,967.2,6.270192963282266
128,DrQ-v2,finger_turn_easy,10,2560000,691.3,6.32002479745282
129,DrQ-v2,finger_turn_easy,10,2580000,954.8,6.369640544917847
130,DrQ-v2,finger_turn_easy,10,2600000,876.9,6.41881717271275
131,DrQ-v2,finger_turn_easy,10,2620000,941.3,6.4690998083353035
132,DrQ-v2,finger_turn_easy,10,2640000,930.0,6.519890286723773
133,DrQ-v2,finger_turn_easy,10,2660000,969.7,6.569504037764336
134,DrQ-v2,finger_turn_easy,10,2680000,969.9,6.6194504996140795
135,DrQ-v2,finger_turn_easy,10,2700000,981.0,6.669560880329874
136,DrQ-v2,finger_turn_easy,10,2720000,970.5,6.720196977323956
137,DrQ-v2,finger_turn_easy,10,2740000,774.3,6.769766954249806
138,DrQ-v2,finger_turn_easy,10,2760000,861.9,6.820417328741814
139,DrQ-v2,finger_turn_easy,10,2780000,968.4,6.870294031567044
140,DrQ-v2,finger_turn_easy,10,2800000,872.9,6.91987127966351
141,DrQ-v2,finger_turn_easy,10,2820000,873.5,6.9700657826662065
142,DrQ-v2,finger_turn_easy,10,2840000,962.2,7.020174689624045
143,DrQ-v2,finger_turn_easy,10,2860000,876.5,7.070573786894481
144,DrQ-v2,finger_turn_easy,10,2880000,981.6,7.119758252567714
145,DrQ-v2,finger_turn_easy,10,2900000,969.1,7.169140330155692
146,DrQ-v2,finger_turn_easy,10,2920000,879.6,7.219283813370598
147,DrQ-v2,finger_turn_easy,10,2940000,963.4,7.2694901925325395
148,DrQ-v2,finger_turn_easy,10,2960000,870.5,7.318378611471918
149,DrQ-v2,finger_turn_easy,10,2980000,870.0,7.368102793958452
