,agent,task,seed,frame,episode_reward,hour
0,DrQ-v2,cartpole_swingup_sparse,1,0,0.0,1.3687213261921945e-06
1,DrQ-v2,cartpole_swingup_sparse,1,20000,0.0,0.039183525575531855
2,DrQ-v2,cartpole_swingup_sparse,1,40000,5.1,0.08483672387070126
3,DrQ-v2,cartpole_swingup_sparse,1,60000,38.7,0.13073867870701683
4,DrQ-v2,cartpole_swingup_sparse,1,80000,38.3,0.1766375533077452
5,DrQ-v2,cartpole_swingup_sparse,1,100000,158.1,0.22266497817304398
6,DrQ-v2,cartpole_swingup_sparse,1,120000,428.1,0.26823608140150706
7,DrQ-v2,cartpole_swingup_sparse,1,140000,632.8,0.31398561563756733
8,DrQ-v2,cartpole_swingup_sparse,1,160000,744.9,0.35999122732215455
9,DrQ-v2,cartpole_swingup_sparse,1,180000,751.1,0.4056386805905236
10,DrQ-v2,cartpole_swingup_sparse,1,200000,736.0,0.4512488555245929
11,DrQ-v2,cartpole_swingup_sparse,1,220000,753.9,0.4969115979803933
12,DrQ-v2,cartpole_swingup_sparse,1,240000,762.8,0.5424968113501867
13,DrQ-v2,cartpole_swingup_sparse,1,260000,763.4,0.5877065729432636
14,DrQ-v2,cartpole_swingup_sparse,1,280000,767.7,0.6333671403593487
15,DrQ-v2,cartpole_swingup_sparse,1,300000,766.6,0.6792852093113794
16,DrQ-v2,cartpole_swingup_sparse,1,320000,753.2,0.7249160182476045
17,DrQ-v2,cartpole_swingup_sparse,1,340000,767.7,0.77073909898599
18,DrQ-v2,cartpole_swingup_sparse,1,360000,764.8,0.8165233544508617
19,DrQ-v2,cartpole_swingup_sparse,1,380000,776.5,0.862631856335534
20,DrQ-v2,cartpole_swingup_sparse,1,400000,777.3,0.9082667881250381
21,DrQ-v2,cartpole_swingup_sparse,1,420000,775.2,0.9537901151842542
22,DrQ-v2,cartpole_swingup_sparse,1,440000,774.9,0.9996837058332233
23,DrQ-v2,cartpole_swingup_sparse,1,460000,773.4,1.045257117682033
24,DrQ-v2,cartpole_swingup_sparse,1,480000,769.8,1.0910105861557855
25,DrQ-v2,cartpole_swingup_sparse,1,500000,776.7,1.1368916435374155
26,DrQ-v2,cartpole_swingup_sparse,1,520000,777.3,1.1825595325893825
27,DrQ-v2,cartpole_swingup_sparse,1,540000,764.1,1.2286503689818913
28,DrQ-v2,cartpole_swingup_sparse,1,560000,766.4,1.2747936336861716
29,DrQ-v2,cartpole_swingup_sparse,1,580000,781.9,1.3204943490690655
30,DrQ-v2,cartpole_swingup_sparse,1,600000,784.1,1.3660491939385735
31,DrQ-v2,cartpole_swingup_sparse,1,620000,764.9,1.4118616645203697
32,DrQ-v2,cartpole_swingup_sparse,1,640000,776.2,1.45799452079667
33,DrQ-v2,cartpole_swingup_sparse,1,660000,779.8,1.50373079876105
34,DrQ-v2,cartpole_swingup_sparse,1,680000,782.9,1.5496666437387467
35,DrQ-v2,cartpole_swingup_sparse,1,700000,671.9,1.595406322280566
36,DrQ-v2,cartpole_swingup_sparse,1,720000,704.1,1.6414043152332305
37,DrQ-v2,cartpole_swingup_sparse,1,740000,779.5,1.6874832442071703
38,DrQ-v2,cartpole_swingup_sparse,1,760000,788.4,1.7332821181747649
39,DrQ-v2,cartpole_swingup_sparse,1,780000,790.5,1.7789660306109323
40,DrQ-v2,cartpole_swingup_sparse,1,800000,787.1,1.824624291724629
41,DrQ-v2,cartpole_swingup_sparse,1,820000,788.6,1.8706210286749734
42,DrQ-v2,cartpole_swingup_sparse,1,840000,787.9,1.9166928337017695
43,DrQ-v2,cartpole_swingup_sparse,1,860000,788.6,1.9627018175522486
44,DrQ-v2,cartpole_swingup_sparse,1,880000,791.7,2.008388284444809
45,DrQ-v2,cartpole_swingup_sparse,1,900000,791.2,2.0541496464278963
46,DrQ-v2,cartpole_swingup_sparse,1,920000,792.7,2.100128037267261
47,DrQ-v2,cartpole_swingup_sparse,1,940000,790.0,2.1457967129018574
48,DrQ-v2,cartpole_swingup_sparse,1,960000,758.5,2.1916042259004382
49,DrQ-v2,cartpole_swingup_sparse,1,980000,791.0,2.237618256277508
50,DrQ-v2,cartpole_swingup_sparse,1,1000000,797.9,2.2835500879420176
51,DrQ-v2,cartpole_swingup_sparse,1,1020000,782.5,2.3295407586627537
52,DrQ-v2,cartpole_swingup_sparse,1,1040000,798.7,2.37502105779118
53,DrQ-v2,cartpole_swingup_sparse,1,1060000,779.2,2.4205331823560927
54,DrQ-v2,cartpole_swingup_sparse,1,1080000,770.8,2.466572026411692
55,DrQ-v2,cartpole_swingup_sparse,1,1100000,801.5,2.512552504407035
56,DrQ-v2,cartpole_swingup_sparse,1,1120000,792.7,2.5585032142533195
57,DrQ-v2,cartpole_swingup_sparse,1,1140000,803.0,2.6045105752017768
58,DrQ-v2,cartpole_swingup_sparse,1,1160000,769.1,2.6502456553777054
59,DrQ-v2,cartpole_swingup_sparse,1,1180000,782.8,2.6960893012417686
60,DrQ-v2,cartpole_swingup_sparse,1,1200000,799.6,2.7422525741656623
61,DrQ-v2,cartpole_swingup_sparse,1,1220000,801.5,2.788390362328953
62,DrQ-v2,cartpole_swingup_sparse,1,1240000,788.1,2.834098170730803
63,DrQ-v2,cartpole_swingup_sparse,1,1260000,801.3,2.8798083447085485
64,DrQ-v2,cartpole_swingup_sparse,1,1280000,778.5,2.92587098578612
65,DrQ-v2,cartpole_swingup_sparse,1,1300000,755.7,2.971639420058992
66,DrQ-v2,cartpole_swingup_sparse,1,1320000,802.7,3.0177763593859144
67,DrQ-v2,cartpole_swingup_sparse,1,1340000,804.3,3.0638775098323823
68,DrQ-v2,cartpole_swingup_sparse,1,1360000,805.1,3.110064401957724
69,DrQ-v2,cartpole_swingup_sparse,1,1380000,786.5,3.156139369871881
70,DrQ-v2,cartpole_swingup_sparse,1,1400000,624.3,3.202230679922633
71,DrQ-v2,cartpole_swingup_sparse,1,1420000,804.8,3.248009601831436
72,DrQ-v2,cartpole_swingup_sparse,1,1440000,808.0,3.2939360931846835
73,DrQ-v2,cartpole_swingup_sparse,1,1460000,661.1,3.3397615230083466
74,DrQ-v2,cartpole_swingup_sparse,1,1480000,809.6,3.3856249148315856
75,DrQ-v2,cartpole_swingup_sparse,1,1500000,796.6,3.43148232433531
76,DrQ-v2,cartpole_swingup_sparse,1,1520000,811.1,3.47718218518628
77,DrQ-v2,cartpole_swingup_sparse,1,1540000,810.7,3.5232869548267787
78,DrQ-v2,cartpole_swingup_sparse,1,1560000,813.4,3.569376909666591
79,DrQ-v2,cartpole_swingup_sparse,1,1580000,812.6,3.615519142217107
80,DrQ-v2,cartpole_swingup_sparse,1,1600000,804.2,3.6612738635142645
81,DrQ-v2,cartpole_swingup_sparse,1,1620000,809.0,3.7068645677301624
82,DrQ-v2,cartpole_swingup_sparse,1,1640000,817.7,3.752822161184417
83,DrQ-v2,cartpole_swingup_sparse,1,1660000,812.8,3.7990447265572023
84,DrQ-v2,cartpole_swingup_sparse,1,1680000,810.5,3.8450777222712835
85,DrQ-v2,cartpole_swingup_sparse,1,1700000,806.9,3.8908523233731587
86,DrQ-v2,cartpole_swingup_sparse,1,1720000,818.9,3.937148505118158
87,DrQ-v2,cartpole_swingup_sparse,1,1740000,779.0,3.983071879016029
88,DrQ-v2,cartpole_swingup_sparse,1,1760000,791.2,4.0290360212988325
89,DrQ-v2,cartpole_swingup_sparse,1,1780000,820.7,4.075115165975359
90,DrQ-v2,cartpole_swingup_sparse,1,1800000,779.7,4.1211919762690865
91,DrQ-v2,cartpole_swingup_sparse,1,1820000,810.9,4.1672195300791
92,DrQ-v2,cartpole_swingup_sparse,1,1840000,819.1,4.213436293204626
93,DrQ-v2,cartpole_swingup_sparse,1,1860000,821.5,4.259550709062152
94,DrQ-v2,cartpole_swingup_sparse,1,1880000,794.7,4.305341844227579
95,DrQ-v2,cartpole_swingup_sparse,1,1900000,785.3,4.351271620392799
96,DrQ-v2,cartpole_swingup_sparse,1,1920000,828.9,4.3973737453752095
97,DrQ-v2,cartpole_swingup_sparse,1,1940000,825.7,4.443316877351867
98,DrQ-v2,cartpole_swingup_sparse,1,1960000,795.2,4.489403832024998
99,DrQ-v2,cartpole_swingup_sparse,1,1980000,806.2,4.535632646017604
100,DrQ-v2,cartpole_swingup_sparse,1,2000000,830.1,4.582064265873697
101,DrQ-v2,cartpole_swingup_sparse,1,2020000,834.5,4.628259362313482
102,DrQ-v2,cartpole_swingup_sparse,1,2040000,830.2,4.674397048221694
103,DrQ-v2,cartpole_swingup_sparse,1,2060000,836.4,4.720808381769392
104,DrQ-v2,cartpole_swingup_sparse,1,2080000,843.9,4.767141234609816
105,DrQ-v2,cartpole_swingup_sparse,1,2100000,842.3,4.813432671825091
106,DrQ-v2,cartpole_swingup_sparse,1,2120000,821.9,4.85983296347989
107,DrQ-v2,cartpole_swingup_sparse,1,2140000,844.3,4.906295207341512
108,DrQ-v2,cartpole_swingup_sparse,1,2160000,845.3,4.952691017389298
109,DrQ-v2,cartpole_swingup_sparse,1,2180000,842.8,4.999327848818567
110,DrQ-v2,cartpole_swingup_sparse,1,2200000,845.0,5.04576073454486
111,DrQ-v2,cartpole_swingup_sparse,1,2220000,842.9,5.091994578904576
112,DrQ-v2,cartpole_swingup_sparse,1,2240000,842.2,5.138222768902779
113,DrQ-v2,cartpole_swingup_sparse,1,2260000,843.7,5.184483600854874
114,DrQ-v2,cartpole_swingup_sparse,1,2280000,844.1,5.230782705346744
115,DrQ-v2,cartpole_swingup_sparse,1,2300000,845.5,5.277021621598138
116,DrQ-v2,cartpole_swingup_sparse,1,2320000,841.2,5.323342347211308
117,DrQ-v2,cartpole_swingup_sparse,1,2340000,824.3,5.369705836309327
118,DrQ-v2,cartpole_swingup_sparse,1,2360000,845.8,5.416334279444483
119,DrQ-v2,cartpole_swingup_sparse,1,2380000,841.7,5.462648660540581
120,DrQ-v2,cartpole_swingup_sparse,1,2400000,846.9,5.5091610698567495
121,DrQ-v2,cartpole_swingup_sparse,1,2420000,847.1,5.55523296892643
122,DrQ-v2,cartpole_swingup_sparse,1,2440000,845.4,5.601765845086841
123,DrQ-v2,cartpole_swingup_sparse,1,2460000,843.2,5.648322027259403
124,DrQ-v2,cartpole_swingup_sparse,1,2480000,845.9,5.695086041622692
125,DrQ-v2,cartpole_swingup_sparse,1,2500000,838.3,5.741345971359147
126,DrQ-v2,cartpole_swingup_sparse,1,2520000,845.8,5.787871371905009
127,DrQ-v2,cartpole_swingup_sparse,1,2540000,845.3,5.833902327815692
128,DrQ-v2,cartpole_swingup_sparse,1,2560000,844.9,5.880569175614251
129,DrQ-v2,cartpole_swingup_sparse,1,2580000,845.5,5.927032877869077
130,DrQ-v2,cartpole_swingup_sparse,1,2600000,845.9,5.972956416673131
131,DrQ-v2,cartpole_swingup_sparse,1,2620000,846.3,6.019365743729803
132,DrQ-v2,cartpole_swingup_sparse,1,2640000,849.4,6.0656203254063925
133,DrQ-v2,cartpole_swingup_sparse,1,2660000,846.8,6.11183240711689
134,DrQ-v2,cartpole_swingup_sparse,1,2680000,834.7,6.158528345293469
135,DrQ-v2,cartpole_swingup_sparse,1,2700000,848.6,6.204872599045435
136,DrQ-v2,cartpole_swingup_sparse,1,2720000,841.1,6.2512706128093924
137,DrQ-v2,cartpole_swingup_sparse,1,2740000,845.2,6.297395873135992
138,DrQ-v2,cartpole_swingup_sparse,1,2760000,844.5,6.343550851742426
139,DrQ-v2,cartpole_swingup_sparse,1,2780000,847.5,6.389905977315373
140,DrQ-v2,cartpole_swingup_sparse,1,2800000,849.4,6.436402628223101
141,DrQ-v2,cartpole_swingup_sparse,1,2820000,844.9,6.482850532001919
142,DrQ-v2,cartpole_swingup_sparse,1,2840000,848.3,6.529293883972698
143,DrQ-v2,cartpole_swingup_sparse,1,2860000,845.9,6.5756247642967445
144,DrQ-v2,cartpole_swingup_sparse,1,2880000,847.4,6.621785994304551
145,DrQ-v2,cartpole_swingup_sparse,1,2900000,848.0,6.668125057882734
146,DrQ-v2,cartpole_swingup_sparse,1,2920000,848.7,6.71460999376244
147,DrQ-v2,cartpole_swingup_sparse,1,2940000,847.2,6.761163247492577
148,DrQ-v2,cartpole_swingup_sparse,1,2960000,848.9,6.80760113954544
149,DrQ-v2,cartpole_swingup_sparse,1,2980000,845.9,6.8535684609413146
0,DrQ-v2,cartpole_swingup_sparse,2,0,0.0,2.5666422314113888e-06
1,DrQ-v2,cartpole_swingup_sparse,2,20000,0.0,0.039122812549273175
2,DrQ-v2,cartpole_swingup_sparse,2,40000,0.0,0.08478051543235779
3,DrQ-v2,cartpole_swingup_sparse,2,60000,0.0,0.13052038192749021
4,DrQ-v2,cartpole_swingup_sparse,2,80000,0.0,0.1759699849287669
5,DrQ-v2,cartpole_swingup_sparse,2,100000,0.0,0.22204359451929728
6,DrQ-v2,cartpole_swingup_sparse,2,120000,0.0,0.2681175778971778
7,DrQ-v2,cartpole_swingup_sparse,2,140000,0.0,0.3140677085849974
8,DrQ-v2,cartpole_swingup_sparse,2,160000,0.0,0.36004681686560314
9,DrQ-v2,cartpole_swingup_sparse,2,180000,16.0,0.40609565450085533
10,DrQ-v2,cartpole_swingup_sparse,2,200000,6.0,0.4520932642618815
11,DrQ-v2,cartpole_swingup_sparse,2,220000,7.3,0.4981008307801353
12,DrQ-v2,cartpole_swingup_sparse,2,240000,22.2,0.5442378299103844
13,DrQ-v2,cartpole_swingup_sparse,2,260000,35.2,0.5902186657322778
14,DrQ-v2,cartpole_swingup_sparse,2,280000,78.7,0.6363057111369239
15,DrQ-v2,cartpole_swingup_sparse,2,300000,61.4,0.6823513042926789
16,DrQ-v2,cartpole_swingup_sparse,2,320000,578.1,0.728374744852384
17,DrQ-v2,cartpole_swingup_sparse,2,340000,632.3,0.7744066327148014
18,DrQ-v2,cartpole_swingup_sparse,2,360000,732.8,0.8200878931416405
19,DrQ-v2,cartpole_swingup_sparse,2,380000,712.2,0.8661368573374217
20,DrQ-v2,cartpole_swingup_sparse,2,400000,730.3,0.9116792289415995
21,DrQ-v2,cartpole_swingup_sparse,2,420000,730.8,0.9577140270339118
22,DrQ-v2,cartpole_swingup_sparse,2,440000,719.8,1.0034864034255346
23,DrQ-v2,cartpole_swingup_sparse,2,460000,712.8,1.049676639371448
24,DrQ-v2,cartpole_swingup_sparse,2,480000,736.6,1.095469788312912
25,DrQ-v2,cartpole_swingup_sparse,2,500000,730.3,1.1411401114198896
26,DrQ-v2,cartpole_swingup_sparse,2,520000,741.5,1.187201623585489
27,DrQ-v2,cartpole_swingup_sparse,2,540000,743.7,1.2329853949944178
28,DrQ-v2,cartpole_swingup_sparse,2,560000,744.3,1.2785921237866085
29,DrQ-v2,cartpole_swingup_sparse,2,580000,706.2,1.3247948121362263
30,DrQ-v2,cartpole_swingup_sparse,2,600000,744.5,1.370705849925677
31,DrQ-v2,cartpole_swingup_sparse,2,620000,749.0,1.4168155374791886
32,DrQ-v2,cartpole_swingup_sparse,2,640000,749.3,1.462764391236835
33,DrQ-v2,cartpole_swingup_sparse,2,660000,734.6,1.5091296868854098
34,DrQ-v2,cartpole_swingup_sparse,2,680000,715.2,1.5548568701081806
35,DrQ-v2,cartpole_swingup_sparse,2,700000,706.3,1.6010490171776877
36,DrQ-v2,cartpole_swingup_sparse,2,720000,739.1,1.6469944037331474
37,DrQ-v2,cartpole_swingup_sparse,2,740000,745.8,1.693096231619517
38,DrQ-v2,cartpole_swingup_sparse,2,760000,751.9,1.7388594082329007
39,DrQ-v2,cartpole_swingup_sparse,2,780000,758.6,1.7853588408231735
40,DrQ-v2,cartpole_swingup_sparse,2,800000,743.1,1.8315443068742752
41,DrQ-v2,cartpole_swingup_sparse,2,820000,749.3,1.8776654744148253
42,DrQ-v2,cartpole_swingup_sparse,2,840000,748.1,1.923575836221377
43,DrQ-v2,cartpole_swingup_sparse,2,860000,761.1,1.969307983716329
44,DrQ-v2,cartpole_swingup_sparse,2,880000,749.6,2.015454406340917
45,DrQ-v2,cartpole_swingup_sparse,2,900000,743.0,2.061440522074699
46,DrQ-v2,cartpole_swingup_sparse,2,920000,755.0,2.107457483079698
47,DrQ-v2,cartpole_swingup_sparse,2,940000,766.3,2.1534484031465317
48,DrQ-v2,cartpole_swingup_sparse,2,960000,762.6,2.1993236133125094
49,DrQ-v2,cartpole_swingup_sparse,2,980000,757.2,2.2454278405507404
50,DrQ-v2,cartpole_swingup_sparse,2,1000000,761.7,2.291470128827625
51,DrQ-v2,cartpole_swingup_sparse,2,1020000,766.3,2.33755663394928
52,DrQ-v2,cartpole_swingup_sparse,2,1040000,769.2,2.3839083699385326
53,DrQ-v2,cartpole_swingup_sparse,2,1060000,762.0,2.4301644872956807
54,DrQ-v2,cartpole_swingup_sparse,2,1080000,768.8,2.476385831303067
55,DrQ-v2,cartpole_swingup_sparse,2,1100000,771.4,2.5225300570329034
56,DrQ-v2,cartpole_swingup_sparse,2,1120000,763.9,2.5687281344334285
57,DrQ-v2,cartpole_swingup_sparse,2,1140000,771.9,2.6149955044190087
58,DrQ-v2,cartpole_swingup_sparse,2,1160000,758.2,2.6611612753735643
59,DrQ-v2,cartpole_swingup_sparse,2,1180000,771.8,2.707154192725818
60,DrQ-v2,cartpole_swingup_sparse,2,1200000,771.9,2.7533382239606645
61,DrQ-v2,cartpole_swingup_sparse,2,1220000,719.1,2.799459115862847
62,DrQ-v2,cartpole_swingup_sparse,2,1240000,771.7,2.8453679035107293
63,DrQ-v2,cartpole_swingup_sparse,2,1260000,776.0,2.8916890383429004
64,DrQ-v2,cartpole_swingup_sparse,2,1280000,770.9,2.9380293211672046
65,DrQ-v2,cartpole_swingup_sparse,2,1300000,772.6,2.9840765910016165
66,DrQ-v2,cartpole_swingup_sparse,2,1320000,774.2,3.0304425817728045
67,DrQ-v2,cartpole_swingup_sparse,2,1340000,772.0,3.076561775008838
68,DrQ-v2,cartpole_swingup_sparse,2,1360000,777.7,3.1228140828344557
69,DrQ-v2,cartpole_swingup_sparse,2,1380000,777.8,3.168924473391639
70,DrQ-v2,cartpole_swingup_sparse,2,1400000,768.5,3.214900473422474
71,DrQ-v2,cartpole_swingup_sparse,2,1420000,775.5,3.2611200513442355
72,DrQ-v2,cartpole_swingup_sparse,2,1440000,562.5,3.3070451856321754
73,DrQ-v2,cartpole_swingup_sparse,2,1460000,779.8,3.3531196321381467
74,DrQ-v2,cartpole_swingup_sparse,2,1480000,773.7,3.39911145693726
75,DrQ-v2,cartpole_swingup_sparse,2,1500000,778.4,3.4452289013067876
76,DrQ-v2,cartpole_swingup_sparse,2,1520000,780.6,3.4912339729070667
77,DrQ-v2,cartpole_swingup_sparse,2,1540000,766.4,3.5375598947207134
78,DrQ-v2,cartpole_swingup_sparse,2,1560000,781.2,3.5837077745464114
79,DrQ-v2,cartpole_swingup_sparse,2,1580000,777.4,3.6299588629934525
80,DrQ-v2,cartpole_swingup_sparse,2,1600000,776.9,3.6762029265695144
81,DrQ-v2,cartpole_swingup_sparse,2,1620000,774.1,3.7221849053435854
82,DrQ-v2,cartpole_swingup_sparse,2,1640000,779.5,3.7683320554759767
83,DrQ-v2,cartpole_swingup_sparse,2,1660000,775.7,3.814290694726838
84,DrQ-v2,cartpole_swingup_sparse,2,1680000,777.9,3.860792047182719
85,DrQ-v2,cartpole_swingup_sparse,2,1700000,739.4,3.906716593371497
86,DrQ-v2,cartpole_swingup_sparse,2,1720000,784.3,3.9528839466306898
87,DrQ-v2,cartpole_swingup_sparse,2,1740000,757.7,3.9991099743710623
88,DrQ-v2,cartpole_swingup_sparse,2,1760000,785.4,4.0452500885062745
89,DrQ-v2,cartpole_swingup_sparse,2,1780000,786.7,4.09143254869514
90,DrQ-v2,cartpole_swingup_sparse,2,1800000,784.7,4.137701263891326
91,DrQ-v2,cartpole_swingup_sparse,2,1820000,786.5,4.18409987727801
92,DrQ-v2,cartpole_swingup_sparse,2,1840000,786.7,4.230231323043506
93,DrQ-v2,cartpole_swingup_sparse,2,1860000,780.9,4.276529974473847
94,DrQ-v2,cartpole_swingup_sparse,2,1880000,787.1,4.322577522264586
95,DrQ-v2,cartpole_swingup_sparse,2,1900000,778.7,4.368828359511164
96,DrQ-v2,cartpole_swingup_sparse,2,1920000,790.3,4.414566570520401
97,DrQ-v2,cartpole_swingup_sparse,2,1940000,787.9,4.460657141870922
98,DrQ-v2,cartpole_swingup_sparse,2,1960000,778.4,4.507093449566099
99,DrQ-v2,cartpole_swingup_sparse,2,1980000,788.3,4.553368048667908
100,DrQ-v2,cartpole_swingup_sparse,2,2000000,788.8,4.599766048789024
101,DrQ-v2,cartpole_swingup_sparse,2,2020000,788.9,4.645966134866079
102,DrQ-v2,cartpole_swingup_sparse,2,2040000,791.3,4.692411156164275
103,DrQ-v2,cartpole_swingup_sparse,2,2060000,777.1,4.738756028811137
104,DrQ-v2,cartpole_swingup_sparse,2,2080000,791.7,4.785367064078649
105,DrQ-v2,cartpole_swingup_sparse,2,2100000,786.2,4.831525702145364
106,DrQ-v2,cartpole_swingup_sparse,2,2120000,792.7,4.878160228994157
107,DrQ-v2,cartpole_swingup_sparse,2,2140000,790.8,4.92487322403325
108,DrQ-v2,cartpole_swingup_sparse,2,2160000,779.6,4.97142894493209
109,DrQ-v2,cartpole_swingup_sparse,2,2180000,794.0,5.0182115761439
110,DrQ-v2,cartpole_swingup_sparse,2,2200000,791.0,5.06476956029733
111,DrQ-v2,cartpole_swingup_sparse,2,2220000,789.0,5.111318661106957
112,DrQ-v2,cartpole_swingup_sparse,2,2240000,786.7,5.157933693859312
113,DrQ-v2,cartpole_swingup_sparse,2,2260000,796.8,5.20452634970347
114,DrQ-v2,cartpole_swingup_sparse,2,2280000,783.7,5.251009949048361
115,DrQ-v2,cartpole_swingup_sparse,2,2300000,724.6,5.297442433701622
116,DrQ-v2,cartpole_swingup_sparse,2,2320000,804.3,5.343975787560144
117,DrQ-v2,cartpole_swingup_sparse,2,2340000,799.2,5.390598508516947
118,DrQ-v2,cartpole_swingup_sparse,2,2360000,805.9,5.437252144614855
119,DrQ-v2,cartpole_swingup_sparse,2,2380000,781.1,5.483832976619403
120,DrQ-v2,cartpole_swingup_sparse,2,2400000,829.3,5.530088814496994
121,DrQ-v2,cartpole_swingup_sparse,2,2420000,825.2,5.576764348215527
122,DrQ-v2,cartpole_swingup_sparse,2,2440000,840.1,5.623251891202397
123,DrQ-v2,cartpole_swingup_sparse,2,2460000,839.4,5.669447217451203
124,DrQ-v2,cartpole_swingup_sparse,2,2480000,838.3,5.7161740144756115
125,DrQ-v2,cartpole_swingup_sparse,2,2500000,839.9,5.762571971151564
126,DrQ-v2,cartpole_swingup_sparse,2,2520000,840.0,5.809194147984188
127,DrQ-v2,cartpole_swingup_sparse,2,2540000,841.8,5.855970480640729
128,DrQ-v2,cartpole_swingup_sparse,2,2560000,841.6,5.902640955315696
129,DrQ-v2,cartpole_swingup_sparse,2,2580000,841.2,5.948995215098063
130,DrQ-v2,cartpole_swingup_sparse,2,2600000,839.6,5.995726897252931
131,DrQ-v2,cartpole_swingup_sparse,2,2620000,838.3,6.042309830519889
132,DrQ-v2,cartpole_swingup_sparse,2,2640000,843.2,6.089096337225702
133,DrQ-v2,cartpole_swingup_sparse,2,2660000,833.8,6.135800918009547
134,DrQ-v2,cartpole_swingup_sparse,2,2680000,842.5,6.182349246806568
135,DrQ-v2,cartpole_swingup_sparse,2,2700000,843.5,6.228840194278292
136,DrQ-v2,cartpole_swingup_sparse,2,2720000,841.2,6.27496104935805
137,DrQ-v2,cartpole_swingup_sparse,2,2740000,843.4,6.3210511402289065
138,DrQ-v2,cartpole_swingup_sparse,2,2760000,841.8,6.367392138441404
139,DrQ-v2,cartpole_swingup_sparse,2,2780000,845.8,6.413891105122036
140,DrQ-v2,cartpole_swingup_sparse,2,2800000,845.7,6.46041448990504
141,DrQ-v2,cartpole_swingup_sparse,2,2820000,841.9,6.506825589007802
142,DrQ-v2,cartpole_swingup_sparse,2,2840000,842.9,6.553045626481374
143,DrQ-v2,cartpole_swingup_sparse,2,2860000,844.6,6.599539208081033
144,DrQ-v2,cartpole_swingup_sparse,2,2880000,841.7,6.646107610993914
145,DrQ-v2,cartpole_swingup_sparse,2,2900000,843.3,6.692303598192003
146,DrQ-v2,cartpole_swingup_sparse,2,2920000,843.8,6.738803902334637
147,DrQ-v2,cartpole_swingup_sparse,2,2940000,842.3,6.785329468382728
148,DrQ-v2,cartpole_swingup_sparse,2,2960000,842.3,6.8318866286675135
149,DrQ-v2,cartpole_swingup_sparse,2,2980000,845.8,6.878189002341695
0,DrQ-v2,cartpole_swingup_sparse,3,0,0.0,1.1922253502739722e-06
1,DrQ-v2,cartpole_swingup_sparse,3,20000,0.0,0.03907657709386614
2,DrQ-v2,cartpole_swingup_sparse,3,40000,0.0,0.08500041551060147
3,DrQ-v2,cartpole_swingup_sparse,3,60000,0.0,0.13068751083479987
4,DrQ-v2,cartpole_swingup_sparse,3,80000,0.0,0.17656709021992154
5,DrQ-v2,cartpole_swingup_sparse,3,100000,0.0,0.22242237587769825
6,DrQ-v2,cartpole_swingup_sparse,3,120000,0.0,0.26806459493107265
7,DrQ-v2,cartpole_swingup_sparse,3,140000,0.0,0.31372891671127745
8,DrQ-v2,cartpole_swingup_sparse,3,160000,0.0,0.35880996154414285
9,DrQ-v2,cartpole_swingup_sparse,3,180000,2.5,0.404480038550165
10,DrQ-v2,cartpole_swingup_sparse,3,200000,5.9,0.45047111319171057
11,DrQ-v2,cartpole_swingup_sparse,3,220000,6.6,0.49637451026174756
12,DrQ-v2,cartpole_swingup_sparse,3,240000,10.5,0.5425881473223368
13,DrQ-v2,cartpole_swingup_sparse,3,260000,8.5,0.5882913536495634
14,DrQ-v2,cartpole_swingup_sparse,3,280000,36.2,0.6341924922333824
15,DrQ-v2,cartpole_swingup_sparse,3,300000,58.2,0.6799301932917701
16,DrQ-v2,cartpole_swingup_sparse,3,320000,23.8,0.7254334036509196
17,DrQ-v2,cartpole_swingup_sparse,3,340000,183.2,0.7712803322076798
18,DrQ-v2,cartpole_swingup_sparse,3,360000,335.2,0.8173059067461226
19,DrQ-v2,cartpole_swingup_sparse,3,380000,577.1,0.863127497235934
20,DrQ-v2,cartpole_swingup_sparse,3,400000,727.6,0.9087350983089869
21,DrQ-v2,cartpole_swingup_sparse,3,420000,671.9,0.9547130644321442
22,DrQ-v2,cartpole_swingup_sparse,3,440000,747.5,1.0005917605426577
23,DrQ-v2,cartpole_swingup_sparse,3,460000,688.6,1.0465180309613547
24,DrQ-v2,cartpole_swingup_sparse,3,480000,781.8,1.0923418519232009
25,DrQ-v2,cartpole_swingup_sparse,3,500000,671.7,1.1382840081055958
26,DrQ-v2,cartpole_swingup_sparse,3,520000,693.9,1.1842498390542135
27,DrQ-v2,cartpole_swingup_sparse,3,540000,643.7,1.230128618478775
28,DrQ-v2,cartpole_swingup_sparse,3,560000,729.4,1.2761881526311238
29,DrQ-v2,cartpole_swingup_sparse,3,580000,767.9,1.3221868552764258
30,DrQ-v2,cartpole_swingup_sparse,3,600000,700.2,1.3683117318153382
31,DrQ-v2,cartpole_swingup_sparse,3,620000,719.0,1.4143325416909325
32,DrQ-v2,cartpole_swingup_sparse,3,640000,775.9,1.4600029030773374
33,DrQ-v2,cartpole_swingup_sparse,3,660000,774.9,1.505680627822876
34,DrQ-v2,cartpole_swingup_sparse,3,680000,789.3,1.5516470105780495
35,DrQ-v2,cartpole_swingup_sparse,3,700000,796.9,1.5975439108742608
36,DrQ-v2,cartpole_swingup_sparse,3,720000,773.9,1.6434757787651486
37,DrQ-v2,cartpole_swingup_sparse,3,740000,653.7,1.6896194687816832
38,DrQ-v2,cartpole_swingup_sparse,3,760000,646.0,1.7354672632614772
39,DrQ-v2,cartpole_swingup_sparse,3,780000,690.7,1.7815346811215083
40,DrQ-v2,cartpole_swingup_sparse,3,800000,783.5,1.8275612935092713
41,DrQ-v2,cartpole_swingup_sparse,3,820000,800.0,1.8738672430647745
42,DrQ-v2,cartpole_swingup_sparse,3,840000,701.3,1.9198345478375753
43,DrQ-v2,cartpole_swingup_sparse,3,860000,695.8,1.9657976596885258
44,DrQ-v2,cartpole_swingup_sparse,3,880000,714.2,2.0115520756112204
45,DrQ-v2,cartpole_swingup_sparse,3,900000,728.9,2.0575403410196302
46,DrQ-v2,cartpole_swingup_sparse,3,920000,802.1,2.1035603824588986
47,DrQ-v2,cartpole_swingup_sparse,3,940000,710.0,2.1498298436403274
48,DrQ-v2,cartpole_swingup_sparse,3,960000,797.3,2.195635219150119
49,DrQ-v2,cartpole_swingup_sparse,3,980000,778.5,2.2413982592688666
50,DrQ-v2,cartpole_swingup_sparse,3,1000000,703.6,2.2872603795925777
51,DrQ-v2,cartpole_swingup_sparse,3,1020000,793.1,2.3326858750979107
52,DrQ-v2,cartpole_swingup_sparse,3,1040000,790.0,2.3786080477635068
53,DrQ-v2,cartpole_swingup_sparse,3,1060000,796.7,2.4243434856335324
54,DrQ-v2,cartpole_swingup_sparse,3,1080000,578.8,2.4704439651303822
55,DrQ-v2,cartpole_swingup_sparse,3,1100000,789.4,2.516464261015256
56,DrQ-v2,cartpole_swingup_sparse,3,1120000,794.4,2.5625553471512266
57,DrQ-v2,cartpole_swingup_sparse,3,1140000,773.3,2.60828491654661
58,DrQ-v2,cartpole_swingup_sparse,3,1160000,797.0,2.6540951463911266
59,DrQ-v2,cartpole_swingup_sparse,3,1180000,804.3,2.6998805902401606
60,DrQ-v2,cartpole_swingup_sparse,3,1200000,805.1,2.7458449860413863
61,DrQ-v2,cartpole_swingup_sparse,3,1220000,791.0,2.791709363129404
62,DrQ-v2,cartpole_swingup_sparse,3,1240000,794.8,2.8377962643570367
63,DrQ-v2,cartpole_swingup_sparse,3,1260000,790.6,2.883979741666052
64,DrQ-v2,cartpole_swingup_sparse,3,1280000,553.7,2.9299539522329967
65,DrQ-v2,cartpole_swingup_sparse,3,1300000,805.2,2.9761416761742696
66,DrQ-v2,cartpole_swingup_sparse,3,1320000,801.4,3.022003112435341
67,DrQ-v2,cartpole_swingup_sparse,3,1340000,803.9,3.0677188878589208
68,DrQ-v2,cartpole_swingup_sparse,3,1360000,794.6,3.113658166196611
69,DrQ-v2,cartpole_swingup_sparse,3,1380000,804.8,3.1595818538135956
70,DrQ-v2,cartpole_swingup_sparse,3,1400000,796.1,3.205523736741808
71,DrQ-v2,cartpole_swingup_sparse,3,1420000,800.3,3.251524985829989
72,DrQ-v2,cartpole_swingup_sparse,3,1440000,781.1,3.2975121861696244
73,DrQ-v2,cartpole_swingup_sparse,3,1460000,803.7,3.3436708739068774
74,DrQ-v2,cartpole_swingup_sparse,3,1480000,805.5,3.3897677540779108
75,DrQ-v2,cartpole_swingup_sparse,3,1500000,788.7,3.4358815003765955
76,DrQ-v2,cartpole_swingup_sparse,3,1520000,801.6,3.4816895057757695
77,DrQ-v2,cartpole_swingup_sparse,3,1540000,808.5,3.527466404305564
78,DrQ-v2,cartpole_swingup_sparse,3,1560000,803.4,3.5734632620546556
79,DrQ-v2,cartpole_swingup_sparse,3,1580000,380.4,3.6189371064636444
80,DrQ-v2,cartpole_swingup_sparse,3,1600000,806.5,3.664920261369811
81,DrQ-v2,cartpole_swingup_sparse,3,1620000,794.2,3.71111207332876
82,DrQ-v2,cartpole_swingup_sparse,3,1640000,804.9,3.7569586520062557
83,DrQ-v2,cartpole_swingup_sparse,3,1660000,805.9,3.803211440708902
84,DrQ-v2,cartpole_swingup_sparse,3,1680000,800.6,3.849054669075542
85,DrQ-v2,cartpole_swingup_sparse,3,1700000,803.7,3.8950727412435744
86,DrQ-v2,cartpole_swingup_sparse,3,1720000,805.1,3.941222422719002
87,DrQ-v2,cartpole_swingup_sparse,3,1740000,807.0,3.987376096579763
88,DrQ-v2,cartpole_swingup_sparse,3,1760000,798.9,4.033079827957683
89,DrQ-v2,cartpole_swingup_sparse,3,1780000,805.8,4.0793421702252495
90,DrQ-v2,cartpole_swingup_sparse,3,1800000,804.8,4.125628807809618
91,DrQ-v2,cartpole_swingup_sparse,3,1820000,805.0,4.171468279096815
92,DrQ-v2,cartpole_swingup_sparse,3,1840000,795.0,4.217401943802834
93,DrQ-v2,cartpole_swingup_sparse,3,1860000,807.5,4.2633890579806435
94,DrQ-v2,cartpole_swingup_sparse,3,1880000,806.0,4.309514745606316
95,DrQ-v2,cartpole_swingup_sparse,3,1900000,784.2,4.35550235370795
96,DrQ-v2,cartpole_swingup_sparse,3,1920000,803.3,4.401455714702606
97,DrQ-v2,cartpole_swingup_sparse,3,1940000,809.2,4.447609565522936
98,DrQ-v2,cartpole_swingup_sparse,3,1960000,808.7,4.493791356881459
99,DrQ-v2,cartpole_swingup_sparse,3,1980000,807.7,4.539430194232199
100,DrQ-v2,cartpole_swingup_sparse,3,2000000,810.7,4.585386283331447
101,DrQ-v2,cartpole_swingup_sparse,3,2020000,573.4,4.631269511977831
102,DrQ-v2,cartpole_swingup_sparse,3,2040000,807.2,4.677340683870845
103,DrQ-v2,cartpole_swingup_sparse,3,2060000,802.2,4.723440047966109
104,DrQ-v2,cartpole_swingup_sparse,3,2080000,799.1,4.769702529112498
105,DrQ-v2,cartpole_swingup_sparse,3,2100000,806.6,4.815909128785133
106,DrQ-v2,cartpole_swingup_sparse,3,2120000,790.6,4.861994263264868
107,DrQ-v2,cartpole_swingup_sparse,3,2140000,804.2,4.908336937493748
108,DrQ-v2,cartpole_swingup_sparse,3,2160000,805.4,4.954627823895878
109,DrQ-v2,cartpole_swingup_sparse,3,2180000,807.3,5.001058289408684
110,DrQ-v2,cartpole_swingup_sparse,3,2200000,566.1,5.047474979758262
111,DrQ-v2,cartpole_swingup_sparse,3,2220000,808.6,5.093887729313638
112,DrQ-v2,cartpole_swingup_sparse,3,2240000,804.9,5.140204891827372
113,DrQ-v2,cartpole_swingup_sparse,3,2260000,805.1,5.186670562889841
114,DrQ-v2,cartpole_swingup_sparse,3,2280000,808.8,5.232894989450773
115,DrQ-v2,cartpole_swingup_sparse,3,2300000,809.0,5.279458542532391
116,DrQ-v2,cartpole_swingup_sparse,3,2320000,797.6,5.326119334101678
117,DrQ-v2,cartpole_swingup_sparse,3,2340000,739.0,5.372743147148025
118,DrQ-v2,cartpole_swingup_sparse,3,2360000,805.0,5.419087738527192
119,DrQ-v2,cartpole_swingup_sparse,3,2380000,809.4,5.465848199990059
120,DrQ-v2,cartpole_swingup_sparse,3,2400000,813.2,5.512248644696341
121,DrQ-v2,cartpole_swingup_sparse,3,2420000,809.4,5.558688948882951
122,DrQ-v2,cartpole_swingup_sparse,3,2440000,798.8,5.605128622982237
123,DrQ-v2,cartpole_swingup_sparse,3,2460000,791.5,5.65184734026591
124,DrQ-v2,cartpole_swingup_sparse,3,2480000,803.9,5.698162694176038
125,DrQ-v2,cartpole_swingup_sparse,3,2500000,808.4,5.74434484620889
126,DrQ-v2,cartpole_swingup_sparse,3,2520000,810.2,5.790849574870533
127,DrQ-v2,cartpole_swingup_sparse,3,2540000,810.4,5.837116099927161
128,DrQ-v2,cartpole_swingup_sparse,3,2560000,799.8,5.883592151270973
129,DrQ-v2,cartpole_swingup_sparse,3,2580000,812.9,5.930179249776734
130,DrQ-v2,cartpole_swingup_sparse,3,2600000,811.9,5.976387502219942
131,DrQ-v2,cartpole_swingup_sparse,3,2620000,812.3,6.02268859869904
132,DrQ-v2,cartpole_swingup_sparse,3,2640000,813.0,6.0688358912865334
133,DrQ-v2,cartpole_swingup_sparse,3,2660000,809.3,6.114991480112077
134,DrQ-v2,cartpole_swingup_sparse,3,2680000,812.9,6.161296863754591
135,DrQ-v2,cartpole_swingup_sparse,3,2700000,809.5,6.207786365879906
136,DrQ-v2,cartpole_swingup_sparse,3,2720000,809.0,6.254115833838781
137,DrQ-v2,cartpole_swingup_sparse,3,2740000,808.9,6.300474266807238
138,DrQ-v2,cartpole_swingup_sparse,3,2760000,810.1,6.34680262611972
139,DrQ-v2,cartpole_swingup_sparse,3,2780000,806.0,6.392838751739926
140,DrQ-v2,cartpole_swingup_sparse,3,2800000,813.0,6.439001922541195
141,DrQ-v2,cartpole_swingup_sparse,3,2820000,813.4,6.485569269392226
142,DrQ-v2,cartpole_swingup_sparse,3,2840000,812.4,6.5321226810084445
143,DrQ-v2,cartpole_swingup_sparse,3,2860000,807.1,6.578374162846141
144,DrQ-v2,cartpole_swingup_sparse,3,2880000,809.2,6.624744260377354
145,DrQ-v2,cartpole_swingup_sparse,3,2900000,806.8,6.670941811601321
146,DrQ-v2,cartpole_swingup_sparse,3,2920000,805.0,6.717247605191336
147,DrQ-v2,cartpole_swingup_sparse,3,2940000,809.2,6.763456918199857
148,DrQ-v2,cartpole_swingup_sparse,3,2960000,810.0,6.809768443173834
149,DrQ-v2,cartpole_swingup_sparse,3,2980000,810.5,6.85597211447027
0,DrQ-v2,cartpole_swingup_sparse,4,0,0.0,2.768039703369139e-06
1,DrQ-v2,cartpole_swingup_sparse,4,20000,0.0,0.04457507027520074
2,DrQ-v2,cartpole_swingup_sparse,4,40000,0.0,0.09607657326592339
3,DrQ-v2,cartpole_swingup_sparse,4,60000,3.6,0.14727919234169853
4,DrQ-v2,cartpole_swingup_sparse,4,80000,6.6,0.19904026256667243
5,DrQ-v2,cartpole_swingup_sparse,4,100000,21.1,0.2503381277455224
6,DrQ-v2,cartpole_swingup_sparse,4,120000,17.2,0.30155839959780373
7,DrQ-v2,cartpole_swingup_sparse,4,140000,20.9,0.3527906721830368
8,DrQ-v2,cartpole_swingup_sparse,4,160000,153.5,0.40421775546338823
9,DrQ-v2,cartpole_swingup_sparse,4,180000,678.9,0.45574615961975523
10,DrQ-v2,cartpole_swingup_sparse,4,200000,674.6,0.5065888308816486
11,DrQ-v2,cartpole_swingup_sparse,4,220000,545.6,0.5580169483688143
12,DrQ-v2,cartpole_swingup_sparse,4,240000,711.0,0.6099364067448512
13,DrQ-v2,cartpole_swingup_sparse,4,260000,738.1,0.6613457974460389
14,DrQ-v2,cartpole_swingup_sparse,4,280000,729.3,0.7128745330042311
15,DrQ-v2,cartpole_swingup_sparse,4,300000,754.2,0.7637741786903806
16,DrQ-v2,cartpole_swingup_sparse,4,320000,754.9,0.8146528953313827
17,DrQ-v2,cartpole_swingup_sparse,4,340000,455.7,0.8657353738281461
18,DrQ-v2,cartpole_swingup_sparse,4,360000,722.5,0.917020881904496
19,DrQ-v2,cartpole_swingup_sparse,4,380000,760.0,0.9682959115505219
20,DrQ-v2,cartpole_swingup_sparse,4,400000,762.0,1.0195667370160422
21,DrQ-v2,cartpole_swingup_sparse,4,420000,762.4,1.06997764647007
22,DrQ-v2,cartpole_swingup_sparse,4,440000,761.6,1.1207751647631328
23,DrQ-v2,cartpole_swingup_sparse,4,460000,763.5,1.171779975824886
24,DrQ-v2,cartpole_swingup_sparse,4,480000,765.6,1.2229667011234495
25,DrQ-v2,cartpole_swingup_sparse,4,500000,156.6,1.2741937523418003
26,DrQ-v2,cartpole_swingup_sparse,4,520000,767.4,1.3255298804574542
27,DrQ-v2,cartpole_swingup_sparse,4,540000,766.7,1.3766474608580272
28,DrQ-v2,cartpole_swingup_sparse,4,560000,772.9,1.4278773997889624
29,DrQ-v2,cartpole_swingup_sparse,4,580000,770.9,1.4788723346922132
30,DrQ-v2,cartpole_swingup_sparse,4,600000,776.5,1.5294958445760938
31,DrQ-v2,cartpole_swingup_sparse,4,620000,777.2,1.5807487843434016
32,DrQ-v2,cartpole_swingup_sparse,4,640000,779.5,1.6313824854294459
33,DrQ-v2,cartpole_swingup_sparse,4,660000,779.8,1.6827264249987073
34,DrQ-v2,cartpole_swingup_sparse,4,680000,782.6,1.7341273647546769
35,DrQ-v2,cartpole_swingup_sparse,4,700000,783.2,1.7850757145219378
36,DrQ-v2,cartpole_swingup_sparse,4,720000,784.9,1.8362042913834253
37,DrQ-v2,cartpole_swingup_sparse,4,740000,784.8,1.8877106009589302
38,DrQ-v2,cartpole_swingup_sparse,4,760000,653.2,1.9385962302154964
39,DrQ-v2,cartpole_swingup_sparse,4,780000,784.9,1.9898584937387043
40,DrQ-v2,cartpole_swingup_sparse,4,800000,785.0,2.0407588741514417
41,DrQ-v2,cartpole_swingup_sparse,4,820000,786.6,2.0922186407115726
42,DrQ-v2,cartpole_swingup_sparse,4,840000,785.8,2.142956767347124
43,DrQ-v2,cartpole_swingup_sparse,4,860000,783.0,2.193928961952527
44,DrQ-v2,cartpole_swingup_sparse,4,880000,759.0,2.2448068646589916
45,DrQ-v2,cartpole_swingup_sparse,4,900000,791.8,2.2957550470696555
46,DrQ-v2,cartpole_swingup_sparse,4,920000,789.9,2.3470590984159045
47,DrQ-v2,cartpole_swingup_sparse,4,940000,789.8,2.3981382887893252
48,DrQ-v2,cartpole_swingup_sparse,4,960000,789.1,2.4491962975263597
49,DrQ-v2,cartpole_swingup_sparse,4,980000,790.2,2.5007287235392464
50,DrQ-v2,cartpole_swingup_sparse,4,1000000,780.8,2.551820738977856
51,DrQ-v2,cartpole_swingup_sparse,4,1020000,791.1,2.602569817370839
52,DrQ-v2,cartpole_swingup_sparse,4,1040000,761.4,2.653592258161969
53,DrQ-v2,cartpole_swingup_sparse,4,1060000,794.1,2.70337060060766
54,DrQ-v2,cartpole_swingup_sparse,4,1080000,795.0,2.7543622246053485
55,DrQ-v2,cartpole_swingup_sparse,4,1100000,755.1,2.805491884483231
56,DrQ-v2,cartpole_swingup_sparse,4,1120000,791.8,2.8559343157874215
57,DrQ-v2,cartpole_swingup_sparse,4,1140000,798.1,2.906334604554706
58,DrQ-v2,cartpole_swingup_sparse,4,1160000,781.7,2.9578013775746026
59,DrQ-v2,cartpole_swingup_sparse,4,1180000,797.7,3.0088743534353046
60,DrQ-v2,cartpole_swingup_sparse,4,1200000,777.1,3.059837833245596
61,DrQ-v2,cartpole_swingup_sparse,4,1220000,795.1,3.1105928381284076
62,DrQ-v2,cartpole_swingup_sparse,4,1240000,796.2,3.160879945092731
63,DrQ-v2,cartpole_swingup_sparse,4,1260000,801.0,3.211802976661258
64,DrQ-v2,cartpole_swingup_sparse,4,1280000,795.8,3.2623999690347247
65,DrQ-v2,cartpole_swingup_sparse,4,1300000,798.8,3.313536936574512
66,DrQ-v2,cartpole_swingup_sparse,4,1320000,801.3,3.3641356155607434
67,DrQ-v2,cartpole_swingup_sparse,4,1340000,794.1,3.4152065565850998
68,DrQ-v2,cartpole_swingup_sparse,4,1360000,796.9,3.4662242499987284
69,DrQ-v2,cartpole_swingup_sparse,4,1380000,800.6,3.5173077026340698
70,DrQ-v2,cartpole_swingup_sparse,4,1400000,788.2,3.568130187789599
71,DrQ-v2,cartpole_swingup_sparse,4,1420000,801.2,3.6188160483704674
72,DrQ-v2,cartpole_swingup_sparse,4,1440000,671.1,3.6699083603752984
73,DrQ-v2,cartpole_swingup_sparse,4,1460000,801.7,3.721436235772239
74,DrQ-v2,cartpole_swingup_sparse,4,1480000,800.6,3.7721032930082745
75,DrQ-v2,cartpole_swingup_sparse,4,1500000,798.1,3.823136832581626
76,DrQ-v2,cartpole_swingup_sparse,4,1520000,801.9,3.873975929286744
77,DrQ-v2,cartpole_swingup_sparse,4,1540000,785.5,3.925078105595377
78,DrQ-v2,cartpole_swingup_sparse,4,1560000,805.7,3.97585257338153
79,DrQ-v2,cartpole_swingup_sparse,4,1580000,802.7,4.026565269496706
80,DrQ-v2,cartpole_swingup_sparse,4,1600000,804.9,4.077884308232201
81,DrQ-v2,cartpole_swingup_sparse,4,1620000,805.9,4.128918766246902
82,DrQ-v2,cartpole_swingup_sparse,4,1640000,809.5,4.179762008521292
83,DrQ-v2,cartpole_swingup_sparse,4,1660000,802.0,4.231538077195485
84,DrQ-v2,cartpole_swingup_sparse,4,1680000,816.2,4.28181176589595
85,DrQ-v2,cartpole_swingup_sparse,4,1700000,689.2,4.333440731366475
86,DrQ-v2,cartpole_swingup_sparse,4,1720000,809.2,4.384527521861925
87,DrQ-v2,cartpole_swingup_sparse,4,1740000,819.4,4.435033517678579
88,DrQ-v2,cartpole_swingup_sparse,4,1760000,808.3,4.486007524198955
89,DrQ-v2,cartpole_swingup_sparse,4,1780000,808.9,4.536910757223765
90,DrQ-v2,cartpole_swingup_sparse,4,1800000,800.6,4.58811913828055
91,DrQ-v2,cartpole_swingup_sparse,4,1820000,811.2,4.639212278326353
92,DrQ-v2,cartpole_swingup_sparse,4,1840000,819.9,4.690360705322689
93,DrQ-v2,cartpole_swingup_sparse,4,1860000,821.7,4.7410234973828
94,DrQ-v2,cartpole_swingup_sparse,4,1880000,772.0,4.7921543131272
95,DrQ-v2,cartpole_swingup_sparse,4,1900000,824.5,4.843572176959779
96,DrQ-v2,cartpole_swingup_sparse,4,1920000,821.1,4.894172083801694
97,DrQ-v2,cartpole_swingup_sparse,4,1940000,815.1,4.9454040141238105
98,DrQ-v2,cartpole_swingup_sparse,4,1960000,823.6,4.996607932580842
99,DrQ-v2,cartpole_swingup_sparse,4,1980000,780.7,5.0480282795429225
100,DrQ-v2,cartpole_swingup_sparse,4,2000000,825.7,5.099197510414653
101,DrQ-v2,cartpole_swingup_sparse,4,2020000,820.1,5.150088137520684
102,DrQ-v2,cartpole_swingup_sparse,4,2040000,817.6,5.201548415687349
103,DrQ-v2,cartpole_swingup_sparse,4,2060000,783.8,5.253367862105369
104,DrQ-v2,cartpole_swingup_sparse,4,2080000,835.1,5.304521667758625
105,DrQ-v2,cartpole_swingup_sparse,4,2100000,832.7,5.3558408813344105
106,DrQ-v2,cartpole_swingup_sparse,4,2120000,828.8,5.406843091514375
107,DrQ-v2,cartpole_swingup_sparse,4,2140000,831.5,5.457525686886576
108,DrQ-v2,cartpole_swingup_sparse,4,2160000,832.7,5.508780617780156
109,DrQ-v2,cartpole_swingup_sparse,4,2180000,810.4,5.560155106120639
110,DrQ-v2,cartpole_swingup_sparse,4,2200000,840.9,5.611409967343013
111,DrQ-v2,cartpole_swingup_sparse,4,2220000,843.2,5.662390005058713
112,DrQ-v2,cartpole_swingup_sparse,4,2240000,831.6,5.7134188536140655
113,DrQ-v2,cartpole_swingup_sparse,4,2260000,847.8,5.764412709209654
114,DrQ-v2,cartpole_swingup_sparse,4,2280000,844.9,5.8154542628924055
115,DrQ-v2,cartpole_swingup_sparse,4,2300000,845.1,5.866983156402906
116,DrQ-v2,cartpole_swingup_sparse,4,2320000,844.0,5.91819791674614
117,DrQ-v2,cartpole_swingup_sparse,4,2340000,838.3,5.969058531191614
118,DrQ-v2,cartpole_swingup_sparse,4,2360000,830.7,6.01995229502519
119,DrQ-v2,cartpole_swingup_sparse,4,2380000,849.7,6.070948621564441
120,DrQ-v2,cartpole_swingup_sparse,4,2400000,845.6,6.122186675601536
121,DrQ-v2,cartpole_swingup_sparse,4,2420000,846.3,6.171963991059197
122,DrQ-v2,cartpole_swingup_sparse,4,2440000,847.6,6.222334853675631
123,DrQ-v2,cartpole_swingup_sparse,4,2460000,832.9,6.272943240536584
124,DrQ-v2,cartpole_swingup_sparse,4,2480000,849.1,6.324327176875538
125,DrQ-v2,cartpole_swingup_sparse,4,2500000,848.4,6.375411096546384
126,DrQ-v2,cartpole_swingup_sparse,4,2520000,849.3,6.426931566596031
127,DrQ-v2,cartpole_swingup_sparse,4,2540000,848.7,6.477949173318014
128,DrQ-v2,cartpole_swingup_sparse,4,2560000,846.4,6.529502934747272
129,DrQ-v2,cartpole_swingup_sparse,4,2580000,849.6,6.581046604514122
130,DrQ-v2,cartpole_swingup_sparse,4,2600000,842.5,6.632395225432184
131,DrQ-v2,cartpole_swingup_sparse,4,2620000,847.9,6.683446203801367
132,DrQ-v2,cartpole_swingup_sparse,4,2640000,849.2,6.734315036402808
133,DrQ-v2,cartpole_swingup_sparse,4,2660000,849.1,6.7857168876462515
134,DrQ-v2,cartpole_swingup_sparse,4,2680000,847.9,6.836335174573791
135,DrQ-v2,cartpole_swingup_sparse,4,2700000,847.0,6.887902300556501
136,DrQ-v2,cartpole_swingup_sparse,4,2720000,847.2,6.939737777577506
137,DrQ-v2,cartpole_swingup_sparse,4,2740000,848.4,6.988896407882373
138,DrQ-v2,cartpole_swingup_sparse,4,2760000,842.1,7.03972150153584
139,DrQ-v2,cartpole_swingup_sparse,4,2780000,845.6,7.091058635910352
140,DrQ-v2,cartpole_swingup_sparse,4,2800000,847.0,7.141344044539664
141,DrQ-v2,cartpole_swingup_sparse,4,2820000,847.1,7.192773367696338
142,DrQ-v2,cartpole_swingup_sparse,4,2840000,847.2,7.2427383800347656
143,DrQ-v2,cartpole_swingup_sparse,4,2860000,843.9,7.292471727662616
144,DrQ-v2,cartpole_swingup_sparse,4,2880000,848.8,7.343703889648119
145,DrQ-v2,cartpole_swingup_sparse,4,2900000,845.0,7.3943293611208585
146,DrQ-v2,cartpole_swingup_sparse,4,2920000,844.6,7.445453421605958
147,DrQ-v2,cartpole_swingup_sparse,4,2940000,847.7,7.496966789431042
148,DrQ-v2,cartpole_swingup_sparse,4,2960000,847.8,7.5472860224379446
149,DrQ-v2,cartpole_swingup_sparse,4,2980000,843.7,7.597787085904016
0,DrQ-v2,cartpole_swingup_sparse,5,0,0.0,3.1742122438218613e-06
1,DrQ-v2,cartpole_swingup_sparse,5,20000,0.0,0.051460058954026965
2,DrQ-v2,cartpole_swingup_sparse,5,40000,0.0,0.11071130997604794
3,DrQ-v2,cartpole_swingup_sparse,5,60000,0.0,0.1699797605143653
4,DrQ-v2,cartpole_swingup_sparse,5,80000,0.0,0.22950183961126538
5,DrQ-v2,cartpole_swingup_sparse,5,100000,0.0,0.2890657332208421
6,DrQ-v2,cartpole_swingup_sparse,5,120000,0.0,0.34792819884088305
7,DrQ-v2,cartpole_swingup_sparse,5,140000,0.0,0.4078507701555888
8,DrQ-v2,cartpole_swingup_sparse,5,160000,0.0,0.4671681315369076
9,DrQ-v2,cartpole_swingup_sparse,5,180000,0.0,0.5266221778922611
10,DrQ-v2,cartpole_swingup_sparse,5,200000,0.0,0.5864650555451711
11,DrQ-v2,cartpole_swingup_sparse,5,220000,0.0,0.6457082354360156
12,DrQ-v2,cartpole_swingup_sparse,5,240000,0.0,0.7056562499867545
13,DrQ-v2,cartpole_swingup_sparse,5,260000,0.0,0.7651920306682587
14,DrQ-v2,cartpole_swingup_sparse,5,280000,0.0,0.8245781250794728
15,DrQ-v2,cartpole_swingup_sparse,5,300000,0.0,0.8841345398955875
16,DrQ-v2,cartpole_swingup_sparse,5,320000,0.0,0.9438670388195249
17,DrQ-v2,cartpole_swingup_sparse,5,340000,0.0,1.003929056459003
18,DrQ-v2,cartpole_swingup_sparse,5,360000,0.0,1.0636748867564731
19,DrQ-v2,cartpole_swingup_sparse,5,380000,0.0,1.1234034248855378
20,DrQ-v2,cartpole_swingup_sparse,5,400000,0.0,1.1797043187088436
21,DrQ-v2,cartpole_swingup_sparse,5,420000,0.0,1.2357365471786923
22,DrQ-v2,cartpole_swingup_sparse,5,440000,0.0,1.2917132397492728
23,DrQ-v2,cartpole_swingup_sparse,5,460000,0.0,1.347923020058208
24,DrQ-v2,cartpole_swingup_sparse,5,480000,0.0,1.4041600351201164
25,DrQ-v2,cartpole_swingup_sparse,5,500000,0.0,1.4604977383216222
26,DrQ-v2,cartpole_swingup_sparse,5,520000,0.0,1.5166959668530358
27,DrQ-v2,cartpole_swingup_sparse,5,540000,1.0,1.5724740269449022
28,DrQ-v2,cartpole_swingup_sparse,5,560000,6.3,1.6279268162780338
29,DrQ-v2,cartpole_swingup_sparse,5,580000,15.8,1.683373785879877
30,DrQ-v2,cartpole_swingup_sparse,5,600000,40.8,1.7388848739862441
31,DrQ-v2,cartpole_swingup_sparse,5,620000,27.8,1.7945819558699925
32,DrQ-v2,cartpole_swingup_sparse,5,640000,26.6,1.8497669670316907
33,DrQ-v2,cartpole_swingup_sparse,5,660000,592.7,1.9053998215993246
34,DrQ-v2,cartpole_swingup_sparse,5,680000,77.1,1.960536912812127
35,DrQ-v2,cartpole_swingup_sparse,5,700000,216.1,2.0155115993155373
36,DrQ-v2,cartpole_swingup_sparse,5,720000,592.7,2.070910615324974
37,DrQ-v2,cartpole_swingup_sparse,5,740000,356.8,2.126197729176945
38,DrQ-v2,cartpole_swingup_sparse,5,760000,805.6,2.1814005388816198
39,DrQ-v2,cartpole_swingup_sparse,5,780000,691.2,2.2363078192869823
40,DrQ-v2,cartpole_swingup_sparse,5,800000,829.2,2.29131813691722
41,DrQ-v2,cartpole_swingup_sparse,5,820000,751.9,2.3462901621394687
42,DrQ-v2,cartpole_swingup_sparse,5,840000,817.9,2.401312878595458
43,DrQ-v2,cartpole_swingup_sparse,5,860000,823.4,2.456510773234897
44,DrQ-v2,cartpole_swingup_sparse,5,880000,789.4,2.5115223399798077
45,DrQ-v2,cartpole_swingup_sparse,5,900000,778.1,2.5666700899600983
46,DrQ-v2,cartpole_swingup_sparse,5,920000,768.5,2.622025880879826
47,DrQ-v2,cartpole_swingup_sparse,5,940000,831.0,2.67722431798776
48,DrQ-v2,cartpole_swingup_sparse,5,960000,818.2,2.732542953491211
49,DrQ-v2,cartpole_swingup_sparse,5,980000,815.8,2.7879189432991875
50,DrQ-v2,cartpole_swingup_sparse,5,1000000,824.2,2.8434746956825254
51,DrQ-v2,cartpole_swingup_sparse,5,1020000,826.3,2.898589055604405
52,DrQ-v2,cartpole_swingup_sparse,5,1040000,776.9,2.953951257997089
53,DrQ-v2,cartpole_swingup_sparse,5,1060000,822.2,3.008549267980788
54,DrQ-v2,cartpole_swingup_sparse,5,1080000,818.0,3.063721592558754
55,DrQ-v2,cartpole_swingup_sparse,5,1100000,833.4,3.1187626983059777
56,DrQ-v2,cartpole_swingup_sparse,5,1120000,834.4,3.173869853152169
57,DrQ-v2,cartpole_swingup_sparse,5,1140000,832.8,3.228693234523138
58,DrQ-v2,cartpole_swingup_sparse,5,1160000,825.7,3.28353264272213
59,DrQ-v2,cartpole_swingup_sparse,5,1180000,829.4,3.337994768487082
60,DrQ-v2,cartpole_swingup_sparse,5,1200000,829.4,3.393178972270753
61,DrQ-v2,cartpole_swingup_sparse,5,1220000,838.2,3.448224106894599
62,DrQ-v2,cartpole_swingup_sparse,5,1240000,828.6,3.5031016964382595
63,DrQ-v2,cartpole_swingup_sparse,5,1260000,830.5,3.5570208101802403
64,DrQ-v2,cartpole_swingup_sparse,5,1280000,833.9,3.612339174151421
65,DrQ-v2,cartpole_swingup_sparse,5,1300000,836.5,3.667391023967001
66,DrQ-v2,cartpole_swingup_sparse,5,1320000,839.4,3.7217401084634987
67,DrQ-v2,cartpole_swingup_sparse,5,1340000,836.4,3.776647652586301
68,DrQ-v2,cartpole_swingup_sparse,5,1360000,832.5,3.83177423550023
69,DrQ-v2,cartpole_swingup_sparse,5,1380000,830.0,3.8868059523238077
70,DrQ-v2,cartpole_swingup_sparse,5,1400000,833.8,3.941527225640085
71,DrQ-v2,cartpole_swingup_sparse,5,1420000,839.1,3.9966197943025166
72,DrQ-v2,cartpole_swingup_sparse,5,1440000,838.4,4.052088880141576
73,DrQ-v2,cartpole_swingup_sparse,5,1460000,837.7,4.107420295013322
74,DrQ-v2,cartpole_swingup_sparse,5,1480000,837.9,4.162559721469878
75,DrQ-v2,cartpole_swingup_sparse,5,1500000,840.3,4.217406218449274
76,DrQ-v2,cartpole_swingup_sparse,5,1520000,840.3,4.2722505062156255
77,DrQ-v2,cartpole_swingup_sparse,5,1540000,839.2,4.327257651355531
78,DrQ-v2,cartpole_swingup_sparse,5,1560000,827.7,4.382417471872436
79,DrQ-v2,cartpole_swingup_sparse,5,1580000,829.8,4.437648969027731
80,DrQ-v2,cartpole_swingup_sparse,5,1600000,838.6,4.492833829257223
81,DrQ-v2,cartpole_swingup_sparse,5,1620000,751.7,4.547568978601032
82,DrQ-v2,cartpole_swingup_sparse,5,1640000,840.9,4.602951370345222
83,DrQ-v2,cartpole_swingup_sparse,5,1660000,766.1,4.658068767587344
84,DrQ-v2,cartpole_swingup_sparse,5,1680000,830.9,4.713042618102498
85,DrQ-v2,cartpole_swingup_sparse,5,1700000,830.7,4.767388763825099
86,DrQ-v2,cartpole_swingup_sparse,5,1720000,839.5,4.821983106136322
87,DrQ-v2,cartpole_swingup_sparse,5,1740000,838.4,4.876726118392415
88,DrQ-v2,cartpole_swingup_sparse,5,1760000,841.3,4.931706599791845
89,DrQ-v2,cartpole_swingup_sparse,5,1780000,841.0,4.986887766387728
90,DrQ-v2,cartpole_swingup_sparse,5,1800000,838.1,5.042481080028746
91,DrQ-v2,cartpole_swingup_sparse,5,1820000,840.8,5.097312172651291
92,DrQ-v2,cartpole_swingup_sparse,5,1840000,835.6,5.151957719988292
93,DrQ-v2,cartpole_swingup_sparse,5,1860000,838.3,5.206600630614493
94,DrQ-v2,cartpole_swingup_sparse,5,1880000,838.4,5.261325077546967
95,DrQ-v2,cartpole_swingup_sparse,5,1900000,841.7,5.316122243139479
96,DrQ-v2,cartpole_swingup_sparse,5,1920000,841.0,5.370758543014525
97,DrQ-v2,cartpole_swingup_sparse,5,1940000,839.0,5.425520693527328
98,DrQ-v2,cartpole_swingup_sparse,5,1960000,840.6,5.480134392711851
99,DrQ-v2,cartpole_swingup_sparse,5,1980000,835.5,5.534648174444834
100,DrQ-v2,cartpole_swingup_sparse,5,2000000,837.5,5.589108186430401
101,DrQ-v2,cartpole_swingup_sparse,5,2020000,839.6,5.644059537649156
102,DrQ-v2,cartpole_swingup_sparse,5,2040000,832.2,5.698752386834887
103,DrQ-v2,cartpole_swingup_sparse,5,2060000,842.5,5.7530972893370524
104,DrQ-v2,cartpole_swingup_sparse,5,2080000,840.1,5.807814790606499
105,DrQ-v2,cartpole_swingup_sparse,5,2100000,840.4,5.862148407300313
106,DrQ-v2,cartpole_swingup_sparse,5,2120000,839.8,5.916824844545789
107,DrQ-v2,cartpole_swingup_sparse,5,2140000,831.7,5.971526380644903
108,DrQ-v2,cartpole_swingup_sparse,5,2160000,839.2,6.026124336918195
109,DrQ-v2,cartpole_swingup_sparse,5,2180000,844.4,6.080518073770736
110,DrQ-v2,cartpole_swingup_sparse,5,2200000,840.9,6.135135025382042
111,DrQ-v2,cartpole_swingup_sparse,5,2220000,840.2,6.189791662428114
112,DrQ-v2,cartpole_swingup_sparse,5,2240000,837.0,6.24513687617249
113,DrQ-v2,cartpole_swingup_sparse,5,2260000,842.3,6.300553679002656
114,DrQ-v2,cartpole_swingup_sparse,5,2280000,841.5,6.356409112877316
115,DrQ-v2,cartpole_swingup_sparse,5,2300000,808.6,6.41138407058186
116,DrQ-v2,cartpole_swingup_sparse,5,2320000,841.9,6.465933528211381
117,DrQ-v2,cartpole_swingup_sparse,5,2340000,843.2,6.520599268012577
118,DrQ-v2,cartpole_swingup_sparse,5,2360000,840.7,6.575268257459005
119,DrQ-v2,cartpole_swingup_sparse,5,2380000,845.2,6.629460552599696
120,DrQ-v2,cartpole_swingup_sparse,5,2400000,842.1,6.68411759270562
121,DrQ-v2,cartpole_swingup_sparse,5,2420000,845.2,6.738733563886748
122,DrQ-v2,cartpole_swingup_sparse,5,2440000,842.8,6.793300707009103
123,DrQ-v2,cartpole_swingup_sparse,5,2460000,843.8,6.847818967501323
124,DrQ-v2,cartpole_swingup_sparse,5,2480000,845.2,6.902772680256102
125,DrQ-v2,cartpole_swingup_sparse,5,2500000,708.2,6.957148453129663
126,DrQ-v2,cartpole_swingup_sparse,5,2520000,842.1,7.011632447176511
127,DrQ-v2,cartpole_swingup_sparse,5,2540000,842.0,7.065816301703453
128,DrQ-v2,cartpole_swingup_sparse,5,2560000,819.7,7.11994199944867
129,DrQ-v2,cartpole_swingup_sparse,5,2580000,842.9,7.174707462920083
130,DrQ-v2,cartpole_swingup_sparse,5,2600000,844.8,7.229250242445203
131,DrQ-v2,cartpole_swingup_sparse,5,2620000,842.0,7.283763238588969
132,DrQ-v2,cartpole_swingup_sparse,5,2640000,841.7,7.338010261323717
133,DrQ-v2,cartpole_swingup_sparse,5,2660000,841.6,7.3924351128604675
134,DrQ-v2,cartpole_swingup_sparse,5,2680000,723.9,7.446993783248796
135,DrQ-v2,cartpole_swingup_sparse,5,2700000,836.4,7.501532781124114
136,DrQ-v2,cartpole_swingup_sparse,5,2720000,843.8,7.556263727479511
137,DrQ-v2,cartpole_swingup_sparse,5,2740000,838.2,7.610786243875823
138,DrQ-v2,cartpole_swingup_sparse,5,2760000,842.9,7.665436840852102
139,DrQ-v2,cartpole_swingup_sparse,5,2780000,845.2,7.720016790562206
140,DrQ-v2,cartpole_swingup_sparse,5,2800000,817.8,7.774357998106215
141,DrQ-v2,cartpole_swingup_sparse,5,2820000,842.8,7.828646954960293
142,DrQ-v2,cartpole_swingup_sparse,5,2840000,846.0,7.883266226185692
143,DrQ-v2,cartpole_swingup_sparse,5,2860000,845.8,7.937770765225093
144,DrQ-v2,cartpole_swingup_sparse,5,2880000,435.2,7.9921168019374225
145,DrQ-v2,cartpole_swingup_sparse,5,2900000,847.0,8.047342248227862
146,DrQ-v2,cartpole_swingup_sparse,5,2920000,848.6,8.102576621439722
147,DrQ-v2,cartpole_swingup_sparse,5,2940000,847.5,8.156858827935325
148,DrQ-v2,cartpole_swingup_sparse,5,2960000,843.2,8.211258790824147
149,DrQ-v2,cartpole_swingup_sparse,5,2980000,845.0,8.266146809326278
0,DrQ-v2,cartpole_swingup_sparse,6,0,0.0,3.354483180575889e-06
1,DrQ-v2,cartpole_swingup_sparse,6,20000,0.0,0.05150249361991882
2,DrQ-v2,cartpole_swingup_sparse,6,40000,0.0,0.11115924835205078
3,DrQ-v2,cartpole_swingup_sparse,6,60000,0.0,0.17029478092988332
4,DrQ-v2,cartpole_swingup_sparse,6,80000,0.0,0.22978793601195016
5,DrQ-v2,cartpole_swingup_sparse,6,100000,0.0,0.28925440357791055
6,DrQ-v2,cartpole_swingup_sparse,6,120000,0.0,0.3484780149989658
7,DrQ-v2,cartpole_swingup_sparse,6,140000,0.0,0.40774986651208667
8,DrQ-v2,cartpole_swingup_sparse,6,160000,0.0,0.4669125680791007
9,DrQ-v2,cartpole_swingup_sparse,6,180000,0.0,0.5261741415659587
10,DrQ-v2,cartpole_swingup_sparse,6,200000,0.0,0.5859499441252815
11,DrQ-v2,cartpole_swingup_sparse,6,220000,0.0,0.6449359578556485
12,DrQ-v2,cartpole_swingup_sparse,6,240000,0.0,0.7043601481119791
13,DrQ-v2,cartpole_swingup_sparse,6,260000,0.0,0.7638686491383446
14,DrQ-v2,cartpole_swingup_sparse,6,280000,2.9,0.8234225891696082
15,DrQ-v2,cartpole_swingup_sparse,6,300000,7.5,0.8827486033572091
16,DrQ-v2,cartpole_swingup_sparse,6,320000,12.6,0.9427069363329146
17,DrQ-v2,cartpole_swingup_sparse,6,340000,9.7,1.0023517245054245
18,DrQ-v2,cartpole_swingup_sparse,6,360000,25.0,1.0618870826562243
19,DrQ-v2,cartpole_swingup_sparse,6,380000,51.8,1.1217394142018424
20,DrQ-v2,cartpole_swingup_sparse,6,400000,186.1,1.1815586329168744
21,DrQ-v2,cartpole_swingup_sparse,6,420000,645.1,1.241552430457539
22,DrQ-v2,cartpole_swingup_sparse,6,440000,759.4,1.3010990852779811
23,DrQ-v2,cartpole_swingup_sparse,6,460000,777.5,1.361871523923344
24,DrQ-v2,cartpole_swingup_sparse,6,480000,769.2,1.4247548755009969
25,DrQ-v2,cartpole_swingup_sparse,6,500000,710.5,1.4923199684090085
26,DrQ-v2,cartpole_swingup_sparse,6,520000,754.6,1.5618877363204957
27,DrQ-v2,cartpole_swingup_sparse,6,540000,728.0,1.6273531820376714
28,DrQ-v2,cartpole_swingup_sparse,6,560000,775.1,1.6867433280415005
29,DrQ-v2,cartpole_swingup_sparse,6,580000,761.1,1.7463726515902414
30,DrQ-v2,cartpole_swingup_sparse,6,600000,775.7,1.805338275498814
31,DrQ-v2,cartpole_swingup_sparse,6,620000,765.4,1.8658632828129664
32,DrQ-v2,cartpole_swingup_sparse,6,640000,763.5,1.9264663774437374
33,DrQ-v2,cartpole_swingup_sparse,6,660000,765.3,1.987707230647405
34,DrQ-v2,cartpole_swingup_sparse,6,680000,791.1,2.0479459949996737
35,DrQ-v2,cartpole_swingup_sparse,6,700000,789.9,2.107809866534339
36,DrQ-v2,cartpole_swingup_sparse,6,720000,782.3,2.167612554099825
37,DrQ-v2,cartpole_swingup_sparse,6,740000,788.2,2.22764492114385
38,DrQ-v2,cartpole_swingup_sparse,6,760000,789.4,2.2895279272397357
39,DrQ-v2,cartpole_swingup_sparse,6,780000,790.7,2.354861110912429
40,DrQ-v2,cartpole_swingup_sparse,6,800000,778.4,3.4166133307748368
41,DrQ-v2,cartpole_swingup_sparse,6,820000,803.4,3.4765910481082067
42,DrQ-v2,cartpole_swingup_sparse,6,840000,799.7,3.536075618531969
43,DrQ-v2,cartpole_swingup_sparse,6,860000,697.1,3.595644241041607
44,DrQ-v2,cartpole_swingup_sparse,6,880000,804.9,3.654686802625656
45,DrQ-v2,cartpole_swingup_sparse,6,900000,810.3,3.7140980841716136
46,DrQ-v2,cartpole_swingup_sparse,6,920000,808.3,3.7731187172730767
47,DrQ-v2,cartpole_swingup_sparse,6,940000,812.9,3.8325023051102955
48,DrQ-v2,cartpole_swingup_sparse,6,960000,812.6,3.891899985935953
49,DrQ-v2,cartpole_swingup_sparse,6,980000,818.0,3.951542524761624
50,DrQ-v2,cartpole_swingup_sparse,6,1000000,814.7,4.011471218268077
51,DrQ-v2,cartpole_swingup_sparse,6,1020000,803.8,4.070981597569253
52,DrQ-v2,cartpole_swingup_sparse,6,1040000,816.9,4.130711700651381
53,DrQ-v2,cartpole_swingup_sparse,6,1060000,817.6,4.191365733544032
54,DrQ-v2,cartpole_swingup_sparse,6,1080000,817.7,4.251433004273308
55,DrQ-v2,cartpole_swingup_sparse,6,1100000,249.6,4.312441978123453
56,DrQ-v2,cartpole_swingup_sparse,6,1120000,807.7,4.375357969138358
57,DrQ-v2,cartpole_swingup_sparse,6,1140000,816.9,4.444622073902025
58,DrQ-v2,cartpole_swingup_sparse,6,1160000,816.9,4.516569017502997
59,DrQ-v2,cartpole_swingup_sparse,6,1180000,818.9,4.632811811168988
60,DrQ-v2,cartpole_swingup_sparse,6,1200000,822.3,4.762669496470028
61,DrQ-v2,cartpole_swingup_sparse,6,1220000,820.8,4.889794624778959
62,DrQ-v2,cartpole_swingup_sparse,6,1240000,816.6,4.992393602397707
63,DrQ-v2,cartpole_swingup_sparse,6,1260000,816.6,5.057284059127172
64,DrQ-v2,cartpole_swingup_sparse,6,1280000,821.4,5.133097162776523
65,DrQ-v2,cartpole_swingup_sparse,6,1300000,805.7,5.198058400816388
66,DrQ-v2,cartpole_swingup_sparse,6,1320000,823.6,5.264522783425119
67,DrQ-v2,cartpole_swingup_sparse,6,1340000,822.3,5.325732252332901
68,DrQ-v2,cartpole_swingup_sparse,6,1360000,817.6,5.388220910628636
69,DrQ-v2,cartpole_swingup_sparse,6,1380000,828.4,5.451129532588853
70,DrQ-v2,cartpole_swingup_sparse,6,1400000,823.0,5.513868184553252
71,DrQ-v2,cartpole_swingup_sparse,6,1420000,815.0,5.5761942960818605
72,DrQ-v2,cartpole_swingup_sparse,6,1440000,827.1,5.63758871641424
73,DrQ-v2,cartpole_swingup_sparse,6,1460000,826.7,5.697095006174512
74,DrQ-v2,cartpole_swingup_sparse,6,1480000,788.5,5.756420811944538
75,DrQ-v2,cartpole_swingup_sparse,6,1500000,819.1,5.815926362276079
76,DrQ-v2,cartpole_swingup_sparse,6,1520000,816.0,6.17767405503326
77,DrQ-v2,cartpole_swingup_sparse,6,1540000,824.3,6.2399027445581225
78,DrQ-v2,cartpole_swingup_sparse,6,1560000,818.8,6.308050190409024
79,DrQ-v2,cartpole_swingup_sparse,6,1580000,826.3,6.3693694570991735
80,DrQ-v2,cartpole_swingup_sparse,6,1600000,823.5,6.4316193255451
81,DrQ-v2,cartpole_swingup_sparse,6,1620000,822.6,6.492944566872385
82,DrQ-v2,cartpole_swingup_sparse,6,1640000,823.6,6.553836352096663
83,DrQ-v2,cartpole_swingup_sparse,6,1660000,817.8,6.614806994862026
84,DrQ-v2,cartpole_swingup_sparse,6,1680000,821.0,6.677156662212478
85,DrQ-v2,cartpole_swingup_sparse,6,1700000,828.9,6.737890243464047
86,DrQ-v2,cartpole_swingup_sparse,6,1720000,830.5,6.799241214990616
87,DrQ-v2,cartpole_swingup_sparse,6,1740000,828.8,6.860286198589537
88,DrQ-v2,cartpole_swingup_sparse,6,1760000,826.7,6.920571529401673
89,DrQ-v2,cartpole_swingup_sparse,6,1780000,828.1,6.97953017393748
90,DrQ-v2,cartpole_swingup_sparse,6,1800000,828.4,7.038532537751728
91,DrQ-v2,cartpole_swingup_sparse,6,1820000,827.7,7.0971106031205915
92,DrQ-v2,cartpole_swingup_sparse,6,1840000,826.3,7.1608920621209675
93,DrQ-v2,cartpole_swingup_sparse,6,1860000,782.8,7.250555551317003
94,DrQ-v2,cartpole_swingup_sparse,6,1880000,827.0,7.310749960475498
95,DrQ-v2,cartpole_swingup_sparse,6,1900000,829.6,7.4200093739562565
96,DrQ-v2,cartpole_swingup_sparse,6,1920000,828.8,7.4989831829733316
97,DrQ-v2,cartpole_swingup_sparse,6,1940000,826.9,7.562544287443161
98,DrQ-v2,cartpole_swingup_sparse,6,1960000,825.7,7.623060344457626
99,DrQ-v2,cartpole_swingup_sparse,6,1980000,829.8,7.692265870372455
100,DrQ-v2,cartpole_swingup_sparse,6,2000000,827.2,7.7523320425219
101,DrQ-v2,cartpole_swingup_sparse,6,2020000,831.7,7.834589532282617
102,DrQ-v2,cartpole_swingup_sparse,6,2040000,829.5,7.904776123695902
103,DrQ-v2,cartpole_swingup_sparse,6,2060000,827.7,7.963277837832769
104,DrQ-v2,cartpole_swingup_sparse,6,2080000,829.7,8.02137300643656
105,DrQ-v2,cartpole_swingup_sparse,6,2100000,593.2,8.079603668583763
106,DrQ-v2,cartpole_swingup_sparse,6,2120000,819.0,8.137977208561367
107,DrQ-v2,cartpole_swingup_sparse,6,2140000,832.1,8.19619037171205
108,DrQ-v2,cartpole_swingup_sparse,6,2160000,831.8,8.25502142475711
109,DrQ-v2,cartpole_swingup_sparse,6,2180000,829.3,8.31311635447873
110,DrQ-v2,cartpole_swingup_sparse,6,2200000,830.4,8.371086504658063
111,DrQ-v2,cartpole_swingup_sparse,6,2220000,830.7,8.429232084684902
112,DrQ-v2,cartpole_swingup_sparse,6,2240000,827.6,8.48825380967723
113,DrQ-v2,cartpole_swingup_sparse,6,2260000,832.3,8.54692913810412
114,DrQ-v2,cartpole_swingup_sparse,6,2280000,826.2,8.60545681701766
115,DrQ-v2,cartpole_swingup_sparse,6,2300000,829.4,8.663614058627022
116,DrQ-v2,cartpole_swingup_sparse,6,2320000,831.3,8.721900706224972
117,DrQ-v2,cartpole_swingup_sparse,6,2340000,831.9,8.77990980843703
118,DrQ-v2,cartpole_swingup_sparse,6,2360000,573.9,8.837651259766684
119,DrQ-v2,cartpole_swingup_sparse,6,2380000,843.0,8.89635319683287
120,DrQ-v2,cartpole_swingup_sparse,6,2400000,840.8,8.954675853119955
121,DrQ-v2,cartpole_swingup_sparse,6,2420000,819.8,9.012978990607792
122,DrQ-v2,cartpole_swingup_sparse,6,2440000,845.6,9.071407616469596
123,DrQ-v2,cartpole_swingup_sparse,6,2460000,845.8,9.129569493863318
124,DrQ-v2,cartpole_swingup_sparse,6,2480000,846.9,9.188035549057854
125,DrQ-v2,cartpole_swingup_sparse,6,2500000,846.4,9.246307319800058
126,DrQ-v2,cartpole_swingup_sparse,6,2520000,847.6,9.304827781319618
127,DrQ-v2,cartpole_swingup_sparse,6,2540000,844.7,9.362789249155256
128,DrQ-v2,cartpole_swingup_sparse,6,2560000,847.9,9.420822715626823
129,DrQ-v2,cartpole_swingup_sparse,6,2580000,848.0,9.478959460589621
130,DrQ-v2,cartpole_swingup_sparse,6,2600000,847.0,9.536936349206501
131,DrQ-v2,cartpole_swingup_sparse,6,2620000,846.7,9.594993624819649
132,DrQ-v2,cartpole_swingup_sparse,6,2640000,813.1,9.653069812324311
133,DrQ-v2,cartpole_swingup_sparse,6,2660000,826.4,9.710956408249007
134,DrQ-v2,cartpole_swingup_sparse,6,2680000,848.3,9.769203042387963
135,DrQ-v2,cartpole_swingup_sparse,6,2700000,845.1,9.827415089011192
136,DrQ-v2,cartpole_swingup_sparse,6,2720000,823.9,9.885481259822846
137,DrQ-v2,cartpole_swingup_sparse,6,2740000,845.1,9.943718735045858
138,DrQ-v2,cartpole_swingup_sparse,6,2760000,831.6,10.002182275984023
139,DrQ-v2,cartpole_swingup_sparse,6,2780000,795.0,10.060517011549738
140,DrQ-v2,cartpole_swingup_sparse,6,2800000,848.1,10.118484786748887
141,DrQ-v2,cartpole_swingup_sparse,6,2820000,846.2,10.17663372927242
142,DrQ-v2,cartpole_swingup_sparse,6,2840000,843.5,10.234646894468202
143,DrQ-v2,cartpole_swingup_sparse,6,2860000,848.5,10.29329981373416
144,DrQ-v2,cartpole_swingup_sparse,6,2880000,846.8,10.351279881861474
145,DrQ-v2,cartpole_swingup_sparse,6,2900000,846.0,10.409638363255395
146,DrQ-v2,cartpole_swingup_sparse,6,2920000,761.5,10.467747376230028
147,DrQ-v2,cartpole_swingup_sparse,6,2940000,846.0,10.52622078306145
148,DrQ-v2,cartpole_swingup_sparse,6,2960000,841.4,10.58400058845679
149,DrQ-v2,cartpole_swingup_sparse,6,2980000,847.9,10.64176188780202
0,DrQ-v2,cartpole_swingup_sparse,7,0,0.0,2.541277143690306e-06
1,DrQ-v2,cartpole_swingup_sparse,7,20000,0.0,0.03824955648846096
2,DrQ-v2,cartpole_swingup_sparse,7,40000,0.0,0.08412656724452973
3,DrQ-v2,cartpole_swingup_sparse,7,60000,0.0,0.12993811561001672
4,DrQ-v2,cartpole_swingup_sparse,7,80000,0.0,0.17624381813738083
5,DrQ-v2,cartpole_swingup_sparse,7,100000,0.0,0.222255942357911
6,DrQ-v2,cartpole_swingup_sparse,7,120000,0.0,0.2680263905392753
7,DrQ-v2,cartpole_swingup_sparse,7,140000,0.0,0.3150329469972187
8,DrQ-v2,cartpole_swingup_sparse,7,160000,0.0,0.36107365859879387
9,DrQ-v2,cartpole_swingup_sparse,7,180000,0.0,0.4072804229127036
10,DrQ-v2,cartpole_swingup_sparse,7,200000,0.0,0.45321754515171053
11,DrQ-v2,cartpole_swingup_sparse,7,220000,0.0,0.49897554695606233
12,DrQ-v2,cartpole_swingup_sparse,7,240000,1.4,0.545771129793591
13,DrQ-v2,cartpole_swingup_sparse,7,260000,0.0,0.5916047052542368
14,DrQ-v2,cartpole_swingup_sparse,7,280000,0.0,0.6379624024364683
15,DrQ-v2,cartpole_swingup_sparse,7,300000,0.0,0.6845095086759991
16,DrQ-v2,cartpole_swingup_sparse,7,320000,0.0,0.7306790306170782
17,DrQ-v2,cartpole_swingup_sparse,7,340000,0.0,0.7765609856446584
18,DrQ-v2,cartpole_swingup_sparse,7,360000,0.0,0.8224518264664544
19,DrQ-v2,cartpole_swingup_sparse,7,380000,0.0,0.8684520941310458
20,DrQ-v2,cartpole_swingup_sparse,7,400000,0.0,0.9147600371970069
21,DrQ-v2,cartpole_swingup_sparse,7,420000,0.0,0.9610276238123577
22,DrQ-v2,cartpole_swingup_sparse,7,440000,3.6,1.0074790209531783
23,DrQ-v2,cartpole_swingup_sparse,7,460000,9.1,1.0542004220353234
24,DrQ-v2,cartpole_swingup_sparse,7,480000,8.8,1.1009969822565715
25,DrQ-v2,cartpole_swingup_sparse,7,500000,18.6,1.1471646649307674
26,DrQ-v2,cartpole_swingup_sparse,7,520000,15.9,1.193785523308648
27,DrQ-v2,cartpole_swingup_sparse,7,540000,43.2,1.2396242650349936
28,DrQ-v2,cartpole_swingup_sparse,7,560000,29.5,1.2864130285713409
29,DrQ-v2,cartpole_swingup_sparse,7,580000,49.0,1.3331861863533656
30,DrQ-v2,cartpole_swingup_sparse,7,600000,0.7,1.3796334473292033
31,DrQ-v2,cartpole_swingup_sparse,7,620000,52.2,1.425636424223582
32,DrQ-v2,cartpole_swingup_sparse,7,640000,628.3,1.4715092658996582
33,DrQ-v2,cartpole_swingup_sparse,7,660000,363.5,1.5180427843332291
34,DrQ-v2,cartpole_swingup_sparse,7,680000,606.3,1.5642692295047973
35,DrQ-v2,cartpole_swingup_sparse,7,700000,659.6,1.6104599780506559
36,DrQ-v2,cartpole_swingup_sparse,7,720000,701.2,1.6562607649299834
37,DrQ-v2,cartpole_swingup_sparse,7,740000,646.5,1.702173465821478
38,DrQ-v2,cartpole_swingup_sparse,7,760000,559.0,1.748360003961457
39,DrQ-v2,cartpole_swingup_sparse,7,780000,600.1,1.7943849215242598
40,DrQ-v2,cartpole_swingup_sparse,7,800000,617.3,1.8411744864781698
41,DrQ-v2,cartpole_swingup_sparse,7,820000,705.4,1.8869812701808082
42,DrQ-v2,cartpole_swingup_sparse,7,840000,648.8,1.932748294605149
43,DrQ-v2,cartpole_swingup_sparse,7,860000,700.7,1.979424204164081
44,DrQ-v2,cartpole_swingup_sparse,7,880000,745.6,2.0256069329712125
45,DrQ-v2,cartpole_swingup_sparse,7,900000,695.5,2.0716642767853206
46,DrQ-v2,cartpole_swingup_sparse,7,920000,720.4,2.11746397362815
47,DrQ-v2,cartpole_swingup_sparse,7,940000,721.7,2.164023318224483
48,DrQ-v2,cartpole_swingup_sparse,7,960000,702.6,2.2103612012995613
49,DrQ-v2,cartpole_swingup_sparse,7,980000,698.2,2.25577920642164
50,DrQ-v2,cartpole_swingup_sparse,7,1000000,705.0,2.301977904703882
51,DrQ-v2,cartpole_swingup_sparse,7,1020000,713.5,2.347569054696295
52,DrQ-v2,cartpole_swingup_sparse,7,1040000,717.1,2.3937061097224555
53,DrQ-v2,cartpole_swingup_sparse,7,1060000,700.7,2.4402267899778156
54,DrQ-v2,cartpole_swingup_sparse,7,1080000,617.3,2.4868335415919622
55,DrQ-v2,cartpole_swingup_sparse,7,1100000,694.4,2.5325755185551113
56,DrQ-v2,cartpole_swingup_sparse,7,1120000,721.6,2.5784059254990686
57,DrQ-v2,cartpole_swingup_sparse,7,1140000,711.1,2.62443420973089
58,DrQ-v2,cartpole_swingup_sparse,7,1160000,769.1,2.6713430019219717
59,DrQ-v2,cartpole_swingup_sparse,7,1180000,742.5,2.7175725781917572
60,DrQ-v2,cartpole_swingup_sparse,7,1200000,772.4,2.7639145152436364
61,DrQ-v2,cartpole_swingup_sparse,7,1220000,253.0,2.8103090612755874
62,DrQ-v2,cartpole_swingup_sparse,7,1240000,791.1,2.8560719227128555
63,DrQ-v2,cartpole_swingup_sparse,7,1260000,738.2,2.9022400953372323
64,DrQ-v2,cartpole_swingup_sparse,7,1280000,773.4,2.9483671372466618
65,DrQ-v2,cartpole_swingup_sparse,7,1300000,775.6,2.9951702707343633
66,DrQ-v2,cartpole_swingup_sparse,7,1320000,800.3,3.0413844780127213
67,DrQ-v2,cartpole_swingup_sparse,7,1340000,788.0,3.087183637619019
68,DrQ-v2,cartpole_swingup_sparse,7,1360000,774.9,3.133288609849082
69,DrQ-v2,cartpole_swingup_sparse,7,1380000,802.1,3.1794906757275267
70,DrQ-v2,cartpole_swingup_sparse,7,1400000,798.7,3.2259956532054477
71,DrQ-v2,cartpole_swingup_sparse,7,1420000,671.1,3.272155276669397
72,DrQ-v2,cartpole_swingup_sparse,7,1440000,795.3,3.3183628704150516
73,DrQ-v2,cartpole_swingup_sparse,7,1460000,799.7,3.3650562616851594
74,DrQ-v2,cartpole_swingup_sparse,7,1480000,799.1,3.4117761588096625
75,DrQ-v2,cartpole_swingup_sparse,7,1500000,805.9,3.4577807986074025
76,DrQ-v2,cartpole_swingup_sparse,7,1520000,788.3,3.504319950673316
77,DrQ-v2,cartpole_swingup_sparse,7,1540000,782.4,3.5501043175988727
78,DrQ-v2,cartpole_swingup_sparse,7,1560000,803.9,3.5964970516496235
79,DrQ-v2,cartpole_swingup_sparse,7,1580000,795.6,3.6427748984098436
80,DrQ-v2,cartpole_swingup_sparse,7,1600000,788.9,3.6887270561191765
81,DrQ-v2,cartpole_swingup_sparse,7,1620000,790.0,3.7352016343673067
82,DrQ-v2,cartpole_swingup_sparse,7,1640000,807.9,3.780981105897162
83,DrQ-v2,cartpole_swingup_sparse,7,1660000,802.6,3.827373898492919
84,DrQ-v2,cartpole_swingup_sparse,7,1680000,804.3,3.8737256485223766
85,DrQ-v2,cartpole_swingup_sparse,7,1700000,794.7,3.919867898689376
86,DrQ-v2,cartpole_swingup_sparse,7,1720000,809.4,3.96591901951366
87,DrQ-v2,cartpole_swingup_sparse,7,1740000,704.8,4.012695648537742
88,DrQ-v2,cartpole_swingup_sparse,7,1760000,800.9,4.059100628428989
89,DrQ-v2,cartpole_swingup_sparse,7,1780000,810.4,4.105280295676656
90,DrQ-v2,cartpole_swingup_sparse,7,1800000,789.9,4.1512165511979005
91,DrQ-v2,cartpole_swingup_sparse,7,1820000,799.8,4.197813977532917
92,DrQ-v2,cartpole_swingup_sparse,7,1840000,810.8,4.24443800634808
93,DrQ-v2,cartpole_swingup_sparse,7,1860000,804.4,4.290810305343734
94,DrQ-v2,cartpole_swingup_sparse,7,1880000,805.4,4.336953031950527
95,DrQ-v2,cartpole_swingup_sparse,7,1900000,791.2,4.383087308804194
96,DrQ-v2,cartpole_swingup_sparse,7,1920000,808.6,4.430571134421561
97,DrQ-v2,cartpole_swingup_sparse,7,1940000,803.5,4.476379468705919
98,DrQ-v2,cartpole_swingup_sparse,7,1960000,802.1,4.522710551155938
99,DrQ-v2,cartpole_swingup_sparse,7,1980000,796.9,4.569121031827397
100,DrQ-v2,cartpole_swingup_sparse,7,2000000,766.7,4.61496524684959
101,DrQ-v2,cartpole_swingup_sparse,7,2020000,808.8,4.6613564791944295
102,DrQ-v2,cartpole_swingup_sparse,7,2040000,803.8,4.707427600224813
103,DrQ-v2,cartpole_swingup_sparse,7,2060000,813.2,4.7535248051749335
104,DrQ-v2,cartpole_swingup_sparse,7,2080000,797.7,4.800180900494258
105,DrQ-v2,cartpole_swingup_sparse,7,2100000,808.1,4.846262174778515
106,DrQ-v2,cartpole_swingup_sparse,7,2120000,807.2,4.892430745363235
107,DrQ-v2,cartpole_swingup_sparse,7,2140000,802.9,4.938652404480511
108,DrQ-v2,cartpole_swingup_sparse,7,2160000,796.3,4.9852718983756175
109,DrQ-v2,cartpole_swingup_sparse,7,2180000,806.3,5.031674775348769
110,DrQ-v2,cartpole_swingup_sparse,7,2200000,807.6,5.0780515429708695
111,DrQ-v2,cartpole_swingup_sparse,7,2220000,811.0,5.124744011892214
112,DrQ-v2,cartpole_swingup_sparse,7,2240000,809.6,5.171118341618114
113,DrQ-v2,cartpole_swingup_sparse,7,2260000,803.4,5.217144381139014
114,DrQ-v2,cartpole_swingup_sparse,7,2280000,809.0,5.263687361743714
115,DrQ-v2,cartpole_swingup_sparse,7,2300000,807.6,5.309694857862261
116,DrQ-v2,cartpole_swingup_sparse,7,2320000,803.5,5.355512800150447
117,DrQ-v2,cartpole_swingup_sparse,7,2340000,807.1,5.402265021006266
118,DrQ-v2,cartpole_swingup_sparse,7,2360000,809.4,5.447746737400691
119,DrQ-v2,cartpole_swingup_sparse,7,2380000,805.3,5.493908949428135
120,DrQ-v2,cartpole_swingup_sparse,7,2400000,802.2,5.540207249058618
121,DrQ-v2,cartpole_swingup_sparse,7,2420000,797.2,5.586389285590913
122,DrQ-v2,cartpole_swingup_sparse,7,2440000,808.1,5.632830581532584
123,DrQ-v2,cartpole_swingup_sparse,7,2460000,809.0,5.679149859481389
124,DrQ-v2,cartpole_swingup_sparse,7,2480000,809.2,5.725478232767847
125,DrQ-v2,cartpole_swingup_sparse,7,2500000,806.9,5.771971427864498
126,DrQ-v2,cartpole_swingup_sparse,7,2520000,806.9,5.817342244055536
127,DrQ-v2,cartpole_swingup_sparse,7,2540000,799.1,5.863711795740658
128,DrQ-v2,cartpole_swingup_sparse,7,2560000,726.2,5.91007327609592
129,DrQ-v2,cartpole_swingup_sparse,7,2580000,810.6,5.956437938080894
130,DrQ-v2,cartpole_swingup_sparse,7,2600000,831.4,6.0019284905989965
131,DrQ-v2,cartpole_swingup_sparse,7,2620000,813.0,6.047894043789969
132,DrQ-v2,cartpole_swingup_sparse,7,2640000,833.8,6.094471349186367
133,DrQ-v2,cartpole_swingup_sparse,7,2660000,833.9,6.140637169347869
134,DrQ-v2,cartpole_swingup_sparse,7,2680000,825.3,6.187753198676639
135,DrQ-v2,cartpole_swingup_sparse,7,2700000,823.1,6.234721222056283
136,DrQ-v2,cartpole_swingup_sparse,7,2720000,830.7,6.281021676725811
137,DrQ-v2,cartpole_swingup_sparse,7,2740000,835.5,6.327737339470122
138,DrQ-v2,cartpole_swingup_sparse,7,2760000,825.8,6.374262321591378
139,DrQ-v2,cartpole_swingup_sparse,7,2780000,835.9,6.421168007718191
140,DrQ-v2,cartpole_swingup_sparse,7,2800000,837.3,6.46796193851365
141,DrQ-v2,cartpole_swingup_sparse,7,2820000,836.4,6.514640786117978
142,DrQ-v2,cartpole_swingup_sparse,7,2840000,837.7,6.561207633084722
143,DrQ-v2,cartpole_swingup_sparse,7,2860000,838.3,6.608643310136265
144,DrQ-v2,cartpole_swingup_sparse,7,2880000,835.1,6.655192609561814
145,DrQ-v2,cartpole_swingup_sparse,7,2900000,676.3,6.701698816749785
146,DrQ-v2,cartpole_swingup_sparse,7,2920000,835.2,6.748258872826894
147,DrQ-v2,cartpole_swingup_sparse,7,2940000,837.5,6.794603134393692
148,DrQ-v2,cartpole_swingup_sparse,7,2960000,837.1,6.839251695076625
149,DrQ-v2,cartpole_swingup_sparse,7,2980000,836.1,6.883926997648344
0,DrQ-v2,cartpole_swingup_sparse,8,0,0.0,2.7085012859768334e-06
1,DrQ-v2,cartpole_swingup_sparse,8,20000,0.0,0.03733820219834646
2,DrQ-v2,cartpole_swingup_sparse,8,40000,0.0,0.08241413169436984
3,DrQ-v2,cartpole_swingup_sparse,8,60000,0.0,0.12731462213728162
4,DrQ-v2,cartpole_swingup_sparse,8,80000,0.0,0.17269136746724448
5,DrQ-v2,cartpole_swingup_sparse,8,100000,0.0,0.21760387751791213
6,DrQ-v2,cartpole_swingup_sparse,8,120000,0.0,0.26247692618105145
7,DrQ-v2,cartpole_swingup_sparse,8,140000,0.0,0.3074954883257548
8,DrQ-v2,cartpole_swingup_sparse,8,160000,0.0,0.35220128807756634
9,DrQ-v2,cartpole_swingup_sparse,8,180000,0.0,0.3974741315179401
10,DrQ-v2,cartpole_swingup_sparse,8,200000,0.0,0.4421765559911728
11,DrQ-v2,cartpole_swingup_sparse,8,220000,0.0,0.48768140388859643
12,DrQ-v2,cartpole_swingup_sparse,8,240000,0.0,0.532906691564454
13,DrQ-v2,cartpole_swingup_sparse,8,260000,0.0,0.5779668517245187
14,DrQ-v2,cartpole_swingup_sparse,8,280000,0.0,0.6229339132706324
15,DrQ-v2,cartpole_swingup_sparse,8,300000,0.0,0.6684239253732893
16,DrQ-v2,cartpole_swingup_sparse,8,320000,0.0,0.7135359865427017
17,DrQ-v2,cartpole_swingup_sparse,8,340000,0.0,0.7588181037373013
18,DrQ-v2,cartpole_swingup_sparse,8,360000,0.0,0.8040386146969265
19,DrQ-v2,cartpole_swingup_sparse,8,380000,0.0,0.8491668600506252
20,DrQ-v2,cartpole_swingup_sparse,8,400000,0.0,0.8943244552612305
21,DrQ-v2,cartpole_swingup_sparse,8,420000,0.0,0.9391356400648753
22,DrQ-v2,cartpole_swingup_sparse,8,440000,0.0,0.9845005651977328
23,DrQ-v2,cartpole_swingup_sparse,8,460000,0.0,1.0296916671593983
24,DrQ-v2,cartpole_swingup_sparse,8,480000,0.0,1.0747806308666867
25,DrQ-v2,cartpole_swingup_sparse,8,500000,2.3,1.1200672035747103
26,DrQ-v2,cartpole_swingup_sparse,8,520000,7.1,1.1657121566931408
27,DrQ-v2,cartpole_swingup_sparse,8,540000,2.9,1.211273142496745
28,DrQ-v2,cartpole_swingup_sparse,8,560000,3.7,1.2563693472411896
29,DrQ-v2,cartpole_swingup_sparse,8,580000,6.1,1.3019090696838167
30,DrQ-v2,cartpole_swingup_sparse,8,600000,2.7,1.3472067187229793
31,DrQ-v2,cartpole_swingup_sparse,8,620000,4.1,1.3925563200314839
32,DrQ-v2,cartpole_swingup_sparse,8,640000,10.5,1.4379827595419354
33,DrQ-v2,cartpole_swingup_sparse,8,660000,8.7,1.4837194691763984
34,DrQ-v2,cartpole_swingup_sparse,8,680000,17.3,1.529391339553727
35,DrQ-v2,cartpole_swingup_sparse,8,700000,15.0,1.5750357719924715
36,DrQ-v2,cartpole_swingup_sparse,8,720000,23.4,1.620780783560541
37,DrQ-v2,cartpole_swingup_sparse,8,740000,25.1,1.6662811019685533
38,DrQ-v2,cartpole_swingup_sparse,8,760000,42.3,1.7117446449730132
39,DrQ-v2,cartpole_swingup_sparse,8,780000,53.3,1.75697376648585
40,DrQ-v2,cartpole_swingup_sparse,8,800000,80.5,1.802040961517228
41,DrQ-v2,cartpole_swingup_sparse,8,820000,647.3,1.847233673731486
42,DrQ-v2,cartpole_swingup_sparse,8,840000,614.4,1.8925679110156168
43,DrQ-v2,cartpole_swingup_sparse,8,860000,672.8,1.9379431313938564
44,DrQ-v2,cartpole_swingup_sparse,8,880000,618.8,1.983275043434567
45,DrQ-v2,cartpole_swingup_sparse,8,900000,760.8,2.0288693425390454
46,DrQ-v2,cartpole_swingup_sparse,8,920000,703.5,2.073953447341919
47,DrQ-v2,cartpole_swingup_sparse,8,940000,799.7,2.119228499531746
48,DrQ-v2,cartpole_swingup_sparse,8,960000,832.0,2.164088098804156
49,DrQ-v2,cartpole_swingup_sparse,8,980000,632.0,2.209342999127176
50,DrQ-v2,cartpole_swingup_sparse,8,1000000,810.2,2.2542267925209467
51,DrQ-v2,cartpole_swingup_sparse,8,1020000,801.0,2.299716185066435
52,DrQ-v2,cartpole_swingup_sparse,8,1040000,801.8,2.345055078268051
53,DrQ-v2,cartpole_swingup_sparse,8,1060000,834.9,2.3901553189754488
54,DrQ-v2,cartpole_swingup_sparse,8,1080000,827.9,2.435682026545207
55,DrQ-v2,cartpole_swingup_sparse,8,1100000,831.5,2.481006745563613
56,DrQ-v2,cartpole_swingup_sparse,8,1120000,826.8,2.5263906496100956
57,DrQ-v2,cartpole_swingup_sparse,8,1140000,828.7,2.5718326620923144
58,DrQ-v2,cartpole_swingup_sparse,8,1160000,837.4,2.6175339578257666
59,DrQ-v2,cartpole_swingup_sparse,8,1180000,833.4,2.6628699471553166
60,DrQ-v2,cartpole_swingup_sparse,8,1200000,833.4,2.7078870793183643
61,DrQ-v2,cartpole_swingup_sparse,8,1220000,835.7,2.7532414805889136
62,DrQ-v2,cartpole_swingup_sparse,8,1240000,833.6,2.798392670750618
63,DrQ-v2,cartpole_swingup_sparse,8,1260000,833.5,2.844003340601921
64,DrQ-v2,cartpole_swingup_sparse,8,1280000,830.2,2.8893389296531677
65,DrQ-v2,cartpole_swingup_sparse,8,1300000,835.4,2.9346309700939393
66,DrQ-v2,cartpole_swingup_sparse,8,1320000,817.3,2.979868011275927
67,DrQ-v2,cartpole_swingup_sparse,8,1340000,821.2,3.025149997141626
68,DrQ-v2,cartpole_swingup_sparse,8,1360000,830.7,3.0705899057785664
69,DrQ-v2,cartpole_swingup_sparse,8,1380000,836.3,3.1159349228276145
70,DrQ-v2,cartpole_swingup_sparse,8,1400000,840.6,3.1612948734230466
71,DrQ-v2,cartpole_swingup_sparse,8,1420000,839.3,3.2068397649791507
72,DrQ-v2,cartpole_swingup_sparse,8,1440000,838.3,3.2520593155092667
73,DrQ-v2,cartpole_swingup_sparse,8,1460000,839.3,3.2976189931233724
74,DrQ-v2,cartpole_swingup_sparse,8,1480000,838.4,3.3430117853482564
75,DrQ-v2,cartpole_swingup_sparse,8,1500000,837.6,3.3884183989630805
76,DrQ-v2,cartpole_swingup_sparse,8,1520000,839.0,3.4340434197584786
77,DrQ-v2,cartpole_swingup_sparse,8,1540000,840.3,3.4795395121309487
78,DrQ-v2,cartpole_swingup_sparse,8,1560000,841.8,3.524564720392227
79,DrQ-v2,cartpole_swingup_sparse,8,1580000,825.9,3.569625354409218
80,DrQ-v2,cartpole_swingup_sparse,8,1600000,788.1,3.614839517407947
81,DrQ-v2,cartpole_swingup_sparse,8,1620000,836.1,3.660111192464829
82,DrQ-v2,cartpole_swingup_sparse,8,1640000,841.7,3.705405743585692
83,DrQ-v2,cartpole_swingup_sparse,8,1660000,841.4,3.7509003096818923
84,DrQ-v2,cartpole_swingup_sparse,8,1680000,841.2,3.796262989309099
85,DrQ-v2,cartpole_swingup_sparse,8,1700000,831.7,3.8414637027846443
86,DrQ-v2,cartpole_swingup_sparse,8,1720000,779.6,3.8868290177981053
87,DrQ-v2,cartpole_swingup_sparse,8,1740000,803.7,3.9322885625892217
88,DrQ-v2,cartpole_swingup_sparse,8,1760000,808.4,3.977634596427282
89,DrQ-v2,cartpole_swingup_sparse,8,1780000,840.4,4.0223924536175195
90,DrQ-v2,cartpole_swingup_sparse,8,1800000,793.3,4.067905510266622
91,DrQ-v2,cartpole_swingup_sparse,8,1820000,747.1,4.1134376065598595
92,DrQ-v2,cartpole_swingup_sparse,8,1840000,843.9,4.1589973522557155
93,DrQ-v2,cartpole_swingup_sparse,8,1860000,841.0,4.203901581366857
94,DrQ-v2,cartpole_swingup_sparse,8,1880000,842.3,4.249305408464537
95,DrQ-v2,cartpole_swingup_sparse,8,1900000,841.6,4.294814199407895
96,DrQ-v2,cartpole_swingup_sparse,8,1920000,674.5,4.339400984115072
97,DrQ-v2,cartpole_swingup_sparse,8,1940000,845.6,4.384508301814397
98,DrQ-v2,cartpole_swingup_sparse,8,1960000,809.6,4.429582952393425
99,DrQ-v2,cartpole_swingup_sparse,8,1980000,840.2,4.47485497865412
100,DrQ-v2,cartpole_swingup_sparse,8,2000000,841.9,4.5205882453256185
101,DrQ-v2,cartpole_swingup_sparse,8,2020000,832.9,4.566235379113091
102,DrQ-v2,cartpole_swingup_sparse,8,2040000,841.8,4.611316631767485
103,DrQ-v2,cartpole_swingup_sparse,8,2060000,842.6,4.656719688706928
104,DrQ-v2,cartpole_swingup_sparse,8,2080000,845.5,4.702181183232201
105,DrQ-v2,cartpole_swingup_sparse,8,2100000,806.1,4.7476747994952735
106,DrQ-v2,cartpole_swingup_sparse,8,2120000,843.2,4.792970945371522
107,DrQ-v2,cartpole_swingup_sparse,8,2140000,842.3,4.8381499498420295
108,DrQ-v2,cartpole_swingup_sparse,8,2160000,843.3,4.883514843980471
109,DrQ-v2,cartpole_swingup_sparse,8,2180000,839.3,4.928845568233066
110,DrQ-v2,cartpole_swingup_sparse,8,2200000,841.6,4.974190776281887
111,DrQ-v2,cartpole_swingup_sparse,8,2220000,841.9,5.019703575968744
112,DrQ-v2,cartpole_swingup_sparse,8,2240000,839.8,5.064852828913266
113,DrQ-v2,cartpole_swingup_sparse,8,2260000,832.1,5.110108585887484
114,DrQ-v2,cartpole_swingup_sparse,8,2280000,820.6,5.15535787847307
115,DrQ-v2,cartpole_swingup_sparse,8,2300000,839.9,5.200566143194834
116,DrQ-v2,cartpole_swingup_sparse,8,2320000,845.7,5.245859614610672
117,DrQ-v2,cartpole_swingup_sparse,8,2340000,844.9,5.29122538805008
118,DrQ-v2,cartpole_swingup_sparse,8,2360000,844.3,5.33641113155418
119,DrQ-v2,cartpole_swingup_sparse,8,2380000,845.2,5.382035524911351
120,DrQ-v2,cartpole_swingup_sparse,8,2400000,841.4,5.427584954897562
121,DrQ-v2,cartpole_swingup_sparse,8,2420000,845.9,5.472979931897588
122,DrQ-v2,cartpole_swingup_sparse,8,2440000,847.1,5.517621007495456
123,DrQ-v2,cartpole_swingup_sparse,8,2460000,845.3,5.563058392074373
124,DrQ-v2,cartpole_swingup_sparse,8,2480000,845.2,5.608398778306113
125,DrQ-v2,cartpole_swingup_sparse,8,2500000,842.0,5.653844840261671
126,DrQ-v2,cartpole_swingup_sparse,8,2520000,763.1,5.699415404001872
127,DrQ-v2,cartpole_swingup_sparse,8,2540000,844.1,5.744717454976506
128,DrQ-v2,cartpole_swingup_sparse,8,2560000,811.5,5.790362532668644
129,DrQ-v2,cartpole_swingup_sparse,8,2580000,843.8,5.835545090370708
130,DrQ-v2,cartpole_swingup_sparse,8,2600000,844.5,5.881222632461124
131,DrQ-v2,cartpole_swingup_sparse,8,2620000,846.0,5.926485314170519
132,DrQ-v2,cartpole_swingup_sparse,8,2640000,845.6,5.972045358684328
133,DrQ-v2,cartpole_swingup_sparse,8,2660000,842.7,6.017912124461598
134,DrQ-v2,cartpole_swingup_sparse,8,2680000,845.3,6.063714475168122
135,DrQ-v2,cartpole_swingup_sparse,8,2700000,846.0,6.109426910214954
136,DrQ-v2,cartpole_swingup_sparse,8,2720000,843.5,6.154831590453783
137,DrQ-v2,cartpole_swingup_sparse,8,2740000,843.5,6.200476460854213
138,DrQ-v2,cartpole_swingup_sparse,8,2760000,846.0,6.246290534800953
139,DrQ-v2,cartpole_swingup_sparse,8,2780000,848.4,6.292010687390963
140,DrQ-v2,cartpole_swingup_sparse,8,2800000,846.4,6.3377511382102965
141,DrQ-v2,cartpole_swingup_sparse,8,2820000,844.5,6.383583180175888
142,DrQ-v2,cartpole_swingup_sparse,8,2840000,845.3,6.428974786864386
143,DrQ-v2,cartpole_swingup_sparse,8,2860000,778.3,6.4749324805869
144,DrQ-v2,cartpole_swingup_sparse,8,2880000,811.9,6.520854274829229
145,DrQ-v2,cartpole_swingup_sparse,8,2900000,844.5,6.567220573292838
146,DrQ-v2,cartpole_swingup_sparse,8,2920000,846.3,6.613385859396723
147,DrQ-v2,cartpole_swingup_sparse,8,2940000,844.4,6.659424072106679
148,DrQ-v2,cartpole_swingup_sparse,8,2960000,848.3,6.7051369785600246
149,DrQ-v2,cartpole_swingup_sparse,8,2980000,847.2,6.751203911436929
