,agent,task,seed,frame,episode_reward,hour
0,DrQ-v2,cartpole_balance_sparse,1,0,92.3,1.984172397189667e-06
1,DrQ-v2,cartpole_balance_sparse,1,20000,159.6,0.04691024170981513
2,DrQ-v2,cartpole_balance_sparse,1,40000,1000.0,0.10051916658878327
3,DrQ-v2,cartpole_balance_sparse,1,60000,1000.0,0.15457237038347457
4,DrQ-v2,cartpole_balance_sparse,1,80000,1000.0,0.20860890825589498
5,DrQ-v2,cartpole_balance_sparse,1,100000,1000.0,0.26295525014400484
6,DrQ-v2,cartpole_balance_sparse,1,120000,1000.0,0.3175467383199268
7,DrQ-v2,cartpole_balance_sparse,1,140000,1000.0,0.37185942139890454
8,DrQ-v2,cartpole_balance_sparse,1,160000,1000.0,0.42618052177959026
9,DrQ-v2,cartpole_balance_sparse,1,180000,1000.0,0.4803055100970798
10,DrQ-v2,cartpole_balance_sparse,1,200000,1000.0,0.5342547167672052
11,DrQ-v2,cartpole_balance_sparse,1,220000,1000.0,0.5885311992963155
12,DrQ-v2,cartpole_balance_sparse,1,240000,1000.0,0.6426772853400973
13,DrQ-v2,cartpole_balance_sparse,1,260000,1000.0,0.6965436067183812
14,DrQ-v2,cartpole_balance_sparse,1,280000,1000.0,0.7510329078303443
15,DrQ-v2,cartpole_balance_sparse,1,300000,1000.0,0.8055746630165312
16,DrQ-v2,cartpole_balance_sparse,1,320000,1000.0,0.8600318300724028
17,DrQ-v2,cartpole_balance_sparse,1,340000,1000.0,0.9146967024273344
18,DrQ-v2,cartpole_balance_sparse,1,360000,1000.0,0.9691730243629879
19,DrQ-v2,cartpole_balance_sparse,1,380000,1000.0,1.0231602078676225
20,DrQ-v2,cartpole_balance_sparse,1,400000,1000.0,1.0776498064067626
21,DrQ-v2,cartpole_balance_sparse,1,420000,1000.0,1.1317636737558578
22,DrQ-v2,cartpole_balance_sparse,1,440000,1000.0,1.186162643565072
23,DrQ-v2,cartpole_balance_sparse,1,460000,1000.0,1.2406640966071023
24,DrQ-v2,cartpole_balance_sparse,1,480000,1000.0,1.29494641078843
25,DrQ-v2,cartpole_balance_sparse,1,500000,1000.0,1.3490320264630848
26,DrQ-v2,cartpole_balance_sparse,1,520000,1000.0,1.4034611988729901
27,DrQ-v2,cartpole_balance_sparse,1,540000,1000.0,1.4580518639087676
28,DrQ-v2,cartpole_balance_sparse,1,560000,1000.0,1.5123209589719773
29,DrQ-v2,cartpole_balance_sparse,1,580000,1000.0,1.5669072996907765
30,DrQ-v2,cartpole_balance_sparse,1,600000,1000.0,1.621062934729788
31,DrQ-v2,cartpole_balance_sparse,1,620000,1000.0,1.6755724961890115
32,DrQ-v2,cartpole_balance_sparse,1,640000,1000.0,1.7296653781996834
33,DrQ-v2,cartpole_balance_sparse,1,660000,1000.0,1.7797809396849738
34,DrQ-v2,cartpole_balance_sparse,1,680000,1000.0,1.830710892478625
35,DrQ-v2,cartpole_balance_sparse,1,700000,1000.0,1.8887637850311068
36,DrQ-v2,cartpole_balance_sparse,1,720000,1000.0,1.9468765307797327
37,DrQ-v2,cartpole_balance_sparse,1,740000,1000.0,2.0048528597752253
38,DrQ-v2,cartpole_balance_sparse,1,760000,1000.0,2.0628379816479154
39,DrQ-v2,cartpole_balance_sparse,1,780000,1000.0,2.1210330100191963
40,DrQ-v2,cartpole_balance_sparse,1,800000,1000.0,2.179059639705552
41,DrQ-v2,cartpole_balance_sparse,1,820000,1000.0,2.2372614624765186
42,DrQ-v2,cartpole_balance_sparse,1,840000,1000.0,2.2955125487513013
43,DrQ-v2,cartpole_balance_sparse,1,860000,1000.0,2.3537646158536276
44,DrQ-v2,cartpole_balance_sparse,1,880000,1000.0,2.4120049175951217
45,DrQ-v2,cartpole_balance_sparse,1,900000,1000.0,2.4702593145767846
46,DrQ-v2,cartpole_balance_sparse,1,920000,1000.0,2.5282060020499753
47,DrQ-v2,cartpole_balance_sparse,1,940000,1000.0,2.5863467239671283
48,DrQ-v2,cartpole_balance_sparse,1,960000,1000.0,2.644639529519611
49,DrQ-v2,cartpole_balance_sparse,1,980000,1000.0,2.7029868882232244
0,DrQ-v2,cartpole_balance_sparse,2,0,33.5,1.772840817769361e-06
1,DrQ-v2,cartpole_balance_sparse,2,20000,156.8,0.04778622719976637
2,DrQ-v2,cartpole_balance_sparse,2,40000,1000.0,0.10279073741700914
3,DrQ-v2,cartpole_balance_sparse,2,60000,1000.0,0.15798131240738764
4,DrQ-v2,cartpole_balance_sparse,2,80000,1000.0,0.21324812624189587
5,DrQ-v2,cartpole_balance_sparse,2,100000,1000.0,0.2679838650756412
6,DrQ-v2,cartpole_balance_sparse,2,120000,1000.0,0.32346508191691503
7,DrQ-v2,cartpole_balance_sparse,2,140000,1000.0,0.3781409145063825
8,DrQ-v2,cartpole_balance_sparse,2,160000,1000.0,0.43309676600827113
9,DrQ-v2,cartpole_balance_sparse,2,180000,1000.0,0.48796842257181805
10,DrQ-v2,cartpole_balance_sparse,2,200000,1000.0,0.5425882059997983
11,DrQ-v2,cartpole_balance_sparse,2,220000,1000.0,0.5971565104193157
12,DrQ-v2,cartpole_balance_sparse,2,240000,1000.0,0.6519478746255238
13,DrQ-v2,cartpole_balance_sparse,2,260000,1000.0,0.7072774629460441
14,DrQ-v2,cartpole_balance_sparse,2,280000,1000.0,0.7623670743571387
15,DrQ-v2,cartpole_balance_sparse,2,300000,1000.0,0.8173831850290298
16,DrQ-v2,cartpole_balance_sparse,2,320000,1000.0,0.8721935019228193
17,DrQ-v2,cartpole_balance_sparse,2,340000,1000.0,0.9269724788930681
18,DrQ-v2,cartpole_balance_sparse,2,360000,1000.0,0.9820378494262695
19,DrQ-v2,cartpole_balance_sparse,2,380000,1000.0,1.0371583269039788
20,DrQ-v2,cartpole_balance_sparse,2,400000,1000.0,1.0922817287842435
21,DrQ-v2,cartpole_balance_sparse,2,420000,1000.0,1.147725465827518
22,DrQ-v2,cartpole_balance_sparse,2,440000,1000.0,1.203322201901012
23,DrQ-v2,cartpole_balance_sparse,2,460000,1000.0,1.258817850218879
24,DrQ-v2,cartpole_balance_sparse,2,480000,1000.0,1.3143845197227266
25,DrQ-v2,cartpole_balance_sparse,2,500000,1000.0,1.3697490741146936
26,DrQ-v2,cartpole_balance_sparse,2,520000,1000.0,1.425406125055419
27,DrQ-v2,cartpole_balance_sparse,2,540000,1000.0,1.480427060061031
28,DrQ-v2,cartpole_balance_sparse,2,560000,1000.0,1.5352461769183476
29,DrQ-v2,cartpole_balance_sparse,2,580000,1000.0,1.5902443523539438
30,DrQ-v2,cartpole_balance_sparse,2,600000,1000.0,1.645295534994867
31,DrQ-v2,cartpole_balance_sparse,2,620000,1000.0,1.7005965688493516
32,DrQ-v2,cartpole_balance_sparse,2,640000,1000.0,1.753146531979243
33,DrQ-v2,cartpole_balance_sparse,2,660000,1000.0,1.803222694264518
34,DrQ-v2,cartpole_balance_sparse,2,680000,1000.0,1.8572653631369274
35,DrQ-v2,cartpole_balance_sparse,2,700000,1000.0,1.913502716422081
36,DrQ-v2,cartpole_balance_sparse,2,720000,1000.0,1.9693724691867829
37,DrQ-v2,cartpole_balance_sparse,2,740000,1000.0,2.0246937533219653
38,DrQ-v2,cartpole_balance_sparse,2,760000,1000.0,2.0798408690426085
39,DrQ-v2,cartpole_balance_sparse,2,780000,1000.0,2.1350535553031498
40,DrQ-v2,cartpole_balance_sparse,2,800000,1000.0,2.190286330580711
41,DrQ-v2,cartpole_balance_sparse,2,820000,1000.0,2.2451797456211513
42,DrQ-v2,cartpole_balance_sparse,2,840000,1000.0,2.3002655981646645
43,DrQ-v2,cartpole_balance_sparse,2,860000,1000.0,2.3552290490600796
44,DrQ-v2,cartpole_balance_sparse,2,880000,1000.0,2.410704382194413
45,DrQ-v2,cartpole_balance_sparse,2,900000,1000.0,2.4671945581171246
46,DrQ-v2,cartpole_balance_sparse,2,920000,1000.0,2.5235956301291784
47,DrQ-v2,cartpole_balance_sparse,2,940000,1000.0,2.5802740338113574
48,DrQ-v2,cartpole_balance_sparse,2,960000,1000.0,2.636864901118808
49,DrQ-v2,cartpole_balance_sparse,2,980000,1000.0,2.6933291880289714
0,DrQ-v2,cartpole_balance_sparse,3,0,31.6,1.6855531268649445e-06
1,DrQ-v2,cartpole_balance_sparse,3,20000,235.5,0.05099092635843489
2,DrQ-v2,cartpole_balance_sparse,3,40000,1000.0,0.11156980653603872
3,DrQ-v2,cartpole_balance_sparse,3,60000,1000.0,0.1725763800409105
4,DrQ-v2,cartpole_balance_sparse,3,80000,1000.0,0.23308908257219527
5,DrQ-v2,cartpole_balance_sparse,3,100000,1000.0,0.2928930079274708
6,DrQ-v2,cartpole_balance_sparse,3,120000,1000.0,0.35244543453057614
7,DrQ-v2,cartpole_balance_sparse,3,140000,1000.0,0.41224013374911417
8,DrQ-v2,cartpole_balance_sparse,3,160000,1000.0,0.4719878077507019
9,DrQ-v2,cartpole_balance_sparse,3,180000,1000.0,0.5318940280543434
10,DrQ-v2,cartpole_balance_sparse,3,200000,1000.0,0.5921676264206568
11,DrQ-v2,cartpole_balance_sparse,3,220000,1000.0,0.652208753294415
12,DrQ-v2,cartpole_balance_sparse,3,240000,1000.0,0.7120750921964646
13,DrQ-v2,cartpole_balance_sparse,3,260000,1000.0,0.7718068217568927
14,DrQ-v2,cartpole_balance_sparse,3,280000,1000.0,0.8314394872718387
15,DrQ-v2,cartpole_balance_sparse,3,300000,1000.0,0.8906127635637919
16,DrQ-v2,cartpole_balance_sparse,3,320000,1000.0,0.9505477890703413
17,DrQ-v2,cartpole_balance_sparse,3,340000,1000.0,1.0101436737510894
18,DrQ-v2,cartpole_balance_sparse,3,360000,1000.0,1.0688508743047713
19,DrQ-v2,cartpole_balance_sparse,3,380000,1000.0,1.127823405265808
20,DrQ-v2,cartpole_balance_sparse,3,400000,1000.0,1.1864464537302652
21,DrQ-v2,cartpole_balance_sparse,3,420000,1000.0,1.246099200381173
22,DrQ-v2,cartpole_balance_sparse,3,440000,1000.0,1.3055882215499879
23,DrQ-v2,cartpole_balance_sparse,3,460000,1000.0,1.364518839120865
24,DrQ-v2,cartpole_balance_sparse,3,480000,1000.0,1.4245418659845988
25,DrQ-v2,cartpole_balance_sparse,3,500000,1000.0,1.483958994216389
26,DrQ-v2,cartpole_balance_sparse,3,520000,1000.0,1.543853739698728
27,DrQ-v2,cartpole_balance_sparse,3,540000,1000.0,1.6022630107402802
28,DrQ-v2,cartpole_balance_sparse,3,560000,1000.0,1.6614499049054252
29,DrQ-v2,cartpole_balance_sparse,3,580000,1000.0,1.7212121735016506
30,DrQ-v2,cartpole_balance_sparse,3,600000,1000.0,1.7805539430512323
31,DrQ-v2,cartpole_balance_sparse,3,620000,1000.0,1.8405093479156494
32,DrQ-v2,cartpole_balance_sparse,3,640000,1000.0,1.9001436569955614
33,DrQ-v2,cartpole_balance_sparse,3,660000,1000.0,1.959901095893648
34,DrQ-v2,cartpole_balance_sparse,3,680000,1000.0,2.019653026395374
35,DrQ-v2,cartpole_balance_sparse,3,700000,1000.0,2.080011570983463
36,DrQ-v2,cartpole_balance_sparse,3,720000,1000.0,2.139626326031155
37,DrQ-v2,cartpole_balance_sparse,3,740000,1000.0,2.1989568068583805
38,DrQ-v2,cartpole_balance_sparse,3,760000,1000.0,2.258192935784658
39,DrQ-v2,cartpole_balance_sparse,3,780000,1000.0,2.3171702606810465
40,DrQ-v2,cartpole_balance_sparse,3,800000,1000.0,2.3769447615411545
41,DrQ-v2,cartpole_balance_sparse,3,820000,1000.0,2.437028776274787
42,DrQ-v2,cartpole_balance_sparse,3,840000,1000.0,2.4968697788317997
43,DrQ-v2,cartpole_balance_sparse,3,860000,1000.0,2.5568252874745268
44,DrQ-v2,cartpole_balance_sparse,3,880000,991.9,2.617184167040719
45,DrQ-v2,cartpole_balance_sparse,3,900000,1000.0,2.6768562042050887
46,DrQ-v2,cartpole_balance_sparse,3,920000,1000.0,2.736953019499779
47,DrQ-v2,cartpole_balance_sparse,3,940000,1000.0,2.797049021787113
48,DrQ-v2,cartpole_balance_sparse,3,960000,1000.0,2.8572935422261554
49,DrQ-v2,cartpole_balance_sparse,3,980000,1000.0,2.917628520329793
0,DrQ-v2,cartpole_balance_sparse,4,0,34.4,1.8364191055297777e-06
1,DrQ-v2,cartpole_balance_sparse,4,20000,191.4,0.04726088636451297
2,DrQ-v2,cartpole_balance_sparse,4,40000,1000.0,0.10199730608198378
3,DrQ-v2,cartpole_balance_sparse,4,60000,1000.0,0.15691985256142085
4,DrQ-v2,cartpole_balance_sparse,4,80000,1000.0,0.21128481143050723
5,DrQ-v2,cartpole_balance_sparse,4,100000,1000.0,0.26545920603805123
6,DrQ-v2,cartpole_balance_sparse,4,120000,1000.0,0.3197280367215474
7,DrQ-v2,cartpole_balance_sparse,4,140000,1000.0,0.37460528234640755
8,DrQ-v2,cartpole_balance_sparse,4,160000,1000.0,0.42910769032107454
9,DrQ-v2,cartpole_balance_sparse,4,180000,1000.0,0.48384689350922905
10,DrQ-v2,cartpole_balance_sparse,4,200000,1000.0,0.5386431552304162
11,DrQ-v2,cartpole_balance_sparse,4,220000,1000.0,0.5932846189869775
12,DrQ-v2,cartpole_balance_sparse,4,240000,1000.0,0.6479417216777802
13,DrQ-v2,cartpole_balance_sparse,4,260000,1000.0,0.702114750345548
14,DrQ-v2,cartpole_balance_sparse,4,280000,1000.0,0.7567494231462478
15,DrQ-v2,cartpole_balance_sparse,4,300000,1000.0,0.8112823240624534
16,DrQ-v2,cartpole_balance_sparse,4,320000,1000.0,0.8661968566311731
17,DrQ-v2,cartpole_balance_sparse,4,340000,1000.0,0.9211204980479346
18,DrQ-v2,cartpole_balance_sparse,4,360000,1000.0,0.9758433219459322
19,DrQ-v2,cartpole_balance_sparse,4,380000,1000.0,1.0308738558159933
20,DrQ-v2,cartpole_balance_sparse,4,400000,1000.0,1.0858814663357206
21,DrQ-v2,cartpole_balance_sparse,4,420000,1000.0,1.1403258951505024
22,DrQ-v2,cartpole_balance_sparse,4,440000,1000.0,1.1950193689929114
23,DrQ-v2,cartpole_balance_sparse,4,460000,1000.0,1.249908045795229
24,DrQ-v2,cartpole_balance_sparse,4,480000,1000.0,1.3047474382983313
25,DrQ-v2,cartpole_balance_sparse,4,500000,1000.0,1.3595692265695998
26,DrQ-v2,cartpole_balance_sparse,4,520000,1000.0,1.4144314663940005
27,DrQ-v2,cartpole_balance_sparse,4,540000,1000.0,1.4692946402231852
28,DrQ-v2,cartpole_balance_sparse,4,560000,1000.0,1.5242148016558754
29,DrQ-v2,cartpole_balance_sparse,4,580000,1000.0,1.5789496350950665
30,DrQ-v2,cartpole_balance_sparse,4,600000,1000.0,1.6336598925458061
31,DrQ-v2,cartpole_balance_sparse,4,620000,1000.0,1.688659063047833
32,DrQ-v2,cartpole_balance_sparse,4,640000,1000.0,1.7419159800476498
33,DrQ-v2,cartpole_balance_sparse,4,660000,1000.0,1.7922844684123993
34,DrQ-v2,cartpole_balance_sparse,4,680000,1000.0,1.846027027964592
35,DrQ-v2,cartpole_balance_sparse,4,700000,1000.0,1.9027337879604764
36,DrQ-v2,cartpole_balance_sparse,4,720000,1000.0,1.958838221165869
37,DrQ-v2,cartpole_balance_sparse,4,740000,1000.0,2.0138211264212926
38,DrQ-v2,cartpole_balance_sparse,4,760000,1000.0,2.068725943830278
39,DrQ-v2,cartpole_balance_sparse,4,780000,1000.0,2.1235543019241754
40,DrQ-v2,cartpole_balance_sparse,4,800000,1000.0,2.1787665063142776
41,DrQ-v2,cartpole_balance_sparse,4,820000,997.0,2.2338641504446666
42,DrQ-v2,cartpole_balance_sparse,4,840000,1000.0,2.288859416445096
43,DrQ-v2,cartpole_balance_sparse,4,860000,1000.0,2.34357474995984
44,DrQ-v2,cartpole_balance_sparse,4,880000,1000.0,2.3985797862874136
45,DrQ-v2,cartpole_balance_sparse,4,900000,1000.0,2.4546941500902175
46,DrQ-v2,cartpole_balance_sparse,4,920000,1000.0,2.5109467755423656
47,DrQ-v2,cartpole_balance_sparse,4,940000,1000.0,2.5672812970479333
48,DrQ-v2,cartpole_balance_sparse,4,960000,1000.0,2.623580011592971
49,DrQ-v2,cartpole_balance_sparse,4,980000,1000.0,2.6799363434977
0,DrQ-v2,cartpole_balance_sparse,5,0,82.2,1.674162016974528e-06
1,DrQ-v2,cartpole_balance_sparse,5,20000,305.8,0.051287166476249695
2,DrQ-v2,cartpole_balance_sparse,5,40000,1000.0,0.11162511732843187
3,DrQ-v2,cartpole_balance_sparse,5,60000,1000.0,0.17200855122672187
4,DrQ-v2,cartpole_balance_sparse,5,80000,1000.0,0.23199426531791686
5,DrQ-v2,cartpole_balance_sparse,5,100000,1000.0,0.29265351984235977
6,DrQ-v2,cartpole_balance_sparse,5,120000,1000.0,0.3525852926572164
7,DrQ-v2,cartpole_balance_sparse,5,140000,1000.0,0.4129295106728872
8,DrQ-v2,cartpole_balance_sparse,5,160000,1000.0,0.4728815469476912
9,DrQ-v2,cartpole_balance_sparse,5,180000,1000.0,0.533140783574846
10,DrQ-v2,cartpole_balance_sparse,5,200000,1000.0,0.5935365166929033
11,DrQ-v2,cartpole_balance_sparse,5,220000,1000.0,0.6536792985598247
12,DrQ-v2,cartpole_balance_sparse,5,240000,1000.0,0.7135782624615563
13,DrQ-v2,cartpole_balance_sparse,5,260000,1000.0,0.7741603755950928
14,DrQ-v2,cartpole_balance_sparse,5,280000,1000.0,0.8337473567326864
15,DrQ-v2,cartpole_balance_sparse,5,300000,1000.0,0.893468074798584
16,DrQ-v2,cartpole_balance_sparse,5,320000,1000.0,0.953313004175822
17,DrQ-v2,cartpole_balance_sparse,5,340000,1000.0,1.0135373670525023
18,DrQ-v2,cartpole_balance_sparse,5,360000,1000.0,1.0733158254623414
19,DrQ-v2,cartpole_balance_sparse,5,380000,1000.0,1.132493051820331
20,DrQ-v2,cartpole_balance_sparse,5,400000,1000.0,1.1926850542094973
21,DrQ-v2,cartpole_balance_sparse,5,420000,1000.0,1.2527836098273595
22,DrQ-v2,cartpole_balance_sparse,5,440000,1000.0,1.312509030898412
23,DrQ-v2,cartpole_balance_sparse,5,460000,1000.0,1.3735196302334467
24,DrQ-v2,cartpole_balance_sparse,5,480000,1000.0,1.4330315976672703
25,DrQ-v2,cartpole_balance_sparse,5,500000,1000.0,1.4926625855101479
26,DrQ-v2,cartpole_balance_sparse,5,520000,1000.0,1.55294512477186
27,DrQ-v2,cartpole_balance_sparse,5,540000,1000.0,1.613100720445315
28,DrQ-v2,cartpole_balance_sparse,5,560000,1000.0,1.6732392135593626
29,DrQ-v2,cartpole_balance_sparse,5,580000,1000.0,1.7332054369979435
30,DrQ-v2,cartpole_balance_sparse,5,600000,1000.0,1.7933494973844952
31,DrQ-v2,cartpole_balance_sparse,5,620000,1000.0,1.8534717545906703
32,DrQ-v2,cartpole_balance_sparse,5,640000,1000.0,1.914334210753441
33,DrQ-v2,cartpole_balance_sparse,5,660000,1000.0,1.9740967304176755
34,DrQ-v2,cartpole_balance_sparse,5,680000,1000.0,2.033885432746675
35,DrQ-v2,cartpole_balance_sparse,5,700000,1000.0,2.09413097275628
36,DrQ-v2,cartpole_balance_sparse,5,720000,1000.0,2.154280974202686
37,DrQ-v2,cartpole_balance_sparse,5,740000,1000.0,2.214547036687533
38,DrQ-v2,cartpole_balance_sparse,5,760000,1000.0,2.2739301415284476
39,DrQ-v2,cartpole_balance_sparse,5,780000,1000.0,2.333756527437104
40,DrQ-v2,cartpole_balance_sparse,5,800000,1000.0,2.3936586899227565
41,DrQ-v2,cartpole_balance_sparse,5,820000,1000.0,2.454102256099383
42,DrQ-v2,cartpole_balance_sparse,5,840000,1000.0,2.514880679117309
43,DrQ-v2,cartpole_balance_sparse,5,860000,1000.0,2.5742654371923868
44,DrQ-v2,cartpole_balance_sparse,5,880000,1000.0,2.6345775057872136
45,DrQ-v2,cartpole_balance_sparse,5,900000,1000.0,2.6948118256860307
46,DrQ-v2,cartpole_balance_sparse,5,920000,1000.0,2.7550116775433224
47,DrQ-v2,cartpole_balance_sparse,5,940000,1000.0,2.815211767554283
48,DrQ-v2,cartpole_balance_sparse,5,960000,1000.0,2.875462056464619
49,DrQ-v2,cartpole_balance_sparse,5,980000,1000.0,2.934534000489447
0,DrQ-v2,cartpole_balance_sparse,6,0,79.4,1.657605171203611e-06
1,DrQ-v2,cartpole_balance_sparse,6,20000,1000.0,0.04932161960336897
2,DrQ-v2,cartpole_balance_sparse,6,40000,1000.0,0.1062016424867842
3,DrQ-v2,cartpole_balance_sparse,6,60000,1000.0,0.16344403333134122
4,DrQ-v2,cartpole_balance_sparse,6,80000,1000.0,0.22100586725605859
5,DrQ-v2,cartpole_balance_sparse,6,100000,1000.0,0.27800582428773246
6,DrQ-v2,cartpole_balance_sparse,6,120000,1000.0,0.3353310223420461
7,DrQ-v2,cartpole_balance_sparse,6,140000,1000.0,0.39294745796256597
8,DrQ-v2,cartpole_balance_sparse,6,160000,1000.0,0.45088668439123364
9,DrQ-v2,cartpole_balance_sparse,6,180000,1000.0,0.5089540889528062
10,DrQ-v2,cartpole_balance_sparse,6,200000,1000.0,0.5668259506755404
11,DrQ-v2,cartpole_balance_sparse,6,220000,1000.0,0.6249347074164284
12,DrQ-v2,cartpole_balance_sparse,6,240000,962.5,0.6831361136833827
13,DrQ-v2,cartpole_balance_sparse,6,260000,1000.0,0.7407220890124638
14,DrQ-v2,cartpole_balance_sparse,6,280000,995.8,0.7986962674061457
15,DrQ-v2,cartpole_balance_sparse,6,300000,1000.0,0.8566833729214138
16,DrQ-v2,cartpole_balance_sparse,6,320000,1000.0,0.9149451975689994
17,DrQ-v2,cartpole_balance_sparse,6,340000,1000.0,0.973367250892851
18,DrQ-v2,cartpole_balance_sparse,6,360000,1000.0,1.030787083639039
19,DrQ-v2,cartpole_balance_sparse,6,380000,1000.0,1.0892668971750472
20,DrQ-v2,cartpole_balance_sparse,6,400000,1000.0,1.1478110145197975
21,DrQ-v2,cartpole_balance_sparse,6,420000,1000.0,1.2062044522497388
22,DrQ-v2,cartpole_balance_sparse,6,440000,1000.0,1.264321669406361
23,DrQ-v2,cartpole_balance_sparse,6,460000,1000.0,1.3226842271619372
24,DrQ-v2,cartpole_balance_sparse,6,480000,1000.0,1.3806967859135735
25,DrQ-v2,cartpole_balance_sparse,6,500000,1000.0,1.4387504957781898
26,DrQ-v2,cartpole_balance_sparse,6,520000,1000.0,1.4969038707680173
27,DrQ-v2,cartpole_balance_sparse,6,540000,1000.0,1.5553165054983562
28,DrQ-v2,cartpole_balance_sparse,6,560000,1000.0,1.6132442332638635
29,DrQ-v2,cartpole_balance_sparse,6,580000,1000.0,1.6714551415046055
30,DrQ-v2,cartpole_balance_sparse,6,600000,1000.0,1.7293607071373198
31,DrQ-v2,cartpole_balance_sparse,6,620000,1000.0,1.7875959346029493
32,DrQ-v2,cartpole_balance_sparse,6,640000,1000.0,1.8455563139253193
33,DrQ-v2,cartpole_balance_sparse,6,660000,1000.0,1.903673197163476
34,DrQ-v2,cartpole_balance_sparse,6,680000,1000.0,1.9612432924244139
35,DrQ-v2,cartpole_balance_sparse,6,700000,1000.0,2.0191760716173386
36,DrQ-v2,cartpole_balance_sparse,6,720000,1000.0,2.0771363570955064
37,DrQ-v2,cartpole_balance_sparse,6,740000,1000.0,2.1345467723078198
38,DrQ-v2,cartpole_balance_sparse,6,760000,1000.0,2.192598694562912
39,DrQ-v2,cartpole_balance_sparse,6,780000,1000.0,2.250662118262715
40,DrQ-v2,cartpole_balance_sparse,6,800000,1000.0,2.3086449405882092
41,DrQ-v2,cartpole_balance_sparse,6,820000,1000.0,2.3667806136608123
42,DrQ-v2,cartpole_balance_sparse,6,840000,1000.0,2.42485586365064
43,DrQ-v2,cartpole_balance_sparse,6,860000,1000.0,2.482962245543798
44,DrQ-v2,cartpole_balance_sparse,6,880000,1000.0,2.54116322113408
45,DrQ-v2,cartpole_balance_sparse,6,900000,1000.0,2.5989969284666907
46,DrQ-v2,cartpole_balance_sparse,6,920000,1000.0,2.6568782558043798
47,DrQ-v2,cartpole_balance_sparse,6,940000,1000.0,2.7147205236885283
48,DrQ-v2,cartpole_balance_sparse,6,960000,1000.0,2.7725456119908225
49,DrQ-v2,cartpole_balance_sparse,6,980000,1000.0,2.8310185117854014
0,DrQ-v2,cartpole_balance_sparse,7,0,38.2,4.245837529500306e-06
1,DrQ-v2,cartpole_balance_sparse,7,20000,211.9,0.057455002003245895
2,DrQ-v2,cartpole_balance_sparse,7,40000,1000.0,0.12211244298352135
3,DrQ-v2,cartpole_balance_sparse,7,60000,1000.0,0.18620992104212444
4,DrQ-v2,cartpole_balance_sparse,7,80000,1000.0,0.25025965723726484
5,DrQ-v2,cartpole_balance_sparse,7,100000,1000.0,0.3140304227670034
6,DrQ-v2,cartpole_balance_sparse,7,120000,1000.0,0.3782346578439077
7,DrQ-v2,cartpole_balance_sparse,7,140000,1000.0,0.4419201800558302
8,DrQ-v2,cartpole_balance_sparse,7,160000,1000.0,0.5066209306319556
9,DrQ-v2,cartpole_balance_sparse,7,180000,1000.0,0.5707720789644454
10,DrQ-v2,cartpole_balance_sparse,7,200000,1000.0,0.6351346065600713
11,DrQ-v2,cartpole_balance_sparse,7,220000,1000.0,0.6991052975257238
12,DrQ-v2,cartpole_balance_sparse,7,240000,1000.0,0.7636777000957066
13,DrQ-v2,cartpole_balance_sparse,7,260000,1000.0,0.8279752994908227
14,DrQ-v2,cartpole_balance_sparse,7,280000,1000.0,0.8918703189823363
15,DrQ-v2,cartpole_balance_sparse,7,300000,1000.0,0.955067498948839
16,DrQ-v2,cartpole_balance_sparse,7,320000,1000.0,1.019174066649543
17,DrQ-v2,cartpole_balance_sparse,7,340000,1000.0,1.0835514011647966
18,DrQ-v2,cartpole_balance_sparse,7,360000,1000.0,1.1475351685285569
19,DrQ-v2,cartpole_balance_sparse,7,380000,1000.0,1.2117530632681317
20,DrQ-v2,cartpole_balance_sparse,7,400000,1000.0,1.2754802090591855
21,DrQ-v2,cartpole_balance_sparse,7,420000,1000.0,1.3392930948072013
22,DrQ-v2,cartpole_balance_sparse,7,440000,1000.0,1.402876647512118
23,DrQ-v2,cartpole_balance_sparse,7,460000,1000.0,1.466568912598822
24,DrQ-v2,cartpole_balance_sparse,7,480000,1000.0,1.5302901777293947
25,DrQ-v2,cartpole_balance_sparse,7,500000,1000.0,1.5933321299155554
26,DrQ-v2,cartpole_balance_sparse,7,520000,1000.0,1.657491117252244
27,DrQ-v2,cartpole_balance_sparse,7,540000,1000.0,1.7204235246446398
28,DrQ-v2,cartpole_balance_sparse,7,560000,990.0,1.7839206782314512
29,DrQ-v2,cartpole_balance_sparse,7,580000,1000.0,1.847842105295923
30,DrQ-v2,cartpole_balance_sparse,7,600000,1000.0,1.9116887240277396
31,DrQ-v2,cartpole_balance_sparse,7,620000,1000.0,1.9751564080847634
32,DrQ-v2,cartpole_balance_sparse,7,640000,1000.0,2.0387401601341035
33,DrQ-v2,cartpole_balance_sparse,7,660000,1000.0,2.1023378345039156
34,DrQ-v2,cartpole_balance_sparse,7,680000,1000.0,2.165994768804974
35,DrQ-v2,cartpole_balance_sparse,7,700000,1000.0,2.229827837944031
36,DrQ-v2,cartpole_balance_sparse,7,720000,1000.0,2.293739574485355
37,DrQ-v2,cartpole_balance_sparse,7,740000,1000.0,2.357723449733522
38,DrQ-v2,cartpole_balance_sparse,7,760000,1000.0,2.4217037220795947
39,DrQ-v2,cartpole_balance_sparse,7,780000,1000.0,2.4858242003122966
40,DrQ-v2,cartpole_balance_sparse,7,800000,1000.0,2.549833068781429
41,DrQ-v2,cartpole_balance_sparse,7,820000,1000.0,2.6139703920814723
42,DrQ-v2,cartpole_balance_sparse,7,840000,1000.0,2.6784347189135023
43,DrQ-v2,cartpole_balance_sparse,7,860000,1000.0,2.7433278167247774
44,DrQ-v2,cartpole_balance_sparse,7,880000,1000.0,2.807517022093137
45,DrQ-v2,cartpole_balance_sparse,7,900000,1000.0,2.8768280900849232
46,DrQ-v2,cartpole_balance_sparse,7,920000,1000.0,2.9608529939916397
47,DrQ-v2,cartpole_balance_sparse,7,940000,1000.0,3.042360172934002
48,DrQ-v2,cartpole_balance_sparse,7,960000,1000.0,3.1189283401436274
49,DrQ-v2,cartpole_balance_sparse,7,980000,623.0,3.1974395988384883
0,DrQ-v2,cartpole_balance_sparse,8,0,48.9,1.66879759894475e-06
1,DrQ-v2,cartpole_balance_sparse,8,20000,1000.0,0.05209270775318146
2,DrQ-v2,cartpole_balance_sparse,8,40000,1000.0,0.11182716449101766
3,DrQ-v2,cartpole_balance_sparse,8,60000,1000.0,0.17193780607647366
4,DrQ-v2,cartpole_balance_sparse,8,80000,1000.0,0.2312852312458886
5,DrQ-v2,cartpole_balance_sparse,8,100000,1000.0,0.29164266652531096
6,DrQ-v2,cartpole_balance_sparse,8,120000,1000.0,0.3515212916003333
7,DrQ-v2,cartpole_balance_sparse,8,140000,1000.0,0.4114539194107056
8,DrQ-v2,cartpole_balance_sparse,8,160000,1000.0,0.4720476679007212
9,DrQ-v2,cartpole_balance_sparse,8,180000,1000.0,0.532439473470052
10,DrQ-v2,cartpole_balance_sparse,8,200000,1000.0,0.5920101349221335
11,DrQ-v2,cartpole_balance_sparse,8,220000,1000.0,0.6511516074339547
12,DrQ-v2,cartpole_balance_sparse,8,240000,1000.0,0.710652343498336
13,DrQ-v2,cartpole_balance_sparse,8,260000,1000.0,0.7704761785268783
14,DrQ-v2,cartpole_balance_sparse,8,280000,1000.0,0.8309933323992623
15,DrQ-v2,cartpole_balance_sparse,8,300000,1000.0,0.8914490050739712
16,DrQ-v2,cartpole_balance_sparse,8,320000,1000.0,0.9523527024851905
17,DrQ-v2,cartpole_balance_sparse,8,340000,1000.0,1.0128117894464068
18,DrQ-v2,cartpole_balance_sparse,8,360000,1000.0,1.0726323760880365
19,DrQ-v2,cartpole_balance_sparse,8,380000,1000.0,1.1322815403673383
20,DrQ-v2,cartpole_balance_sparse,8,400000,1000.0,1.1935098390446768
21,DrQ-v2,cartpole_balance_sparse,8,420000,1000.0,1.253636628323131
22,DrQ-v2,cartpole_balance_sparse,8,440000,467.0,1.3142089428504309
23,DrQ-v2,cartpole_balance_sparse,8,460000,1000.0,1.3747365523709192
24,DrQ-v2,cartpole_balance_sparse,8,480000,1000.0,1.434646692607138
25,DrQ-v2,cartpole_balance_sparse,8,500000,1000.0,1.4945810180902481
26,DrQ-v2,cartpole_balance_sparse,8,520000,1000.0,1.5544406639867359
27,DrQ-v2,cartpole_balance_sparse,8,540000,1000.0,1.6135856648948457
28,DrQ-v2,cartpole_balance_sparse,8,560000,1000.0,1.673535006708569
29,DrQ-v2,cartpole_balance_sparse,8,580000,1000.0,1.7332520128620996
30,DrQ-v2,cartpole_balance_sparse,8,600000,1000.0,1.79339725792408
31,DrQ-v2,cartpole_balance_sparse,8,620000,1000.0,1.8531586858961318
32,DrQ-v2,cartpole_balance_sparse,8,640000,1000.0,1.9129969910780589
33,DrQ-v2,cartpole_balance_sparse,8,660000,1000.0,1.9728939117325677
34,DrQ-v2,cartpole_balance_sparse,8,680000,1000.0,2.033024156755871
35,DrQ-v2,cartpole_balance_sparse,8,700000,1000.0,2.0921804058551787
36,DrQ-v2,cartpole_balance_sparse,8,720000,1000.0,2.1514852819840113
37,DrQ-v2,cartpole_balance_sparse,8,740000,1000.0,2.211276410420736
38,DrQ-v2,cartpole_balance_sparse,8,760000,1000.0,2.2712622668345768
39,DrQ-v2,cartpole_balance_sparse,8,780000,1000.0,2.330976212289598
40,DrQ-v2,cartpole_balance_sparse,8,800000,1000.0,2.3907622198263803
41,DrQ-v2,cartpole_balance_sparse,8,820000,1000.0,2.4503172283040153
42,DrQ-v2,cartpole_balance_sparse,8,840000,1000.0,2.5102519488996933
43,DrQ-v2,cartpole_balance_sparse,8,860000,1000.0,2.5695183051957025
44,DrQ-v2,cartpole_balance_sparse,8,880000,1000.0,2.628977801336182
45,DrQ-v2,cartpole_balance_sparse,8,900000,1000.0,2.6882451526323954
46,DrQ-v2,cartpole_balance_sparse,8,920000,1000.0,2.747744322021802
47,DrQ-v2,cartpole_balance_sparse,8,940000,1000.0,2.8068370054827803
48,DrQ-v2,cartpole_balance_sparse,8,960000,1000.0,2.866750568813748
49,DrQ-v2,cartpole_balance_sparse,8,980000,1000.0,2.9260834538274345
0,DrQ-v2,cartpole_balance_sparse,9,0,31.2,1.6304519441392502e-06
1,DrQ-v2,cartpole_balance_sparse,9,20000,171.1,0.05294735093911489
2,DrQ-v2,cartpole_balance_sparse,9,40000,1000.0,0.11187576863500807
3,DrQ-v2,cartpole_balance_sparse,9,60000,1000.0,0.17012840151786804
4,DrQ-v2,cartpole_balance_sparse,9,80000,1000.0,0.22953850898477765
5,DrQ-v2,cartpole_balance_sparse,9,100000,1000.0,0.2894245511293411
6,DrQ-v2,cartpole_balance_sparse,9,120000,1000.0,0.3486857065227297
7,DrQ-v2,cartpole_balance_sparse,9,140000,1000.0,0.40860003862116073
8,DrQ-v2,cartpole_balance_sparse,9,160000,1000.0,0.4687672253449758
9,DrQ-v2,cartpole_balance_sparse,9,180000,1000.0,0.5283003710375892
10,DrQ-v2,cartpole_balance_sparse,9,200000,1000.0,0.587447020875083
11,DrQ-v2,cartpole_balance_sparse,9,220000,1000.0,0.6470323397053612
12,DrQ-v2,cartpole_balance_sparse,9,240000,1000.0,0.7063044112258487
13,DrQ-v2,cartpole_balance_sparse,9,260000,1000.0,0.7665951963265737
14,DrQ-v2,cartpole_balance_sparse,9,280000,1000.0,0.8268305234114329
15,DrQ-v2,cartpole_balance_sparse,9,300000,1000.0,0.8872591822677188
16,DrQ-v2,cartpole_balance_sparse,9,320000,1000.0,0.9476908294359843
17,DrQ-v2,cartpole_balance_sparse,9,340000,1000.0,1.00721694846948
18,DrQ-v2,cartpole_balance_sparse,9,360000,1000.0,1.0672385734981962
19,DrQ-v2,cartpole_balance_sparse,9,380000,1000.0,1.1274040583107203
20,DrQ-v2,cartpole_balance_sparse,9,400000,1000.0,1.1874536468585333
21,DrQ-v2,cartpole_balance_sparse,9,420000,1000.0,1.2478244519895978
22,DrQ-v2,cartpole_balance_sparse,9,440000,1000.0,1.307347348663542
23,DrQ-v2,cartpole_balance_sparse,9,460000,1000.0,1.3674107519785563
24,DrQ-v2,cartpole_balance_sparse,9,480000,1000.0,1.426767672167884
25,DrQ-v2,cartpole_balance_sparse,9,500000,1000.0,1.4874022127522362
26,DrQ-v2,cartpole_balance_sparse,9,520000,1000.0,1.5478126153681013
27,DrQ-v2,cartpole_balance_sparse,9,540000,1000.0,1.6071253626876407
28,DrQ-v2,cartpole_balance_sparse,9,560000,1000.0,1.667454643978013
29,DrQ-v2,cartpole_balance_sparse,9,580000,1000.0,1.7270749135812125
30,DrQ-v2,cartpole_balance_sparse,9,600000,1000.0,1.7868052397171656
31,DrQ-v2,cartpole_balance_sparse,9,620000,1000.0,1.8464135077264574
32,DrQ-v2,cartpole_balance_sparse,9,640000,1000.0,1.9071172512902155
33,DrQ-v2,cartpole_balance_sparse,9,660000,1000.0,1.96649545762274
34,DrQ-v2,cartpole_balance_sparse,9,680000,1000.0,2.026144082347552
35,DrQ-v2,cartpole_balance_sparse,9,700000,1000.0,2.085978746480412
36,DrQ-v2,cartpole_balance_sparse,9,720000,1000.0,2.1449037341276807
37,DrQ-v2,cartpole_balance_sparse,9,740000,1000.0,2.2040467523203957
38,DrQ-v2,cartpole_balance_sparse,9,760000,1000.0,2.262206130027771
39,DrQ-v2,cartpole_balance_sparse,9,780000,1000.0,2.3218329184585147
40,DrQ-v2,cartpole_balance_sparse,9,800000,1000.0,2.3811806273460387
41,DrQ-v2,cartpole_balance_sparse,9,820000,1000.0,2.4410432974497476
42,DrQ-v2,cartpole_balance_sparse,9,840000,1000.0,2.5008992988533443
43,DrQ-v2,cartpole_balance_sparse,9,860000,1000.0,2.560381887488895
44,DrQ-v2,cartpole_balance_sparse,9,880000,1000.0,2.6203398693932427
45,DrQ-v2,cartpole_balance_sparse,9,900000,1000.0,2.679363919960128
46,DrQ-v2,cartpole_balance_sparse,9,920000,1000.0,2.7388001022736232
47,DrQ-v2,cartpole_balance_sparse,9,940000,1000.0,2.798078186578221
48,DrQ-v2,cartpole_balance_sparse,9,960000,1000.0,2.857375933792856
49,DrQ-v2,cartpole_balance_sparse,9,980000,1000.0,2.9166828629043366
0,DrQ-v2,cartpole_balance_sparse,10,0,49.5,1.6523732079399723e-06
1,DrQ-v2,cartpole_balance_sparse,10,20000,601.9,0.048065263430277505
2,DrQ-v2,cartpole_balance_sparse,10,40000,1000.0,0.1043169320291943
3,DrQ-v2,cartpole_balance_sparse,10,60000,846.1,0.1601967602305942
4,DrQ-v2,cartpole_balance_sparse,10,80000,1000.0,0.21653515994548797
5,DrQ-v2,cartpole_balance_sparse,10,100000,1000.0,0.2723914591471355
6,DrQ-v2,cartpole_balance_sparse,10,120000,1000.0,0.32840494718816543
7,DrQ-v2,cartpole_balance_sparse,10,140000,1000.0,0.38396055453353456
8,DrQ-v2,cartpole_balance_sparse,10,160000,1000.0,0.44003468838002946
9,DrQ-v2,cartpole_balance_sparse,10,180000,948.5,0.49563765095339873
10,DrQ-v2,cartpole_balance_sparse,10,200000,1000.0,0.5514919456508425
11,DrQ-v2,cartpole_balance_sparse,10,220000,1000.0,0.6084026018778483
12,DrQ-v2,cartpole_balance_sparse,10,240000,1000.0,0.664572831524743
13,DrQ-v2,cartpole_balance_sparse,10,260000,1000.0,0.7200862336158752
14,DrQ-v2,cartpole_balance_sparse,10,280000,1000.0,0.775875061750412
15,DrQ-v2,cartpole_balance_sparse,10,300000,1000.0,0.8320050708452861
16,DrQ-v2,cartpole_balance_sparse,10,320000,1000.0,0.8869987856017219
17,DrQ-v2,cartpole_balance_sparse,10,340000,1000.0,0.943000381257799
18,DrQ-v2,cartpole_balance_sparse,10,360000,1000.0,0.9988352986176808
19,DrQ-v2,cartpole_balance_sparse,10,380000,1000.0,1.0543218539158503
20,DrQ-v2,cartpole_balance_sparse,10,400000,1000.0,1.1106248224443858
21,DrQ-v2,cartpole_balance_sparse,10,420000,1000.0,1.1661975118186738
22,DrQ-v2,cartpole_balance_sparse,10,440000,1000.0,1.222008379234208
23,DrQ-v2,cartpole_balance_sparse,10,460000,1000.0,1.2770822656154632
24,DrQ-v2,cartpole_balance_sparse,10,480000,1000.0,1.3328434173266093
25,DrQ-v2,cartpole_balance_sparse,10,500000,1000.0,1.3891741056574716
26,DrQ-v2,cartpole_balance_sparse,10,520000,1000.0,1.444653249250518
27,DrQ-v2,cartpole_balance_sparse,10,540000,1000.0,1.5008489202790791
28,DrQ-v2,cartpole_balance_sparse,10,560000,1000.0,1.5569229598177803
29,DrQ-v2,cartpole_balance_sparse,10,580000,1000.0,1.613444388045205
30,DrQ-v2,cartpole_balance_sparse,10,600000,1000.0,1.6698797667688794
31,DrQ-v2,cartpole_balance_sparse,10,620000,1000.0,1.726187399427096
32,DrQ-v2,cartpole_balance_sparse,10,640000,1000.0,1.7822542683945761
33,DrQ-v2,cartpole_balance_sparse,10,660000,1000.0,1.838541633884112
34,DrQ-v2,cartpole_balance_sparse,10,680000,1000.0,1.8949208315875796
35,DrQ-v2,cartpole_balance_sparse,10,700000,1000.0,1.9504771626657913
36,DrQ-v2,cartpole_balance_sparse,10,720000,1000.0,2.0068050061331855
37,DrQ-v2,cartpole_balance_sparse,10,740000,1000.0,2.0629898104402753
38,DrQ-v2,cartpole_balance_sparse,10,760000,1000.0,2.1187568558586967
39,DrQ-v2,cartpole_balance_sparse,10,780000,1000.0,2.174937443666988
40,DrQ-v2,cartpole_balance_sparse,10,800000,1000.0,2.2310105978780324
41,DrQ-v2,cartpole_balance_sparse,10,820000,1000.0,2.287123419907358
42,DrQ-v2,cartpole_balance_sparse,10,840000,1000.0,2.33817499352826
43,DrQ-v2,cartpole_balance_sparse,10,860000,1000.0,2.3849768469731014
44,DrQ-v2,cartpole_balance_sparse,10,880000,1000.0,2.4325244565142525
45,DrQ-v2,cartpole_balance_sparse,10,900000,1000.0,2.4805438652965757
46,DrQ-v2,cartpole_balance_sparse,10,920000,1000.0,2.527992906504207
47,DrQ-v2,cartpole_balance_sparse,10,940000,1000.0,2.575352244642046
48,DrQ-v2,cartpole_balance_sparse,10,960000,1000.0,2.6234969019889833
49,DrQ-v2,cartpole_balance_sparse,10,980000,1000.0,2.671169591214922
